{
"type": "FeatureCollection",
"name": "Bangunan",
"crs": { "type": "name", "properties": { "name": "urn:ogc:def:crs:OGC:1.3:CRS84" } },
"features": [
{ "type": "Feature", "properties": { "full_id": "w639237196", "osm_id": "639237196", "osm_type": "way", "building": "yes", "name": null, "amenity": null, "brand": null, "wheelchair": null }, "geometry": { "type": "MultiPolygon", "coordinates": [ [ [ [ 110.3852514, -7.2365841 ], [ 110.3851657, -7.2366238 ], [ 110.3852162, -7.236731 ], [ 110.3853019, -7.2366913 ], [ 110.3852514, -7.2365841 ] ] ] ] } },
{ "type": "Feature", "properties": { "full_id": "w639237197", "osm_id": "639237197", "osm_type": "way", "building": "yes", "name": null, "amenity": null, "brand": null, "wheelchair": null }, "geometry": { "type": "MultiPolygon", "coordinates": [ [ [ [ 110.385599743040046, -7.237016548257449 ], [ 110.3855747, -7.2370412 ], [ 110.3854471, -7.2369137 ], [ 110.3854983, -7.2368633 ], [ 110.385620662526051, -7.236985566630661 ], [ 110.385599743040046, -7.237016548257449 ] ] ] ] } },
{ "type": "Feature", "properties": { "full_id": "w639237198", "osm_id": "639237198", "osm_type": "way", "building": "yes", "name": null, "amenity": null, "brand": null, "wheelchair": null }, "geometry": { "type": "MultiPolygon", "coordinates": [ [ [ [ 110.385796, -7.2368814 ], [ 110.3857447, -7.2369356 ], [ 110.3858416, -7.2370258 ], [ 110.3858929, -7.2369715 ], [ 110.385796, -7.2368814 ] ] ] ] } },
{ "type": "Feature", "properties": { "full_id": "w639253889", "osm_id": "639253889", "osm_type": "way", "building": "yes", "name": null, "amenity": null, "brand": null, "wheelchair": null }, "geometry": { "type": "MultiPolygon", "coordinates": [ [ [ [ 110.3817787, -7.2350117 ], [ 110.3818183, -7.2350792 ], [ 110.3819122, -7.235025 ], [ 110.3818737, -7.2349594 ], [ 110.3817787, -7.2350117 ] ] ] ] } },
{ "type": "Feature", "properties": { "full_id": "w639253890", "osm_id": "639253890", "osm_type": "way", "building": "yes", "name": null, "amenity": null, "brand": null, "wheelchair": null }, "geometry": { "type": "MultiPolygon", "coordinates": [ [ [ [ 110.3817135, -7.2351873 ], [ 110.381745, -7.2352893 ], [ 110.3818628, -7.2352534 ], [ 110.3818312, -7.2351514 ], [ 110.3817135, -7.2351873 ] ] ] ] } },
{ "type": "Feature", "properties": { "full_id": "w639253891", "osm_id": "639253891", "osm_type": "way", "building": "yes", "name": null, "amenity": null, "brand": null, "wheelchair": null }, "geometry": { "type": "MultiPolygon", "coordinates": [ [ [ [ 110.3818791, -7.2352318 ], [ 110.3819038, -7.2353062 ], [ 110.381985, -7.2352797 ], [ 110.3819603, -7.2352053 ], [ 110.3818791, -7.2352318 ] ] ] ] } },
{ "type": "Feature", "properties": { "full_id": "w639253892", "osm_id": "639253892", "osm_type": "way", "building": "yes", "name": null, "amenity": null, "brand": null, "wheelchair": null }, "geometry": { "type": "MultiPolygon", "coordinates": [ [ [ [ 110.3819459, -7.2350903 ], [ 110.3818433, -7.2351252 ], [ 110.3818791, -7.2352318 ], [ 110.3819603, -7.2352053 ], [ 110.3819828, -7.235197 ], [ 110.381974, -7.2351714 ], [ 110.3819459, -7.2350903 ] ] ] ] } },
{ "type": "Feature", "properties": { "full_id": "w639253893", "osm_id": "639253893", "osm_type": "way", "building": "yes", "name": null, "amenity": null, "brand": null, "wheelchair": null }, "geometry": { "type": "MultiPolygon", "coordinates": [ [ [ [ 110.3819875, -7.2352209 ], [ 110.3820139, -7.2352841 ], [ 110.3820924, -7.2352518 ], [ 110.3820659, -7.2351886 ], [ 110.3819875, -7.2352209 ] ] ] ] } },
{ "type": "Feature", "properties": { "full_id": "w639253894", "osm_id": "639253894", "osm_type": "way", "building": "yes", "name": null, "amenity": null, "brand": null, "wheelchair": null }, "geometry": { "type": "MultiPolygon", "coordinates": [ [ [ [ 110.3819459, -7.2350903 ], [ 110.381974, -7.2351714 ], [ 110.3820466, -7.2351462 ], [ 110.3820172, -7.235063 ], [ 110.3819459, -7.2350903 ] ] ] ] } },
{ "type": "Feature", "properties": { "full_id": "w639253895", "osm_id": "639253895", "osm_type": "way", "building": "yes", "name": null, "amenity": null, "brand": null, "wheelchair": null }, "geometry": { "type": "MultiPolygon", "coordinates": [ [ [ [ 110.382068, -7.2351118 ], [ 110.3820917, -7.23519 ], [ 110.3821834, -7.2351627 ], [ 110.3821597, -7.2350844 ], [ 110.382068, -7.2351118 ] ] ] ] } },
{ "type": "Feature", "properties": { "full_id": "w639253896", "osm_id": "639253896", "osm_type": "way", "building": "yes", "name": null, "amenity": null, "brand": null, "wheelchair": null }, "geometry": { "type": "MultiPolygon", "coordinates": [ [ [ [ 110.3820465, -7.2350382 ], [ 110.382068, -7.2351118 ], [ 110.3821597, -7.2350844 ], [ 110.3821383, -7.2350113 ], [ 110.3820465, -7.2350382 ] ] ] ] } },
{ "type": "Feature", "properties": { "full_id": "w639253897", "osm_id": "639253897", "osm_type": "way", "building": "yes", "name": null, "amenity": null, "brand": null, "wheelchair": null }, "geometry": { "type": "MultiPolygon", "coordinates": [ [ [ [ 110.3822279, -7.235207 ], [ 110.3822206, -7.2353341 ], [ 110.3822891, -7.235338 ], [ 110.3822964, -7.2352112 ], [ 110.3822279, -7.235207 ] ] ] ] } },
{ "type": "Feature", "properties": { "full_id": "w639253898", "osm_id": "639253898", "osm_type": "way", "building": "yes", "name": null, "amenity": null, "brand": null, "wheelchair": null }, "geometry": { "type": "MultiPolygon", "coordinates": [ [ [ [ 110.3821902, -7.2351023 ], [ 110.3822185, -7.235184 ], [ 110.3822827, -7.2351621 ], [ 110.3822543, -7.2350804 ], [ 110.3821902, -7.2351023 ] ] ] ] } },
{ "type": "Feature", "properties": { "full_id": "w639253899", "osm_id": "639253899", "osm_type": "way", "building": "yes", "name": null, "amenity": null, "brand": null, "wheelchair": null }, "geometry": { "type": "MultiPolygon", "coordinates": [ [ [ [ 110.3821622, -7.2350204 ], [ 110.3821902, -7.2351023 ], [ 110.3822543, -7.2350804 ], [ 110.3822246, -7.2349986 ], [ 110.3821622, -7.2350204 ] ] ] ] } },
{ "type": "Feature", "properties": { "full_id": "w639253900", "osm_id": "639253900", "osm_type": "way", "building": "yes", "name": null, "amenity": null, "brand": null, "wheelchair": null }, "geometry": { "type": "MultiPolygon", "coordinates": [ [ [ [ 110.3819218, -7.2348746 ], [ 110.3818483, -7.2349183 ], [ 110.3818737, -7.2349594 ], [ 110.3819122, -7.235025 ], [ 110.3819238, -7.2350434 ], [ 110.3819796, -7.2350103 ], [ 110.3819376, -7.2349407 ], [ 110.3819553, -7.2349302 ], [ 110.3819218, -7.2348746 ] ] ] ] } },
{ "type": "Feature", "properties": { "full_id": "w639253901", "osm_id": "639253901", "osm_type": "way", "building": "yes", "name": null, "amenity": null, "brand": null, "wheelchair": null }, "geometry": { "type": "MultiPolygon", "coordinates": [ [ [ [ 110.3819155, -7.234858 ], [ 110.3819218, -7.2348746 ], [ 110.3819553, -7.2349302 ], [ 110.382053, -7.2348742 ], [ 110.3820177, -7.234806 ], [ 110.3819155, -7.234858 ] ] ] ] } },
{ "type": "Feature", "properties": { "full_id": "w639253903", "osm_id": "639253903", "osm_type": "way", "building": "yes", "name": null, "amenity": null, "brand": null, "wheelchair": null }, "geometry": { "type": "MultiPolygon", "coordinates": [ [ [ [ 110.3825645, -7.2352409 ], [ 110.3824241, -7.2352267 ], [ 110.3824098, -7.2353425 ], [ 110.3825538, -7.2353557 ], [ 110.3825645, -7.2352409 ] ] ] ] } },
{ "type": "Feature", "properties": { "full_id": "w639253904", "osm_id": "639253904", "osm_type": "way", "building": "yes", "name": null, "amenity": null, "brand": null, "wheelchair": null }, "geometry": { "type": "MultiPolygon", "coordinates": [ [ [ [ 110.3825645, -7.2352409 ], [ 110.3825538, -7.2353557 ], [ 110.3825492, -7.2353836 ], [ 110.382606, -7.23539 ], [ 110.3826229, -7.2352434 ], [ 110.3825645, -7.2352409 ] ] ] ] } },
{ "type": "Feature", "properties": { "full_id": "w639253905", "osm_id": "639253905", "osm_type": "way", "building": "yes", "name": null, "amenity": null, "brand": null, "wheelchair": null }, "geometry": { "type": "MultiPolygon", "coordinates": [ [ [ [ 110.3820976, -7.2348917 ], [ 110.3821315, -7.2349741 ], [ 110.3821958, -7.234948 ], [ 110.3821619, -7.2348656 ], [ 110.3820976, -7.2348917 ] ] ] ] } },
{ "type": "Feature", "properties": { "full_id": "w639253906", "osm_id": "639253906", "osm_type": "way", "building": "yes", "name": null, "amenity": null, "brand": null, "wheelchair": null }, "geometry": { "type": "MultiPolygon", "coordinates": [ [ [ [ 110.3820675, -7.2348219 ], [ 110.3820976, -7.2348917 ], [ 110.3821619, -7.2348656 ], [ 110.3822177, -7.2348422 ], [ 110.3821882, -7.234772 ], [ 110.3820675, -7.2348219 ] ] ] ] } },
{ "type": "Feature", "properties": { "full_id": "w639253907", "osm_id": "639253907", "osm_type": "way", "building": "yes", "name": null, "amenity": null, "brand": null, "wheelchair": null }, "geometry": { "type": "MultiPolygon", "coordinates": [ [ [ [ 110.3820336, -7.2347323 ], [ 110.3820595, -7.2348099 ], [ 110.3821882, -7.234772 ], [ 110.3822179, -7.2347579 ], [ 110.382192, -7.2346802 ], [ 110.3820336, -7.2347323 ] ] ] ] } },
{ "type": "Feature", "properties": { "full_id": "w639253908", "osm_id": "639253908", "osm_type": "way", "building": "yes", "name": null, "amenity": null, "brand": null, "wheelchair": null }, "geometry": { "type": "MultiPolygon", "coordinates": [ [ [ [ 110.3822925, -7.2347772 ], [ 110.3822586, -7.2348888 ], [ 110.3823647, -7.2349205 ], [ 110.3823986, -7.2348089 ], [ 110.3822925, -7.2347772 ] ] ] ] } },
{ "type": "Feature", "properties": { "full_id": "w639253909", "osm_id": "639253909", "osm_type": "way", "building": "yes", "name": null, "amenity": null, "brand": null, "wheelchair": null }, "geometry": { "type": "MultiPolygon", "coordinates": [ [ [ [ 110.3824294, -7.2351089 ], [ 110.3824463, -7.235188 ], [ 110.3825403, -7.2351681 ], [ 110.3825234, -7.2350891 ], [ 110.3824294, -7.2351089 ] ] ] ] } },
{ "type": "Feature", "properties": { "full_id": "w639253910", "osm_id": "639253910", "osm_type": "way", "building": "yes", "name": null, "amenity": null, "brand": null, "wheelchair": null }, "geometry": { "type": "MultiPolygon", "coordinates": [ [ [ [ 110.3822908, -7.2349868 ], [ 110.3823149, -7.235106 ], [ 110.3824683, -7.2350754 ], [ 110.3824442, -7.2349562 ], [ 110.3822908, -7.2349868 ] ] ] ] } },
{ "type": "Feature", "properties": { "full_id": "w639253911", "osm_id": "639253911", "osm_type": "way", "building": "yes", "name": null, "amenity": null, "brand": null, "wheelchair": null }, "geometry": { "type": "MultiPolygon", "coordinates": [ [ [ [ 110.3824798, -7.2349302 ], [ 110.382506, -7.2350594 ], [ 110.3826025, -7.2350402 ], [ 110.3825763, -7.234911 ], [ 110.3824798, -7.2349302 ] ] ] ] } },
{ "type": "Feature", "properties": { "full_id": "w639253912", "osm_id": "639253912", "osm_type": "way", "building": "yes", "name": null, "amenity": null, "brand": null, "wheelchair": null }, "geometry": { "type": "MultiPolygon", "coordinates": [ [ [ [ 110.3825512, -7.2346244 ], [ 110.3825451, -7.2347628 ], [ 110.3824536, -7.2347588 ], [ 110.3824498, -7.2348447 ], [ 110.3826264, -7.2348523 ], [ 110.3826363, -7.2346281 ], [ 110.3825512, -7.2346244 ] ] ] ] } },
{ "type": "Feature", "properties": { "full_id": "w639253913", "osm_id": "639253913", "osm_type": "way", "building": "yes", "name": null, "amenity": null, "brand": null, "wheelchair": null }, "geometry": { "type": "MultiPolygon", "coordinates": [ [ [ [ 110.3824666, -7.2346838 ], [ 110.3824648, -7.2347369 ], [ 110.3825346, -7.2347392 ], [ 110.3825364, -7.234686 ], [ 110.3824666, -7.2346838 ] ] ] ] } },
{ "type": "Feature", "properties": { "full_id": "w639253914", "osm_id": "639253914", "osm_type": "way", "building": "yes", "name": null, "amenity": null, "brand": null, "wheelchair": null }, "geometry": { "type": "MultiPolygon", "coordinates": [ [ [ [ 110.3823642, -7.2346426 ], [ 110.3824334, -7.2346382 ], [ 110.3824402, -7.2347458 ], [ 110.382371, -7.2347501 ], [ 110.382366, -7.2346708 ], [ 110.3823642, -7.2346426 ] ] ] ] } },
{ "type": "Feature", "properties": { "full_id": "w639253917", "osm_id": "639253917", "osm_type": "way", "building": "yes", "name": null, "amenity": null, "brand": null, "wheelchair": null }, "geometry": { "type": "MultiPolygon", "coordinates": [ [ [ [ 110.3824239, -7.2345622 ], [ 110.3824334, -7.2346382 ], [ 110.382484, -7.2346406 ], [ 110.3824809, -7.23456 ], [ 110.3824239, -7.2345622 ] ] ] ] } },
{ "type": "Feature", "properties": { "full_id": "w639253918", "osm_id": "639253918", "osm_type": "way", "building": "yes", "name": null, "amenity": null, "brand": null, "wheelchair": null }, "geometry": { "type": "MultiPolygon", "coordinates": [ [ [ [ 110.3823359, -7.2344319 ], [ 110.3823336, -7.2344069 ], [ 110.382405, -7.2344003 ], [ 110.3824153, -7.234509 ], [ 110.3823439, -7.2345157 ], [ 110.3823359, -7.2344319 ] ] ] ] } },
{ "type": "Feature", "properties": { "full_id": "w639253919", "osm_id": "639253919", "osm_type": "way", "building": "yes", "name": null, "amenity": null, "brand": null, "wheelchair": null }, "geometry": { "type": "MultiPolygon", "coordinates": [ [ [ [ 110.3822463, -7.2344376 ], [ 110.3822519, -7.2345247 ], [ 110.3823439, -7.2345157 ], [ 110.3823359, -7.2344319 ], [ 110.3822463, -7.2344376 ] ] ] ] } },
{ "type": "Feature", "properties": { "full_id": "w639253920", "osm_id": "639253920", "osm_type": "way", "building": "yes", "name": null, "amenity": null, "brand": null, "wheelchair": null }, "geometry": { "type": "MultiPolygon", "coordinates": [ [ [ [ 110.3827822, -7.234011 ], [ 110.3827447, -7.2340749 ], [ 110.3829244, -7.2341787 ], [ 110.3829619, -7.2341148 ], [ 110.3827822, -7.234011 ] ] ] ] } },
{ "type": "Feature", "properties": { "full_id": "w639253921", "osm_id": "639253921", "osm_type": "way", "building": "yes", "name": null, "amenity": null, "brand": null, "wheelchair": null }, "geometry": { "type": "MultiPolygon", "coordinates": [ [ [ [ 110.3827591, -7.2350387 ], [ 110.382748, -7.2349743 ], [ 110.3828084, -7.234964 ], [ 110.3828135, -7.2349936 ], [ 110.3828195, -7.2350284 ], [ 110.3827962, -7.2350324 ], [ 110.3827591, -7.2350387 ] ] ] ] } },
{ "type": "Feature", "properties": { "full_id": "w639253922", "osm_id": "639253922", "osm_type": "way", "building": "yes", "name": null, "amenity": null, "brand": null, "wheelchair": null }, "geometry": { "type": "MultiPolygon", "coordinates": [ [ [ [ 110.3827376, -7.2350433 ], [ 110.3827591, -7.2350387 ], [ 110.3827962, -7.2350324 ], [ 110.3828072, -7.2350947 ], [ 110.3827484, -7.2351049 ], [ 110.3827376, -7.2350433 ] ] ] ] } },
{ "type": "Feature", "properties": { "full_id": "w639253923", "osm_id": "639253923", "osm_type": "way", "building": "yes", "name": null, "amenity": null, "brand": null, "wheelchair": null }, "geometry": { "type": "MultiPolygon", "coordinates": [ [ [ [ 110.3826413, -7.2350588 ], [ 110.3826513, -7.2351211 ], [ 110.3827484, -7.2351049 ], [ 110.3827376, -7.2350433 ], [ 110.3826413, -7.2350588 ] ] ] ] } },
{ "type": "Feature", "properties": { "full_id": "w639253924", "osm_id": "639253924", "osm_type": "way", "building": "yes", "name": null, "amenity": null, "brand": null, "wheelchair": null }, "geometry": { "type": "MultiPolygon", "coordinates": [ [ [ [ 110.3826686, -7.2353283 ], [ 110.3826678, -7.2354237 ], [ 110.3827827, -7.2354247 ], [ 110.3827835, -7.2353293 ], [ 110.3826686, -7.2353283 ] ] ] ] } },
{ "type": "Feature", "properties": { "full_id": "w639253925", "osm_id": "639253925", "osm_type": "way", "building": "yes", "name": null, "amenity": null, "brand": null, "wheelchair": null }, "geometry": { "type": "MultiPolygon", "coordinates": [ [ [ [ 110.3827835, -7.2353293 ], [ 110.3826686, -7.2353283 ], [ 110.3826696, -7.2352516 ], [ 110.3827833, -7.2352516 ], [ 110.3827833, -7.2352948 ], [ 110.3827835, -7.2353293 ] ] ] ] } },
{ "type": "Feature", "properties": { "full_id": "w639253926", "osm_id": "639253926", "osm_type": "way", "building": "yes", "name": null, "amenity": null, "brand": null, "wheelchair": null }, "geometry": { "type": "MultiPolygon", "coordinates": [ [ [ [ 110.3827833, -7.2352948 ], [ 110.3827835, -7.2353293 ], [ 110.3827827, -7.2354247 ], [ 110.3828628, -7.235426 ], [ 110.3828653, -7.2352963 ], [ 110.3827833, -7.2352948 ] ] ] ] } },
{ "type": "Feature", "properties": { "full_id": "w639253927", "osm_id": "639253927", "osm_type": "way", "building": "yes", "name": null, "amenity": null, "brand": null, "wheelchair": null }, "geometry": { "type": "MultiPolygon", "coordinates": [ [ [ [ 110.3828235, -7.2350591 ], [ 110.3828372, -7.2351394 ], [ 110.3829357, -7.2351229 ], [ 110.3829221, -7.2350426 ], [ 110.3828235, -7.2350591 ] ] ] ] } },
{ "type": "Feature", "properties": { "full_id": "w639253928", "osm_id": "639253928", "osm_type": "way", "building": "yes", "name": null, "amenity": null, "brand": null, "wheelchair": null }, "geometry": { "type": "MultiPolygon", "coordinates": [ [ [ [ 110.3828135, -7.2349936 ], [ 110.3828195, -7.2350284 ], [ 110.3828235, -7.2350591 ], [ 110.3829221, -7.2350426 ], [ 110.3829382, -7.2350406 ], [ 110.3829278, -7.2349757 ], [ 110.3828135, -7.2349936 ] ] ] ] } },
{ "type": "Feature", "properties": { "full_id": "w639253929", "osm_id": "639253929", "osm_type": "way", "building": "yes", "name": null, "amenity": null, "brand": null, "wheelchair": null }, "geometry": { "type": "MultiPolygon", "coordinates": [ [ [ [ 110.3828042, -7.2349225 ], [ 110.3828084, -7.234964 ], [ 110.3828135, -7.2349936 ], [ 110.3829278, -7.2349757 ], [ 110.3829175, -7.2349089 ], [ 110.3828042, -7.2349225 ] ] ] ] } },
{ "type": "Feature", "properties": { "full_id": "w639253930", "osm_id": "639253930", "osm_type": "way", "building": "yes", "name": null, "amenity": null, "brand": null, "wheelchair": null }, "geometry": { "type": "MultiPolygon", "coordinates": [ [ [ [ 110.3829932, -7.2350963 ], [ 110.3829938, -7.2351655 ], [ 110.3830809, -7.2351648 ], [ 110.3830803, -7.2350956 ], [ 110.3829932, -7.2350963 ] ] ] ] } },
{ "type": "Feature", "properties": { "full_id": "w639253931", "osm_id": "639253931", "osm_type": "way", "building": "yes", "name": null, "amenity": null, "brand": null, "wheelchair": null }, "geometry": { "type": "MultiPolygon", "coordinates": [ [ [ [ 110.382998, -7.2349607 ], [ 110.383001, -7.2350785 ], [ 110.3830915, -7.2350762 ], [ 110.3830885, -7.2349584 ], [ 110.382998, -7.2349607 ] ] ] ] } },
{ "type": "Feature", "properties": { "full_id": "w639253932", "osm_id": "639253932", "osm_type": "way", "building": "yes", "name": null, "amenity": null, "brand": null, "wheelchair": null }, "geometry": { "type": "MultiPolygon", "coordinates": [ [ [ [ 110.3831023, -7.2348757 ], [ 110.3831019, -7.2349827 ], [ 110.3831703, -7.234983 ], [ 110.3831707, -7.2348759 ], [ 110.3831023, -7.2348757 ] ] ] ] } },
{ "type": "Feature", "properties": { "full_id": "w639253933", "osm_id": "639253933", "osm_type": "way", "building": "yes", "name": null, "amenity": null, "brand": null, "wheelchair": null }, "geometry": { "type": "MultiPolygon", "coordinates": [ [ [ [ 110.3833624, -7.2351786 ], [ 110.3832589, -7.2351779 ], [ 110.3832589, -7.2351905 ], [ 110.3832585, -7.235236 ], [ 110.383362, -7.2352367 ], [ 110.3833624, -7.2351786 ] ] ] ] } },
{ "type": "Feature", "properties": { "full_id": "w639253934", "osm_id": "639253934", "osm_type": "way", "building": "yes", "name": null, "amenity": null, "brand": null, "wheelchair": null }, "geometry": { "type": "MultiPolygon", "coordinates": [ [ [ [ 110.38321, -7.2350871 ], [ 110.3832027, -7.2351864 ], [ 110.3832589, -7.2351905 ], [ 110.3832589, -7.2351779 ], [ 110.38326, -7.2351619 ], [ 110.3832652, -7.2350912 ], [ 110.38321, -7.2350871 ] ] ] ] } },
{ "type": "Feature", "properties": { "full_id": "w639253935", "osm_id": "639253935", "osm_type": "way", "building": "yes", "name": null, "amenity": null, "brand": null, "wheelchair": null }, "geometry": { "type": "MultiPolygon", "coordinates": [ [ [ [ 110.3832652, -7.2350912 ], [ 110.38321, -7.2350871 ], [ 110.3832227, -7.2349174 ], [ 110.3833031, -7.234923 ], [ 110.3832949, -7.2350381 ], [ 110.3832911, -7.2350929 ], [ 110.3832652, -7.2350912 ] ] ] ] } },
{ "type": "Feature", "properties": { "full_id": "w639253936", "osm_id": "639253936", "osm_type": "way", "building": "yes", "name": null, "amenity": null, "brand": null, "wheelchair": null }, "geometry": { "type": "MultiPolygon", "coordinates": [ [ [ [ 110.3832911, -7.2350929 ], [ 110.3832652, -7.2350912 ], [ 110.38326, -7.2351619 ], [ 110.3833529, -7.2351643 ], [ 110.3833547, -7.2350925 ], [ 110.3832911, -7.2350929 ] ] ] ] } },
{ "type": "Feature", "properties": { "full_id": "w639253937", "osm_id": "639253937", "osm_type": "way", "building": "yes", "name": null, "amenity": null, "brand": null, "wheelchair": null }, "geometry": { "type": "MultiPolygon", "coordinates": [ [ [ [ 110.3832949, -7.2350381 ], [ 110.3832911, -7.2350929 ], [ 110.3833547, -7.2350925 ], [ 110.3833834, -7.2350939 ], [ 110.3833864, -7.2350434 ], [ 110.3832949, -7.2350381 ] ] ] ] } },
{ "type": "Feature", "properties": { "full_id": "w639253938", "osm_id": "639253938", "osm_type": "way", "building": "yes", "name": null, "amenity": null, "brand": null, "wheelchair": null }, "geometry": { "type": "MultiPolygon", "coordinates": [ [ [ [ 110.3833031, -7.234923 ], [ 110.3832949, -7.2350381 ], [ 110.3833864, -7.2350434 ], [ 110.38339, -7.2349294 ], [ 110.3833031, -7.234923 ] ] ] ] } },
{ "type": "Feature", "properties": { "full_id": "w639253939", "osm_id": "639253939", "osm_type": "way", "building": "yes", "name": null, "amenity": null, "brand": null, "wheelchair": null }, "geometry": { "type": "MultiPolygon", "coordinates": [ [ [ [ 110.3835056, -7.2350321 ], [ 110.3834039, -7.2350282 ], [ 110.3833984, -7.2351664 ], [ 110.3835001, -7.2351704 ], [ 110.3835034, -7.2350892 ], [ 110.3835056, -7.2350321 ] ] ] ] } },
{ "type": "Feature", "properties": { "full_id": "w639253940", "osm_id": "639253940", "osm_type": "way", "building": "yes", "name": null, "amenity": null, "brand": null, "wheelchair": null }, "geometry": { "type": "MultiPolygon", "coordinates": [ [ [ [ 110.3835001, -7.2351704 ], [ 110.3835003, -7.2352669 ], [ 110.3835845, -7.2352683 ], [ 110.3835861, -7.2351738 ], [ 110.3835001, -7.2351704 ] ] ] ] } },
{ "type": "Feature", "properties": { "full_id": "w639253941", "osm_id": "639253941", "osm_type": "way", "building": "yes", "name": null, "amenity": null, "brand": null, "wheelchair": null }, "geometry": { "type": "MultiPolygon", "coordinates": [ [ [ [ 110.3835034, -7.2350892 ], [ 110.3835001, -7.2351704 ], [ 110.3835861, -7.2351738 ], [ 110.3835901, -7.2350915 ], [ 110.3835034, -7.2350892 ] ] ] ] } },
{ "type": "Feature", "properties": { "full_id": "w639253942", "osm_id": "639253942", "osm_type": "way", "building": "yes", "name": null, "amenity": null, "brand": null, "wheelchair": null }, "geometry": { "type": "MultiPolygon", "coordinates": [ [ [ [ 110.3836132, -7.2351803 ], [ 110.3836128, -7.2352807 ], [ 110.383692, -7.235281 ], [ 110.3836923, -7.2351806 ], [ 110.3836132, -7.2351803 ] ] ] ] } },
{ "type": "Feature", "properties": { "full_id": "w639253943", "osm_id": "639253943", "osm_type": "way", "building": "yes", "name": null, "amenity": null, "brand": null, "wheelchair": null }, "geometry": { "type": "MultiPolygon", "coordinates": [ [ [ [ 110.3835909, -7.2349854 ], [ 110.3835037, -7.2349844 ], [ 110.3835056, -7.2350321 ], [ 110.3835034, -7.2350892 ], [ 110.3835901, -7.2350915 ], [ 110.3835909, -7.2349854 ] ] ] ] } },
{ "type": "Feature", "properties": { "full_id": "w639253944", "osm_id": "639253944", "osm_type": "way", "building": "yes", "name": null, "amenity": null, "brand": null, "wheelchair": null }, "geometry": { "type": "MultiPolygon", "coordinates": [ [ [ [ 110.3835909, -7.2349854 ], [ 110.3835901, -7.2350915 ], [ 110.3836995, -7.2350893 ], [ 110.3836995, -7.2349875 ], [ 110.3835909, -7.2349854 ] ] ] ] } },
{ "type": "Feature", "properties": { "full_id": "w639253945", "osm_id": "639253945", "osm_type": "way", "building": "yes", "name": null, "amenity": null, "brand": null, "wheelchair": null }, "geometry": { "type": "MultiPolygon", "coordinates": [ [ [ [ 110.3829391, -7.2346106 ], [ 110.3829395, -7.234727 ], [ 110.3830058, -7.2347268 ], [ 110.383052, -7.2347266 ], [ 110.3830516, -7.2346101 ], [ 110.3829391, -7.2346106 ] ] ] ] } },
{ "type": "Feature", "properties": { "full_id": "w639253946", "osm_id": "639253946", "osm_type": "way", "building": "yes", "name": null, "amenity": null, "brand": null, "wheelchair": null }, "geometry": { "type": "MultiPolygon", "coordinates": [ [ [ [ 110.3829395, -7.234727 ], [ 110.3829361, -7.2348394 ], [ 110.3830638, -7.2348416 ], [ 110.3830641, -7.2348254 ], [ 110.3830653, -7.2347619 ], [ 110.3830052, -7.2347608 ], [ 110.3830058, -7.2347268 ], [ 110.3829395, -7.234727 ] ] ] ] } },
{ "type": "Feature", "properties": { "full_id": "w639253947", "osm_id": "639253947", "osm_type": "way", "building": "yes", "name": null, "amenity": null, "brand": null, "wheelchair": null }, "geometry": { "type": "MultiPolygon", "coordinates": [ [ [ [ 110.3830677, -7.2347224 ], [ 110.3830653, -7.2347619 ], [ 110.3830641, -7.2348254 ], [ 110.3831606, -7.2348276 ], [ 110.383163, -7.2347246 ], [ 110.3830677, -7.2347224 ] ] ] ] } },
{ "type": "Feature", "properties": { "full_id": "w639253948", "osm_id": "639253948", "osm_type": "way", "building": "yes", "name": null, "amenity": null, "brand": null, "wheelchair": null }, "geometry": { "type": "MultiPolygon", "coordinates": [ [ [ [ 110.3830831, -7.2346053 ], [ 110.3830739, -7.2347017 ], [ 110.3831679, -7.2347105 ], [ 110.3831771, -7.2346142 ], [ 110.3830831, -7.2346053 ] ] ] ] } },
{ "type": "Feature", "properties": { "full_id": "w639253949", "osm_id": "639253949", "osm_type": "way", "building": "yes", "name": null, "amenity": null, "brand": null, "wheelchair": null }, "geometry": { "type": "MultiPolygon", "coordinates": [ [ [ [ 110.3833336, -7.2346865 ], [ 110.3833345, -7.2346649 ], [ 110.3832353, -7.2346609 ], [ 110.3832278, -7.2348479 ], [ 110.383327, -7.2348519 ], [ 110.3833336, -7.2346865 ] ] ] ] } },
{ "type": "Feature", "properties": { "full_id": "w639253950", "osm_id": "639253950", "osm_type": "way", "building": "yes", "name": null, "amenity": null, "brand": null, "wheelchair": null }, "geometry": { "type": "MultiPolygon", "coordinates": [ [ [ [ 110.3833231, -7.2345381 ], [ 110.3833047, -7.234641 ], [ 110.3833934, -7.2346567 ], [ 110.3834118, -7.2345537 ], [ 110.3833231, -7.2345381 ] ] ] ] } },
{ "type": "Feature", "properties": { "full_id": "w639253951", "osm_id": "639253951", "osm_type": "way", "building": "yes", "name": null, "amenity": null, "brand": null, "wheelchair": null }, "geometry": { "type": "MultiPolygon", "coordinates": [ [ [ [ 110.3834232, -7.2348384 ], [ 110.3833936, -7.2348388 ], [ 110.3833939, -7.2348601 ], [ 110.3833386, -7.2348608 ], [ 110.3833336, -7.2346865 ], [ 110.3834042, -7.2346858 ], [ 110.3834048, -7.2347373 ], [ 110.3834219, -7.2347371 ], [ 110.3834232, -7.2348384 ] ] ] ] } },
{ "type": "Feature", "properties": { "full_id": "w639253952", "osm_id": "639253952", "osm_type": "way", "building": "yes", "name": null, "amenity": null, "brand": null, "wheelchair": null }, "geometry": { "type": "MultiPolygon", "coordinates": [ [ [ [ 110.3834219, -7.2347371 ], [ 110.3834232, -7.2348384 ], [ 110.3835109, -7.2348317 ], [ 110.3835019, -7.2347259 ], [ 110.3834219, -7.2347371 ] ] ] ] } },
{ "type": "Feature", "properties": { "full_id": "w639253953", "osm_id": "639253953", "osm_type": "way", "building": "yes", "name": null, "amenity": null, "brand": null, "wheelchair": null }, "geometry": { "type": "MultiPolygon", "coordinates": [ [ [ [ 110.383556, -7.2346508 ], [ 110.3835478, -7.2348029 ], [ 110.3836579, -7.2348088 ], [ 110.3836661, -7.2346566 ], [ 110.383556, -7.2346508 ] ] ] ] } },
{ "type": "Feature", "properties": { "full_id": "w639253954", "osm_id": "639253954", "osm_type": "way", "building": "yes", "name": null, "amenity": null, "brand": null, "wheelchair": null }, "geometry": { "type": "MultiPolygon", "coordinates": [ [ [ [ 110.3835445, -7.2345233 ], [ 110.3835325, -7.2346269 ], [ 110.3836614, -7.2346416 ], [ 110.3836734, -7.234538 ], [ 110.3835445, -7.2345233 ] ] ] ] } },
{ "type": "Feature", "properties": { "full_id": "w639253955", "osm_id": "639253955", "osm_type": "way", "building": "yes", "name": null, "amenity": null, "brand": null, "wheelchair": null }, "geometry": { "type": "MultiPolygon", "coordinates": [ [ [ [ 110.382015, -7.2357772 ], [ 110.3820006, -7.2358838 ], [ 110.3821178, -7.2358994 ], [ 110.3821322, -7.2357929 ], [ 110.382015, -7.2357772 ] ] ] ] } },
{ "type": "Feature", "properties": { "full_id": "w639253956", "osm_id": "639253956", "osm_type": "way", "building": "yes", "name": null, "amenity": null, "brand": null, "wheelchair": null }, "geometry": { "type": "MultiPolygon", "coordinates": [ [ [ [ 110.3821292, -7.2356295 ], [ 110.3820771, -7.2357556 ], [ 110.3821545, -7.2357871 ], [ 110.3822066, -7.2356609 ], [ 110.3821292, -7.2356295 ] ] ] ] } },
{ "type": "Feature", "properties": { "full_id": "w639253957", "osm_id": "639253957", "osm_type": "way", "building": "yes", "name": null, "amenity": null, "brand": null, "wheelchair": null }, "geometry": { "type": "MultiPolygon", "coordinates": [ [ [ [ 110.3822253, -7.235666 ], [ 110.382157, -7.235815 ], [ 110.3822797, -7.2358703 ], [ 110.382348, -7.2357213 ], [ 110.3822253, -7.235666 ] ] ] ] } },
{ "type": "Feature", "properties": { "full_id": "w639253958", "osm_id": "639253958", "osm_type": "way", "building": "yes", "name": null, "amenity": null, "brand": null, "wheelchair": null }, "geometry": { "type": "MultiPolygon", "coordinates": [ [ [ [ 110.3821351, -7.2355572 ], [ 110.3821271, -7.2356163 ], [ 110.3822228, -7.2356292 ], [ 110.3822308, -7.2355701 ], [ 110.3821351, -7.2355572 ] ] ] ] } },
{ "type": "Feature", "properties": { "full_id": "w639253960", "osm_id": "639253960", "osm_type": "way", "building": "yes", "name": null, "amenity": null, "brand": null, "wheelchair": null }, "geometry": { "type": "MultiPolygon", "coordinates": [ [ [ [ 110.3824004, -7.2356662 ], [ 110.3822756, -7.2356162 ], [ 110.3823209, -7.2355049 ], [ 110.3824458, -7.235555 ], [ 110.3824004, -7.2356662 ] ] ] ] } },
{ "type": "Feature", "properties": { "full_id": "w639253961", "osm_id": "639253961", "osm_type": "way", "building": "yes", "name": null, "amenity": null, "brand": null, "wheelchair": null }, "geometry": { "type": "MultiPolygon", "coordinates": [ [ [ [ 110.3824621, -7.2356926 ], [ 110.3824004, -7.2356662 ], [ 110.3824458, -7.235555 ], [ 110.382457, -7.2355367 ], [ 110.3825205, -7.2355654 ], [ 110.3824621, -7.2356926 ] ] ] ] } },
{ "type": "Feature", "properties": { "full_id": "w639253962", "osm_id": "639253962", "osm_type": "way", "building": "yes", "name": null, "amenity": null, "brand": null, "wheelchair": null }, "geometry": { "type": "MultiPolygon", "coordinates": [ [ [ [ 110.3825318, -7.2357211 ], [ 110.3824621, -7.2356926 ], [ 110.3825205, -7.2355654 ], [ 110.3825864, -7.2355982 ], [ 110.3825318, -7.2357211 ] ] ] ] } },
{ "type": "Feature", "properties": { "full_id": "w639253963", "osm_id": "639253963", "osm_type": "way", "building": "yes", "name": null, "amenity": null, "brand": null, "wheelchair": null }, "geometry": { "type": "MultiPolygon", "coordinates": [ [ [ [ 110.3825814, -7.235739 ], [ 110.3825318, -7.2357211 ], [ 110.3825864, -7.2355982 ], [ 110.3826089, -7.2355587 ], [ 110.3826645, -7.2355858 ], [ 110.3826528, -7.2356095 ], [ 110.3825814, -7.235739 ] ] ] ] } },
{ "type": "Feature", "properties": { "full_id": "w639253964", "osm_id": "639253964", "osm_type": "way", "building": "yes", "name": null, "amenity": null, "brand": null, "wheelchair": null }, "geometry": { "type": "MultiPolygon", "coordinates": [ [ [ [ 110.3826499, -7.2357295 ], [ 110.3826314, -7.235764 ], [ 110.3825814, -7.235739 ], [ 110.3826528, -7.2356095 ], [ 110.3827007, -7.2356348 ], [ 110.3826499, -7.2357295 ] ] ] ] } },
{ "type": "Feature", "properties": { "full_id": "w639253965", "osm_id": "639253965", "osm_type": "way", "building": "yes", "name": null, "amenity": null, "brand": null, "wheelchair": null }, "geometry": { "type": "MultiPolygon", "coordinates": [ [ [ [ 110.3827007, -7.2356348 ], [ 110.3826499, -7.2357295 ], [ 110.3827142, -7.23576 ], [ 110.3827528, -7.2356793 ], [ 110.3827595, -7.2356653 ], [ 110.3827007, -7.2356348 ] ] ] ] } },
{ "type": "Feature", "properties": { "full_id": "w639253966", "osm_id": "639253966", "osm_type": "way", "building": "yes", "name": null, "amenity": null, "brand": null, "wheelchair": null }, "geometry": { "type": "MultiPolygon", "coordinates": [ [ [ [ 110.3824831, -7.2359224 ], [ 110.3825594, -7.2359539 ], [ 110.3825146, -7.2360609 ], [ 110.3824369, -7.2360289 ], [ 110.3824831, -7.2359224 ] ] ] ] } },
{ "type": "Feature", "properties": { "full_id": "w639253967", "osm_id": "639253967", "osm_type": "way", "building": "yes", "name": null, "amenity": null, "brand": null, "wheelchair": null }, "geometry": { "type": "MultiPolygon", "coordinates": [ [ [ [ 110.3824021, -7.2358878 ], [ 110.3823518, -7.2360037 ], [ 110.3824328, -7.2360383 ], [ 110.3824369, -7.2360289 ], [ 110.3824831, -7.2359224 ], [ 110.3824021, -7.2358878 ] ] ] ] } },
{ "type": "Feature", "properties": { "full_id": "w639253968", "osm_id": "639253968", "osm_type": "way", "building": "yes", "name": null, "amenity": null, "brand": null, "wheelchair": null }, "geometry": { "type": "MultiPolygon", "coordinates": [ [ [ [ 110.3824896, -7.2358981 ], [ 110.3824307, -7.2358658 ], [ 110.3824956, -7.2357491 ], [ 110.3825546, -7.2357814 ], [ 110.3824896, -7.2358981 ] ] ] ] } },
{ "type": "Feature", "properties": { "full_id": "w639253969", "osm_id": "639253969", "osm_type": "way", "building": "yes", "name": null, "amenity": null, "brand": null, "wheelchair": null }, "geometry": { "type": "MultiPolygon", "coordinates": [ [ [ [ 110.3825906, -7.2358909 ], [ 110.3825668, -7.2359373 ], [ 110.3824896, -7.2358981 ], [ 110.3825546, -7.2357814 ], [ 110.3826268, -7.2358201 ], [ 110.3826192, -7.235835 ], [ 110.3825906, -7.2358909 ] ] ] ] } },
{ "type": "Feature", "properties": { "full_id": "w639253970", "osm_id": "639253970", "osm_type": "way", "building": "yes", "name": null, "amenity": null, "brand": null, "wheelchair": null }, "geometry": { "type": "MultiPolygon", "coordinates": [ [ [ [ 110.3826192, -7.235835 ], [ 110.3825906, -7.2358909 ], [ 110.3826714, -7.2359311 ], [ 110.3826998, -7.2358752 ], [ 110.3826192, -7.235835 ] ] ] ] } },
{ "type": "Feature", "properties": { "full_id": "w639253971", "osm_id": "639253971", "osm_type": "way", "building": "yes", "name": null, "amenity": null, "brand": null, "wheelchair": null }, "geometry": { "type": "MultiPolygon", "coordinates": [ [ [ [ 110.3826521, -7.2357685 ], [ 110.3826268, -7.2358201 ], [ 110.3826192, -7.235835 ], [ 110.3826998, -7.2358752 ], [ 110.3827172, -7.2358849 ], [ 110.3827514, -7.2358197 ], [ 110.3826521, -7.2357685 ] ] ] ] } },
{ "type": "Feature", "properties": { "full_id": "w639253972", "osm_id": "639253972", "osm_type": "way", "building": "yes", "name": null, "amenity": null, "brand": null, "wheelchair": null }, "geometry": { "type": "MultiPolygon", "coordinates": [ [ [ [ 110.3827633, -7.2357793 ], [ 110.382752, -7.2357993 ], [ 110.3827029, -7.235772 ], [ 110.3827142, -7.23576 ], [ 110.3827528, -7.2356793 ], [ 110.3828039, -7.2357076 ], [ 110.3827633, -7.2357793 ] ] ] ] } },
{ "type": "Feature", "properties": { "full_id": "w639253973", "osm_id": "639253973", "osm_type": "way", "building": "yes", "name": null, "amenity": null, "brand": null, "wheelchair": null }, "geometry": { "type": "MultiPolygon", "coordinates": [ [ [ [ 110.3828148, -7.2356839 ], [ 110.3828039, -7.2357076 ], [ 110.3827633, -7.2357793 ], [ 110.3828167, -7.2358066 ], [ 110.3828666, -7.2357102 ], [ 110.3828148, -7.2356839 ] ] ] ] } },
{ "type": "Feature", "properties": { "full_id": "w639253974", "osm_id": "639253974", "osm_type": "way", "building": "yes", "name": null, "amenity": null, "brand": null, "wheelchair": null }, "geometry": { "type": "MultiPolygon", "coordinates": [ [ [ [ 110.3830779, -7.2357577 ], [ 110.3830332, -7.2358064 ], [ 110.3830755, -7.2358445 ], [ 110.3830459, -7.2358768 ], [ 110.3830851, -7.2359122 ], [ 110.3831594, -7.2358312 ], [ 110.3830779, -7.2357577 ] ] ] ] } },
{ "type": "Feature", "properties": { "full_id": "w639253975", "osm_id": "639253975", "osm_type": "way", "building": "yes", "name": null, "amenity": null, "brand": null, "wheelchair": null }, "geometry": { "type": "MultiPolygon", "coordinates": [ [ [ [ 110.3830842, -7.2354168 ], [ 110.3831188, -7.2352911 ], [ 110.3831863, -7.2353094 ], [ 110.3831517, -7.2354351 ], [ 110.3831185, -7.2354261 ], [ 110.3830842, -7.2354168 ] ] ] ] } },
{ "type": "Feature", "properties": { "full_id": "w639253976", "osm_id": "639253976", "osm_type": "way", "building": "yes", "name": null, "amenity": null, "brand": null, "wheelchair": null }, "geometry": { "type": "MultiPolygon", "coordinates": [ [ [ [ 110.3830223, -7.2353866 ], [ 110.3829942, -7.2354838 ], [ 110.3830599, -7.2355025 ], [ 110.3830842, -7.2354168 ], [ 110.3830223, -7.2353866 ] ] ] ] } },
{ "type": "Feature", "properties": { "full_id": "w639253977", "osm_id": "639253977", "osm_type": "way", "building": "yes", "name": null, "amenity": null, "brand": null, "wheelchair": null }, "geometry": { "type": "MultiPolygon", "coordinates": [ [ [ [ 110.3831025, -7.2354939 ], [ 110.3830907, -7.2355455 ], [ 110.3832735, -7.2355866 ], [ 110.3832853, -7.235535 ], [ 110.3831025, -7.2354939 ] ] ] ] } },
{ "type": "Feature", "properties": { "full_id": "w639253978", "osm_id": "639253978", "osm_type": "way", "building": "yes", "name": null, "amenity": null, "brand": null, "wheelchair": null }, "geometry": { "type": "MultiPolygon", "coordinates": [ [ [ [ 110.3832221, -7.2354556 ], [ 110.3831517, -7.2354351 ], [ 110.3831185, -7.2354261 ], [ 110.3831025, -7.2354939 ], [ 110.3832853, -7.235535 ], [ 110.3832961, -7.2354715 ], [ 110.3832221, -7.2354556 ] ] ] ] } },
{ "type": "Feature", "properties": { "full_id": "w639253979", "osm_id": "639253979", "osm_type": "way", "building": "yes", "name": null, "amenity": null, "brand": null, "wheelchair": null }, "geometry": { "type": "MultiPolygon", "coordinates": [ [ [ [ 110.3832427, -7.2353098 ], [ 110.3832221, -7.2354556 ], [ 110.3832961, -7.2354715 ], [ 110.3833223, -7.235321 ], [ 110.3832427, -7.2353098 ] ] ] ] } },
{ "type": "Feature", "properties": { "full_id": "w639253980", "osm_id": "639253980", "osm_type": "way", "building": "yes", "name": null, "amenity": null, "brand": null, "wheelchair": null }, "geometry": { "type": "MultiPolygon", "coordinates": [ [ [ [ 110.3833789, -7.2354196 ], [ 110.3833697, -7.2354879 ], [ 110.3834588, -7.2354997 ], [ 110.383468, -7.2354314 ], [ 110.3834472, -7.2354287 ], [ 110.3833789, -7.2354196 ] ] ] ] } },
{ "type": "Feature", "properties": { "full_id": "w639253981", "osm_id": "639253981", "osm_type": "way", "building": "yes", "name": null, "amenity": null, "brand": null, "wheelchair": null }, "geometry": { "type": "MultiPolygon", "coordinates": [ [ [ [ 110.383394, -7.2353133 ], [ 110.3833789, -7.2354196 ], [ 110.3834472, -7.2354287 ], [ 110.3834623, -7.2353229 ], [ 110.383394, -7.2353133 ] ] ] ] } },
{ "type": "Feature", "properties": { "full_id": "w639253982", "osm_id": "639253982", "osm_type": "way", "building": "yes", "name": null, "amenity": null, "brand": null, "wheelchair": null }, "geometry": { "type": "MultiPolygon", "coordinates": [ [ [ [ 110.3835617, -7.2353848 ], [ 110.383669, -7.2353932 ], [ 110.3836738, -7.2353334 ], [ 110.3835665, -7.2353249 ], [ 110.3835617, -7.2353848 ] ] ] ] } },
{ "type": "Feature", "properties": { "full_id": "w639253983", "osm_id": "639253983", "osm_type": "way", "building": "yes", "name": null, "amenity": null, "brand": null, "wheelchair": null }, "geometry": { "type": "MultiPolygon", "coordinates": [ [ [ [ 110.3835043, -7.2353181 ], [ 110.3834916, -7.235434 ], [ 110.3835547, -7.2354408 ], [ 110.3835617, -7.2353848 ], [ 110.3835665, -7.2353249 ], [ 110.3835043, -7.2353181 ] ] ] ] } },
{ "type": "Feature", "properties": { "full_id": "w639253984", "osm_id": "639253984", "osm_type": "way", "building": "yes", "name": null, "amenity": null, "brand": null, "wheelchair": null }, "geometry": { "type": "MultiPolygon", "coordinates": [ [ [ [ 110.383575, -7.2354463 ], [ 110.3835782, -7.2354247 ], [ 110.3836585, -7.2354364 ], [ 110.3836479, -7.2355077 ], [ 110.3835677, -7.235496 ], [ 110.383575, -7.2354463 ] ] ] ] } },
{ "type": "Feature", "properties": { "full_id": "w639253985", "osm_id": "639253985", "osm_type": "way", "building": "yes", "name": null, "amenity": null, "brand": null, "wheelchair": null }, "geometry": { "type": "MultiPolygon", "coordinates": [ [ [ [ 110.3835495, -7.2355986 ], [ 110.3835677, -7.235496 ], [ 110.383575, -7.2354463 ], [ 110.3835547, -7.2354408 ], [ 110.3834916, -7.235434 ], [ 110.3834656, -7.2355842 ], [ 110.3835495, -7.2355986 ] ] ] ] } },
{ "type": "Feature", "properties": { "full_id": "w639253986", "osm_id": "639253986", "osm_type": "way", "building": "yes", "name": null, "amenity": null, "brand": null, "wheelchair": null }, "geometry": { "type": "MultiPolygon", "coordinates": [ [ [ [ 110.3834656, -7.2355842 ], [ 110.3834458, -7.2356889 ], [ 110.3835783, -7.2357107 ], [ 110.3835958, -7.235606 ], [ 110.3835495, -7.2355986 ], [ 110.3834656, -7.2355842 ] ] ] ] } },
{ "type": "Feature", "properties": { "full_id": "w639253988", "osm_id": "639253988", "osm_type": "way", "building": "yes", "name": null, "amenity": null, "brand": null, "wheelchair": null }, "geometry": { "type": "MultiPolygon", "coordinates": [ [ [ [ 110.3837963, -7.2357242 ], [ 110.3837692, -7.2357805 ], [ 110.3838394, -7.2358138 ], [ 110.3838666, -7.2357576 ], [ 110.3837963, -7.2357242 ] ] ] ] } },
{ "type": "Feature", "properties": { "full_id": "w639253989", "osm_id": "639253989", "osm_type": "way", "building": "yes", "name": null, "amenity": null, "brand": null, "wheelchair": null }, "geometry": { "type": "MultiPolygon", "coordinates": [ [ [ [ 110.3839298, -7.2356266 ], [ 110.3839684, -7.2355393 ], [ 110.3838837, -7.2355025 ], [ 110.3837949, -7.2357036 ], [ 110.3838796, -7.2357404 ], [ 110.3839298, -7.2356266 ] ] ] ] } },
{ "type": "Feature", "properties": { "full_id": "w639253990", "osm_id": "639253990", "osm_type": "way", "building": "yes", "name": null, "amenity": null, "brand": null, "wheelchair": null }, "geometry": { "type": "MultiPolygon", "coordinates": [ [ [ [ 110.383987, -7.2357127 ], [ 110.3839497, -7.2357941 ], [ 110.3838666, -7.2357576 ], [ 110.3838796, -7.2357404 ], [ 110.3839298, -7.2356266 ], [ 110.3840099, -7.2356628 ], [ 110.383987, -7.2357127 ] ] ] ] } },
{ "type": "Feature", "properties": { "full_id": "w639253991", "osm_id": "639253991", "osm_type": "way", "building": "yes", "name": null, "amenity": null, "brand": null, "wheelchair": null }, "geometry": { "type": "MultiPolygon", "coordinates": [ [ [ [ 110.3840131, -7.2356466 ], [ 110.3840099, -7.2356628 ], [ 110.383987, -7.2357127 ], [ 110.3840833, -7.2357501 ], [ 110.3841094, -7.2356839 ], [ 110.3840131, -7.2356466 ] ] ] ] } },
{ "type": "Feature", "properties": { "full_id": "w639253992", "osm_id": "639253992", "osm_type": "way", "building": "yes", "name": null, "amenity": null, "brand": null, "wheelchair": null }, "geometry": { "type": "MultiPolygon", "coordinates": [ [ [ [ 110.3836882, -7.2347526 ], [ 110.3836759, -7.2348696 ], [ 110.3837812, -7.2348806 ], [ 110.3837936, -7.2347636 ], [ 110.3836882, -7.2347526 ] ] ] ] } },
{ "type": "Feature", "properties": { "full_id": "w639253993", "osm_id": "639253993", "osm_type": "way", "building": "yes", "name": null, "amenity": null, "brand": null, "wheelchair": null }, "geometry": { "type": "MultiPolygon", "coordinates": [ [ [ [ 110.383824, -7.2347734 ], [ 110.3838409, -7.2346235 ], [ 110.3839171, -7.2346319 ], [ 110.3839086, -7.2347067 ], [ 110.3839002, -7.2347818 ], [ 110.383824, -7.2347734 ] ] ] ] } },
{ "type": "Feature", "properties": { "full_id": "w639253994", "osm_id": "639253994", "osm_type": "way", "building": "yes", "name": null, "amenity": null, "brand": null, "wheelchair": null }, "geometry": { "type": "MultiPolygon", "coordinates": [ [ [ [ 110.3838934, -7.2348501 ], [ 110.3838157, -7.2348416 ], [ 110.383824, -7.2347734 ], [ 110.3839002, -7.2347818 ], [ 110.3838934, -7.2348501 ] ] ] ] } },
{ "type": "Feature", "properties": { "full_id": "w639253995", "osm_id": "639253995", "osm_type": "way", "building": "yes", "name": null, "amenity": null, "brand": null, "wheelchair": null }, "geometry": { "type": "MultiPolygon", "coordinates": [ [ [ [ 110.3839086, -7.2347067 ], [ 110.3839002, -7.2347818 ], [ 110.3838934, -7.2348501 ], [ 110.3839657, -7.2348585 ], [ 110.3839818, -7.2347148 ], [ 110.3839086, -7.2347067 ] ] ] ] } },
{ "type": "Feature", "properties": { "full_id": "w639253996", "osm_id": "639253996", "osm_type": "way", "building": "yes", "name": null, "amenity": null, "brand": null, "wheelchair": null }, "geometry": { "type": "MultiPolygon", "coordinates": [ [ [ [ 110.3837703, -7.2349088 ], [ 110.3837628, -7.2350284 ], [ 110.3838581, -7.2350343 ], [ 110.3838656, -7.2349147 ], [ 110.3837703, -7.2349088 ] ] ] ] } },
{ "type": "Feature", "properties": { "full_id": "w639253997", "osm_id": "639253997", "osm_type": "way", "building": "yes", "name": null, "amenity": null, "brand": null, "wheelchair": null }, "geometry": { "type": "MultiPolygon", "coordinates": [ [ [ [ 110.3838514, -7.2352373 ], [ 110.3837715, -7.2352326 ], [ 110.3837778, -7.2351282 ], [ 110.3838576, -7.2351329 ], [ 110.3838514, -7.2352373 ] ] ] ] } },
{ "type": "Feature", "properties": { "full_id": "w639253998", "osm_id": "639253998", "osm_type": "way", "building": "yes", "name": null, "amenity": null, "brand": null, "wheelchair": null }, "geometry": { "type": "MultiPolygon", "coordinates": [ [ [ [ 110.3838576, -7.2351329 ], [ 110.3838514, -7.2352373 ], [ 110.3839486, -7.235243 ], [ 110.3839521, -7.2351932 ], [ 110.383988, -7.2351957 ], [ 110.3839917, -7.2351432 ], [ 110.3838576, -7.2351329 ] ] ] ] } },
{ "type": "Feature", "properties": { "full_id": "w639253999", "osm_id": "639253999", "osm_type": "way", "building": "yes", "name": null, "amenity": null, "brand": null, "wheelchair": null }, "geometry": { "type": "MultiPolygon", "coordinates": [ [ [ [ 110.3838645, -7.2350581 ], [ 110.3838576, -7.2351329 ], [ 110.3839917, -7.2351432 ], [ 110.3839971, -7.2350669 ], [ 110.3838645, -7.2350581 ] ] ] ] } },
{ "type": "Feature", "properties": { "full_id": "w639254000", "osm_id": "639254000", "osm_type": "way", "building": "yes", "name": null, "amenity": null, "brand": null, "wheelchair": null }, "geometry": { "type": "MultiPolygon", "coordinates": [ [ [ [ 110.3838911, -7.2349187 ], [ 110.3838795, -7.2350372 ], [ 110.383968, -7.2350457 ], [ 110.3839795, -7.2349272 ], [ 110.3838911, -7.2349187 ] ] ] ] } },
{ "type": "Feature", "properties": { "full_id": "w639254001", "osm_id": "639254001", "osm_type": "way", "building": "yes", "name": null, "amenity": null, "brand": null, "wheelchair": null }, "geometry": { "type": "MultiPolygon", "coordinates": [ [ [ [ 110.3841089, -7.2349482 ], [ 110.3840083, -7.2349397 ], [ 110.3839996, -7.2350411 ], [ 110.3841002, -7.2350497 ], [ 110.3841089, -7.2349482 ] ] ] ] } },
{ "type": "Feature", "properties": { "full_id": "w639254002", "osm_id": "639254002", "osm_type": "way", "building": "yes", "name": null, "amenity": null, "brand": null, "wheelchair": null }, "geometry": { "type": "MultiPolygon", "coordinates": [ [ [ [ 110.3841914, -7.234955 ], [ 110.3841089, -7.2349482 ], [ 110.3841002, -7.2350497 ], [ 110.3841829, -7.2350569 ], [ 110.3841844, -7.2350391 ], [ 110.3841914, -7.234955 ] ] ] ] } },
{ "type": "Feature", "properties": { "full_id": "w639254003", "osm_id": "639254003", "osm_type": "way", "building": "yes", "name": null, "amenity": null, "brand": null, "wheelchair": null }, "geometry": { "type": "MultiPolygon", "coordinates": [ [ [ [ 110.3841844, -7.2350391 ], [ 110.3841829, -7.2350569 ], [ 110.38418, -7.2351129 ], [ 110.3843392, -7.2351216 ], [ 110.3843433, -7.2350478 ], [ 110.3842608, -7.2350433 ], [ 110.3841844, -7.2350391 ] ] ] ] } },
{ "type": "Feature", "properties": { "full_id": "w639254004", "osm_id": "639254004", "osm_type": "way", "building": "yes", "name": null, "amenity": null, "brand": null, "wheelchair": null }, "geometry": { "type": "MultiPolygon", "coordinates": [ [ [ [ 110.384195, -7.2349136 ], [ 110.3841914, -7.234955 ], [ 110.3841844, -7.2350391 ], [ 110.3842608, -7.2350433 ], [ 110.3842701, -7.2349191 ], [ 110.384195, -7.2349136 ] ] ] ] } },
{ "type": "Feature", "properties": { "full_id": "w639254005", "osm_id": "639254005", "osm_type": "way", "building": "yes", "name": null, "amenity": null, "brand": null, "wheelchair": null }, "geometry": { "type": "MultiPolygon", "coordinates": [ [ [ [ 110.383776, -7.2354162 ], [ 110.3837648, -7.2354709 ], [ 110.3836914, -7.2354561 ], [ 110.3837189, -7.2353216 ], [ 110.3837923, -7.2353364 ], [ 110.383776, -7.2354162 ] ] ] ] } },
{ "type": "Feature", "properties": { "full_id": "w639254006", "osm_id": "639254006", "osm_type": "way", "building": "yes", "name": null, "amenity": null, "brand": null, "wheelchair": null }, "geometry": { "type": "MultiPolygon", "coordinates": [ [ [ [ 110.3838562, -7.2354314 ], [ 110.383776, -7.2354162 ], [ 110.3837923, -7.2353364 ], [ 110.3838745, -7.2353493 ], [ 110.3838562, -7.2354314 ] ] ] ] } },
{ "type": "Feature", "properties": { "full_id": "w639254007", "osm_id": "639254007", "osm_type": "way", "building": "yes", "name": null, "amenity": null, "brand": null, "wheelchair": null }, "geometry": { "type": "MultiPolygon", "coordinates": [ [ [ [ 110.3838745, -7.2353493 ], [ 110.3838562, -7.2354314 ], [ 110.3838497, -7.2354611 ], [ 110.3839229, -7.2354771 ], [ 110.3839484, -7.2353621 ], [ 110.3838745, -7.2353493 ] ] ] ] } },
{ "type": "Feature", "properties": { "full_id": "w639254008", "osm_id": "639254008", "osm_type": "way", "building": "yes", "name": null, "amenity": null, "brand": null, "wheelchair": null }, "geometry": { "type": "MultiPolygon", "coordinates": [ [ [ [ 110.3840595, -7.235381 ], [ 110.3840318, -7.2355192 ], [ 110.383935, -7.2355001 ], [ 110.3839627, -7.2353619 ], [ 110.3840595, -7.235381 ] ] ] ] } },
{ "type": "Feature", "properties": { "full_id": "w639254009", "osm_id": "639254009", "osm_type": "way", "building": "yes", "name": null, "amenity": null, "brand": null, "wheelchair": null }, "geometry": { "type": "MultiPolygon", "coordinates": [ [ [ [ 110.3840714, -7.2354085 ], [ 110.3840493, -7.2355251 ], [ 110.3841283, -7.2355398 ], [ 110.3841504, -7.2354232 ], [ 110.3840714, -7.2354085 ] ] ] ] } },
{ "type": "Feature", "properties": { "full_id": "w639254010", "osm_id": "639254010", "osm_type": "way", "building": "yes", "name": null, "amenity": null, "brand": null, "wheelchair": null }, "geometry": { "type": "MultiPolygon", "coordinates": [ [ [ [ 110.3841174, -7.2351844 ], [ 110.3841214, -7.2352271 ], [ 110.3840938, -7.2352296 ], [ 110.384103, -7.2353285 ], [ 110.3841857, -7.2353209 ], [ 110.3841724, -7.2351793 ], [ 110.3841174, -7.2351844 ] ] ] ] } },
{ "type": "Feature", "properties": { "full_id": "w639254011", "osm_id": "639254011", "osm_type": "way", "building": "yes", "name": null, "amenity": null, "brand": null, "wheelchair": null }, "geometry": { "type": "MultiPolygon", "coordinates": [ [ [ [ 110.384319, -7.2351698 ], [ 110.3841948, -7.2351884 ], [ 110.3842071, -7.2352696 ], [ 110.3843313, -7.2352511 ], [ 110.384319, -7.2351698 ] ] ] ] } },
{ "type": "Feature", "properties": { "full_id": "w639254012", "osm_id": "639254012", "osm_type": "way", "building": "yes", "name": null, "amenity": null, "brand": null, "wheelchair": null }, "geometry": { "type": "MultiPolygon", "coordinates": [ [ [ [ 110.3843886, -7.2352204 ], [ 110.3843929, -7.2352623 ], [ 110.384331, -7.2352686 ], [ 110.3843313, -7.2352511 ], [ 110.384319, -7.2351698 ], [ 110.3843178, -7.2351404 ], [ 110.3843797, -7.2351341 ], [ 110.3843886, -7.2352204 ] ] ] ] } },
{ "type": "Feature", "properties": { "full_id": "w639254013", "osm_id": "639254013", "osm_type": "way", "building": "yes", "name": null, "amenity": null, "brand": null, "wheelchair": null }, "geometry": { "type": "MultiPolygon", "coordinates": [ [ [ [ 110.3843799, -7.2351241 ], [ 110.3843797, -7.2351341 ], [ 110.3843886, -7.2352204 ], [ 110.3844528, -7.2352129 ], [ 110.3844413, -7.2351168 ], [ 110.3843799, -7.2351241 ] ] ] ] } },
{ "type": "Feature", "properties": { "full_id": "w639254014", "osm_id": "639254014", "osm_type": "way", "building": "yes", "name": null, "amenity": null, "brand": null, "wheelchair": null }, "geometry": { "type": "MultiPolygon", "coordinates": [ [ [ [ 110.384091, -7.2347701 ], [ 110.3840887, -7.2348613 ], [ 110.3841887, -7.2348637 ], [ 110.3841909, -7.2347725 ], [ 110.384091, -7.2347701 ] ] ] ] } },
{ "type": "Feature", "properties": { "full_id": "w639254015", "osm_id": "639254015", "osm_type": "way", "building": "yes", "name": null, "amenity": null, "brand": null, "wheelchair": null }, "geometry": { "type": "MultiPolygon", "coordinates": [ [ [ [ 110.384091, -7.2347217 ], [ 110.384091, -7.2347701 ], [ 110.3841909, -7.2347725 ], [ 110.3841929, -7.2347239 ], [ 110.384091, -7.2347217 ] ] ] ] } },
{ "type": "Feature", "properties": { "full_id": "w639254016", "osm_id": "639254016", "osm_type": "way", "building": "yes", "name": null, "amenity": null, "brand": null, "wheelchair": null }, "geometry": { "type": "MultiPolygon", "coordinates": [ [ [ [ 110.3842087, -7.2344557 ], [ 110.3842822, -7.2344576 ], [ 110.3842795, -7.2345621 ], [ 110.384206, -7.2345602 ], [ 110.3842069, -7.2345232 ], [ 110.3842087, -7.2344557 ] ] ] ] } },
{ "type": "Feature", "properties": { "full_id": "w639254017", "osm_id": "639254017", "osm_type": "way", "building": "yes", "name": null, "amenity": null, "brand": null, "wheelchair": null }, "geometry": { "type": "MultiPolygon", "coordinates": [ [ [ [ 110.3841492, -7.2343762 ], [ 110.3841431, -7.2345206 ], [ 110.3842069, -7.2345232 ], [ 110.3842087, -7.2344557 ], [ 110.3842135, -7.2343788 ], [ 110.3841492, -7.2343762 ] ] ] ] } },
{ "type": "Feature", "properties": { "full_id": "w639254018", "osm_id": "639254018", "osm_type": "way", "building": "yes", "name": null, "amenity": null, "brand": null, "wheelchair": null }, "geometry": { "type": "MultiPolygon", "coordinates": [ [ [ [ 110.384945, -7.2340661 ], [ 110.3849379, -7.2341472 ], [ 110.3850646, -7.2341582 ], [ 110.3850717, -7.234077 ], [ 110.384945, -7.2340661 ] ] ] ] } },
{ "type": "Feature", "properties": { "full_id": "w639254019", "osm_id": "639254019", "osm_type": "way", "building": "yes", "name": null, "amenity": null, "brand": null, "wheelchair": null }, "geometry": { "type": "MultiPolygon", "coordinates": [ [ [ [ 110.3848444, -7.2342124 ], [ 110.3848386, -7.2343109 ], [ 110.384913, -7.2343152 ], [ 110.3849188, -7.2342167 ], [ 110.3848444, -7.2342124 ] ] ] ] } },
{ "type": "Feature", "properties": { "full_id": "w639254020", "osm_id": "639254020", "osm_type": "way", "building": "yes", "name": null, "amenity": null, "brand": null, "wheelchair": null }, "geometry": { "type": "MultiPolygon", "coordinates": [ [ [ [ 110.3849482, -7.2342022 ], [ 110.3849317, -7.2343244 ], [ 110.3850191, -7.234336 ], [ 110.3850356, -7.2342138 ], [ 110.3849482, -7.2342022 ] ] ] ] } },
{ "type": "Feature", "properties": { "full_id": "w639254021", "osm_id": "639254021", "osm_type": "way", "building": "yes", "name": null, "amenity": null, "brand": null, "wheelchair": null }, "geometry": { "type": "MultiPolygon", "coordinates": [ [ [ [ 110.3851138, -7.2343298 ], [ 110.3850332, -7.2343171 ], [ 110.3850506, -7.2342085 ], [ 110.3851312, -7.2342212 ], [ 110.3851138, -7.2343298 ] ] ] ] } },
{ "type": "Feature", "properties": { "full_id": "w639254022", "osm_id": "639254022", "osm_type": "way", "building": "yes", "name": null, "amenity": null, "brand": null, "wheelchair": null }, "geometry": { "type": "MultiPolygon", "coordinates": [ [ [ [ 110.3851312, -7.2342212 ], [ 110.3851138, -7.2343298 ], [ 110.3851817, -7.2343425 ], [ 110.3852014, -7.2342341 ], [ 110.3851312, -7.2342212 ] ] ] ] } },
{ "type": "Feature", "properties": { "full_id": "w639254023", "osm_id": "639254023", "osm_type": "way", "building": "yes", "name": null, "amenity": null, "brand": null, "wheelchair": null }, "geometry": { "type": "MultiPolygon", "coordinates": [ [ [ [ 110.3845333, -7.234486 ], [ 110.3845381, -7.2345101 ], [ 110.3843998, -7.234537 ], [ 110.3843833, -7.2344536 ], [ 110.3844334, -7.2344438 ], [ 110.3844192, -7.2343724 ], [ 110.3845074, -7.2343552 ], [ 110.3845333, -7.234486 ] ] ] ] } },
{ "type": "Feature", "properties": { "full_id": "w639254024", "osm_id": "639254024", "osm_type": "way", "building": "yes", "name": null, "amenity": null, "brand": null, "wheelchair": null }, "geometry": { "type": "MultiPolygon", "coordinates": [ [ [ [ 110.3845074, -7.2343552 ], [ 110.3845333, -7.234486 ], [ 110.3846095, -7.2344692 ], [ 110.3845989, -7.2344219 ], [ 110.3846416, -7.2344125 ], [ 110.3846225, -7.2343277 ], [ 110.3845074, -7.2343552 ] ] ] ] } },
{ "type": "Feature", "properties": { "full_id": "w639254025", "osm_id": "639254025", "osm_type": "way", "building": "yes", "name": null, "amenity": null, "brand": null, "wheelchair": null }, "geometry": { "type": "MultiPolygon", "coordinates": [ [ [ [ 110.384761, -7.2344011 ], [ 110.3847695, -7.2344267 ], [ 110.3846823, -7.2344553 ], [ 110.3846441, -7.2343402 ], [ 110.3847313, -7.2343117 ], [ 110.384761, -7.2344011 ] ] ] ] } },
{ "type": "Feature", "properties": { "full_id": "w639254026", "osm_id": "639254026", "osm_type": "way", "building": "yes", "name": null, "amenity": null, "brand": null, "wheelchair": null }, "geometry": { "type": "MultiPolygon", "coordinates": [ [ [ [ 110.3847313, -7.2343117 ], [ 110.384761, -7.2344011 ], [ 110.3848208, -7.2343853 ], [ 110.3847954, -7.2342912 ], [ 110.3847313, -7.2343117 ] ] ] ] } },
{ "type": "Feature", "properties": { "full_id": "w639254027", "osm_id": "639254027", "osm_type": "way", "building": "yes", "name": null, "amenity": null, "brand": null, "wheelchair": null }, "geometry": { "type": "MultiPolygon", "coordinates": [ [ [ [ 110.3849167, -7.2344668 ], [ 110.3848522, -7.2344613 ], [ 110.3848629, -7.2343383 ], [ 110.3849273, -7.2343437 ], [ 110.3849252, -7.2343676 ], [ 110.3849167, -7.2344668 ] ] ] ] } },
{ "type": "Feature", "properties": { "full_id": "w639254028", "osm_id": "639254028", "osm_type": "way", "building": "yes", "name": null, "amenity": null, "brand": null, "wheelchair": null }, "geometry": { "type": "MultiPolygon", "coordinates": [ [ [ [ 110.3849252, -7.2343676 ], [ 110.3849167, -7.2344668 ], [ 110.3849145, -7.2344812 ], [ 110.3849904, -7.2344892 ], [ 110.3850025, -7.2343756 ], [ 110.3849252, -7.2343676 ] ] ] ] } },
{ "type": "Feature", "properties": { "full_id": "w639254029", "osm_id": "639254029", "osm_type": "way", "building": "yes", "name": null, "amenity": null, "brand": null, "wheelchair": null }, "geometry": { "type": "MultiPolygon", "coordinates": [ [ [ [ 110.3850625, -7.2345197 ], [ 110.3850103, -7.2345112 ], [ 110.3850329, -7.2343748 ], [ 110.3850851, -7.2343833 ], [ 110.3850625, -7.2345197 ] ] ] ] } },
{ "type": "Feature", "properties": { "full_id": "w639254030", "osm_id": "639254030", "osm_type": "way", "building": "yes", "name": null, "amenity": null, "brand": null, "wheelchair": null }, "geometry": { "type": "MultiPolygon", "coordinates": [ [ [ [ 110.3851631, -7.2345081 ], [ 110.3851598, -7.2345356 ], [ 110.3850625, -7.2345197 ], [ 110.3850851, -7.2343833 ], [ 110.3851771, -7.2343934 ], [ 110.3851631, -7.2345081 ] ] ] ] } },
{ "type": "Feature", "properties": { "full_id": "w639254031", "osm_id": "639254031", "osm_type": "way", "building": "yes", "name": null, "amenity": null, "brand": null, "wheelchair": null }, "geometry": { "type": "MultiPolygon", "coordinates": [ [ [ [ 110.3851771, -7.2343934 ], [ 110.3851631, -7.2345081 ], [ 110.3852397, -7.2345155 ], [ 110.3852506, -7.2344031 ], [ 110.3851771, -7.2343934 ] ] ] ] } },
{ "type": "Feature", "properties": { "full_id": "w639254032", "osm_id": "639254032", "osm_type": "way", "building": "yes", "name": null, "amenity": null, "brand": null, "wheelchair": null }, "geometry": { "type": "MultiPolygon", "coordinates": [ [ [ [ 110.3853726, -7.234245 ], [ 110.3853476, -7.2342961 ], [ 110.3854161, -7.2343291 ], [ 110.3854411, -7.234278 ], [ 110.3853726, -7.234245 ] ] ] ] } },
{ "type": "Feature", "properties": { "full_id": "w639254033", "osm_id": "639254033", "osm_type": "way", "building": "yes", "name": null, "amenity": null, "brand": null, "wheelchair": null }, "geometry": { "type": "MultiPolygon", "coordinates": [ [ [ [ 110.3853759, -7.2344768 ], [ 110.3852895, -7.2344714 ], [ 110.3852973, -7.2343471 ], [ 110.3853837, -7.2343524 ], [ 110.3853759, -7.2344768 ] ] ] ] } },
{ "type": "Feature", "properties": { "full_id": "w639254034", "osm_id": "639254034", "osm_type": "way", "building": "yes", "name": null, "amenity": null, "brand": null, "wheelchair": null }, "geometry": { "type": "MultiPolygon", "coordinates": [ [ [ [ 110.3853837, -7.2343524 ], [ 110.3853759, -7.2344768 ], [ 110.3854616, -7.2344857 ], [ 110.3854727, -7.2343581 ], [ 110.3853837, -7.2343524 ] ] ] ] } },
{ "type": "Feature", "properties": { "full_id": "w639254035", "osm_id": "639254035", "osm_type": "way", "building": "yes", "name": null, "amenity": null, "brand": null, "wheelchair": null }, "geometry": { "type": "MultiPolygon", "coordinates": [ [ [ [ 110.3855854, -7.2342083 ], [ 110.3855457, -7.2342827 ], [ 110.3856444, -7.2343345 ], [ 110.385706, -7.2342188 ], [ 110.3856436, -7.234186 ], [ 110.3856216, -7.2342273 ], [ 110.3855854, -7.2342083 ] ] ] ] } },
{ "type": "Feature", "properties": { "full_id": "w639254036", "osm_id": "639254036", "osm_type": "way", "building": "yes", "name": null, "amenity": null, "brand": null, "wheelchair": null }, "geometry": { "type": "MultiPolygon", "coordinates": [ [ [ [ 110.3844338, -7.2346247 ], [ 110.3845057, -7.2346038 ], [ 110.3845339, -7.2346993 ], [ 110.3844621, -7.2347202 ], [ 110.3844338, -7.2346247 ] ] ] ] } },
{ "type": "Feature", "properties": { "full_id": "w639254037", "osm_id": "639254037", "osm_type": "way", "building": "yes", "name": null, "amenity": null, "brand": null, "wheelchair": null }, "geometry": { "type": "MultiPolygon", "coordinates": [ [ [ [ 110.3843421, -7.234652 ], [ 110.3843707, -7.2347479 ], [ 110.3844621, -7.2347202 ], [ 110.3844338, -7.2346247 ], [ 110.3843421, -7.234652 ] ] ] ] } },
{ "type": "Feature", "properties": { "full_id": "w639254038", "osm_id": "639254038", "osm_type": "way", "building": "yes", "name": null, "amenity": null, "brand": null, "wheelchair": null }, "geometry": { "type": "MultiPolygon", "coordinates": [ [ [ [ 110.384435, -7.2348412 ], [ 110.384408, -7.2347591 ], [ 110.3845165, -7.2347239 ], [ 110.3845435, -7.234806 ], [ 110.3845264, -7.2348116 ], [ 110.384435, -7.2348412 ] ] ] ] } },
{ "type": "Feature", "properties": { "full_id": "w639254039", "osm_id": "639254039", "osm_type": "way", "building": "yes", "name": null, "amenity": null, "brand": null, "wheelchair": null }, "geometry": { "type": "MultiPolygon", "coordinates": [ [ [ [ 110.3844521, -7.2349055 ], [ 110.384435, -7.2348412 ], [ 110.3845264, -7.2348116 ], [ 110.3845466, -7.2348766 ], [ 110.3844521, -7.2349055 ] ] ] ] } },
{ "type": "Feature", "properties": { "full_id": "w639254040", "osm_id": "639254040", "osm_type": "way", "building": "yes", "name": null, "amenity": null, "brand": null, "wheelchair": null }, "geometry": { "type": "MultiPolygon", "coordinates": [ [ [ [ 110.3845042, -7.2349503 ], [ 110.3844647, -7.2349592 ], [ 110.3844521, -7.2349055 ], [ 110.3845466, -7.2348766 ], [ 110.3845666, -7.2349313 ], [ 110.3845042, -7.2349503 ] ] ] ] } },
{ "type": "Feature", "properties": { "full_id": "w639254041", "osm_id": "639254041", "osm_type": "way", "building": "yes", "name": null, "amenity": null, "brand": null, "wheelchair": null }, "geometry": { "type": "MultiPolygon", "coordinates": [ [ [ [ 110.384509, -7.2350046 ], [ 110.3845042, -7.2349503 ], [ 110.384657, -7.2349404 ], [ 110.3846612, -7.2349924 ], [ 110.384509, -7.2350046 ] ] ] ] } },
{ "type": "Feature", "properties": { "full_id": "w639254042", "osm_id": "639254042", "osm_type": "way", "building": "yes", "name": null, "amenity": null, "brand": null, "wheelchair": null }, "geometry": { "type": "MultiPolygon", "coordinates": [ [ [ [ 110.384509, -7.2350046 ], [ 110.3845134, -7.2350617 ], [ 110.3847174, -7.2350459 ], [ 110.3847129, -7.2349886 ], [ 110.3846612, -7.2349924 ], [ 110.384509, -7.2350046 ] ] ] ] } },
{ "type": "Feature", "properties": { "full_id": "w639254043", "osm_id": "639254043", "osm_type": "way", "building": "yes", "name": null, "amenity": null, "brand": null, "wheelchair": null }, "geometry": { "type": "MultiPolygon", "coordinates": [ [ [ [ 110.3847693, -7.2349807 ], [ 110.3847746, -7.2350469 ], [ 110.3848364, -7.235042 ], [ 110.384831, -7.2349757 ], [ 110.3847693, -7.2349807 ] ] ] ] } },
{ "type": "Feature", "properties": { "full_id": "w639254044", "osm_id": "639254044", "osm_type": "way", "building": "yes", "name": null, "amenity": null, "brand": null, "wheelchair": null }, "geometry": { "type": "MultiPolygon", "coordinates": [ [ [ [ 110.3847644, -7.2348051 ], [ 110.3846819, -7.2348119 ], [ 110.3846726, -7.2347009 ], [ 110.384755, -7.2346941 ], [ 110.3847644, -7.2348051 ] ] ] ] } },
{ "type": "Feature", "properties": { "full_id": "w639254045", "osm_id": "639254045", "osm_type": "way", "building": "yes", "name": null, "amenity": null, "brand": null, "wheelchair": null }, "geometry": { "type": "MultiPolygon", "coordinates": [ [ [ [ 110.384755, -7.2346941 ], [ 110.3847644, -7.2348051 ], [ 110.3848455, -7.2347983 ], [ 110.3848425, -7.2347622 ], [ 110.3848362, -7.234688 ], [ 110.384755, -7.2346941 ] ] ] ] } },
{ "type": "Feature", "properties": { "full_id": "w639254046", "osm_id": "639254046", "osm_type": "way", "building": "yes", "name": null, "amenity": null, "brand": null, "wheelchair": null }, "geometry": { "type": "MultiPolygon", "coordinates": [ [ [ [ 110.3848425, -7.2347622 ], [ 110.3848455, -7.2347983 ], [ 110.3848492, -7.234901 ], [ 110.3849659, -7.2348971 ], [ 110.3849612, -7.2347581 ], [ 110.3848425, -7.2347622 ] ] ] ] } },
{ "type": "Feature", "properties": { "full_id": "w639254047", "osm_id": "639254047", "osm_type": "way", "building": "yes", "name": null, "amenity": null, "brand": null, "wheelchair": null }, "geometry": { "type": "MultiPolygon", "coordinates": [ [ [ [ 110.3850155, -7.2347954 ], [ 110.3850104, -7.2347202 ], [ 110.3851521, -7.2347108 ], [ 110.3851572, -7.234786 ], [ 110.3851142, -7.2347889 ], [ 110.3850155, -7.2347954 ] ] ] ] } },
{ "type": "Feature", "properties": { "full_id": "w639254048", "osm_id": "639254048", "osm_type": "way", "building": "yes", "name": null, "amenity": null, "brand": null, "wheelchair": null }, "geometry": { "type": "MultiPolygon", "coordinates": [ [ [ [ 110.3851218, -7.2348963 ], [ 110.3850237, -7.2349031 ], [ 110.3850155, -7.2347954 ], [ 110.3851142, -7.2347889 ], [ 110.3851152, -7.2348028 ], [ 110.3851218, -7.2348963 ] ] ] ] } },
{ "type": "Feature", "properties": { "full_id": "w639254049", "osm_id": "639254049", "osm_type": "way", "building": "yes", "name": null, "amenity": null, "brand": null, "wheelchair": null }, "geometry": { "type": "MultiPolygon", "coordinates": [ [ [ [ 110.3851152, -7.2348028 ], [ 110.3851218, -7.2348963 ], [ 110.3852281, -7.2348931 ], [ 110.3852247, -7.2347987 ], [ 110.3851152, -7.2348028 ] ] ] ] } },
{ "type": "Feature", "properties": { "full_id": "w639254050", "osm_id": "639254050", "osm_type": "way", "building": "yes", "name": null, "amenity": null, "brand": null, "wheelchair": null }, "geometry": { "type": "MultiPolygon", "coordinates": [ [ [ [ 110.3852518, -7.2348283 ], [ 110.3852571, -7.2349212 ], [ 110.3854082, -7.2349126 ], [ 110.3854028, -7.2348197 ], [ 110.3852518, -7.2348283 ] ] ] ] } },
{ "type": "Feature", "properties": { "full_id": "w639254051", "osm_id": "639254051", "osm_type": "way", "building": "yes", "name": null, "amenity": null, "brand": null, "wheelchair": null }, "geometry": { "type": "MultiPolygon", "coordinates": [ [ [ [ 110.3853171, -7.234645 ], [ 110.3853426, -7.2347584 ], [ 110.3852846, -7.2347713 ], [ 110.3852759, -7.2347326 ], [ 110.385227, -7.2347434 ], [ 110.3852102, -7.2346687 ], [ 110.3853171, -7.234645 ] ] ] ] } },
{ "type": "Feature", "properties": { "full_id": "w639254052", "osm_id": "639254052", "osm_type": "way", "building": "yes", "name": null, "amenity": null, "brand": null, "wheelchair": null }, "geometry": { "type": "MultiPolygon", "coordinates": [ [ [ [ 110.3853478, -7.234651 ], [ 110.3853689, -7.2347205 ], [ 110.3854845, -7.2346862 ], [ 110.3854634, -7.2346166 ], [ 110.3853478, -7.234651 ] ] ] ] } },
{ "type": "Feature", "properties": { "full_id": "w639254053", "osm_id": "639254053", "osm_type": "way", "building": "yes", "name": null, "amenity": null, "brand": null, "wheelchair": null }, "geometry": { "type": "MultiPolygon", "coordinates": [ [ [ [ 110.3854755, -7.2347058 ], [ 110.3854114, -7.2347241 ], [ 110.3854423, -7.2348304 ], [ 110.3855064, -7.2348121 ], [ 110.3854755, -7.2347058 ] ] ] ] } },
{ "type": "Feature", "properties": { "full_id": "w639254054", "osm_id": "639254054", "osm_type": "way", "building": "yes", "name": null, "amenity": null, "brand": null, "wheelchair": null }, "geometry": { "type": "MultiPolygon", "coordinates": [ [ [ [ 110.3854755, -7.2347058 ], [ 110.3855064, -7.2348121 ], [ 110.3855598, -7.2347964 ], [ 110.385528, -7.23469 ], [ 110.3854755, -7.2347058 ] ] ] ] } },
{ "type": "Feature", "properties": { "full_id": "w639254055", "osm_id": "639254055", "osm_type": "way", "building": "yes", "name": null, "amenity": null, "brand": null, "wheelchair": null }, "geometry": { "type": "MultiPolygon", "coordinates": [ [ [ [ 110.3856088, -7.2345317 ], [ 110.3855947, -7.2345554 ], [ 110.3855193, -7.234511 ], [ 110.3855863, -7.234399 ], [ 110.3856616, -7.2344433 ], [ 110.3856497, -7.2344633 ], [ 110.3856088, -7.2345317 ] ] ] ] } },
{ "type": "Feature", "properties": { "full_id": "w639254057", "osm_id": "639254057", "osm_type": "way", "building": "yes", "name": null, "amenity": null, "brand": null, "wheelchair": null }, "geometry": { "type": "MultiPolygon", "coordinates": [ [ [ [ 110.3856497, -7.2344633 ], [ 110.3856088, -7.2345317 ], [ 110.3856887, -7.2345794 ], [ 110.38573, -7.2345112 ], [ 110.3856497, -7.2344633 ] ] ] ] } },
{ "type": "Feature", "properties": { "full_id": "w639254058", "osm_id": "639254058", "osm_type": "way", "building": "yes", "name": null, "amenity": null, "brand": null, "wheelchair": null }, "geometry": { "type": "MultiPolygon", "coordinates": [ [ [ [ 110.3857986, -7.2345518 ], [ 110.3858786, -7.2345202 ], [ 110.3859207, -7.234625 ], [ 110.3858407, -7.2346566 ], [ 110.3857986, -7.2345518 ] ] ] ] } },
{ "type": "Feature", "properties": { "full_id": "w639254059", "osm_id": "639254059", "osm_type": "way", "building": "yes", "name": null, "amenity": null, "brand": null, "wheelchair": null }, "geometry": { "type": "MultiPolygon", "coordinates": [ [ [ [ 110.385707, -7.2345866 ], [ 110.3857519, -7.2346953 ], [ 110.3858407, -7.2346566 ], [ 110.3857986, -7.2345518 ], [ 110.385707, -7.2345866 ] ] ] ] } },
{ "type": "Feature", "properties": { "full_id": "w639254061", "osm_id": "639254061", "osm_type": "way", "building": "yes", "name": null, "amenity": null, "brand": null, "wheelchair": null }, "geometry": { "type": "MultiPolygon", "coordinates": [ [ [ [ 110.3856887, -7.234825 ], [ 110.3856183, -7.2348469 ], [ 110.3855968, -7.2347795 ], [ 110.3857429, -7.2347329 ], [ 110.3857587, -7.2347286 ], [ 110.3857802, -7.2347966 ], [ 110.3856887, -7.234825 ] ] ] ] } },
{ "type": "Feature", "properties": { "full_id": "w639254062", "osm_id": "639254062", "osm_type": "way", "building": "yes", "name": null, "amenity": null, "brand": null, "wheelchair": null }, "geometry": { "type": "MultiPolygon", "coordinates": [ [ [ [ 110.3857802, -7.2347966 ], [ 110.3856887, -7.234825 ], [ 110.3857138, -7.2348976 ], [ 110.3858066, -7.2348659 ], [ 110.3857962, -7.2348361 ], [ 110.3857802, -7.2347966 ] ] ] ] } },
{ "type": "Feature", "properties": { "full_id": "w639254063", "osm_id": "639254063", "osm_type": "way", "building": "yes", "name": null, "amenity": null, "brand": null, "wheelchair": null }, "geometry": { "type": "MultiPolygon", "coordinates": [ [ [ [ 110.3858307, -7.2346986 ], [ 110.3857587, -7.2347286 ], [ 110.3857802, -7.2347966 ], [ 110.3857962, -7.2348361 ], [ 110.3858717, -7.2348084 ], [ 110.3858612, -7.2347802 ], [ 110.3858307, -7.2346986 ] ] ] ] } },
{ "type": "Feature", "properties": { "full_id": "w639254064", "osm_id": "639254064", "osm_type": "way", "building": "yes", "name": null, "amenity": null, "brand": null, "wheelchair": null }, "geometry": { "type": "MultiPolygon", "coordinates": [ [ [ [ 110.3858904, -7.2346693 ], [ 110.3858307, -7.2346986 ], [ 110.3858612, -7.2347802 ], [ 110.3859285, -7.2347489 ], [ 110.3858904, -7.2346693 ] ] ] ] } },
{ "type": "Feature", "properties": { "full_id": "w639254065", "osm_id": "639254065", "osm_type": "way", "building": "yes", "name": null, "amenity": null, "brand": null, "wheelchair": null }, "geometry": { "type": "MultiPolygon", "coordinates": [ [ [ [ 110.3858904, -7.2346693 ], [ 110.3859285, -7.2347489 ], [ 110.3859333, -7.2347651 ], [ 110.3860018, -7.2347362 ], [ 110.3859598, -7.2346379 ], [ 110.3858904, -7.2346693 ] ] ] ] } },
{ "type": "Feature", "properties": { "full_id": "w639254066", "osm_id": "639254066", "osm_type": "way", "building": "yes", "name": null, "amenity": null, "brand": null, "wheelchair": null }, "geometry": { "type": "MultiPolygon", "coordinates": [ [ [ [ 110.3846161, -7.2352324 ], [ 110.3846672, -7.2352264 ], [ 110.3846767, -7.235305 ], [ 110.3846256, -7.2353111 ], [ 110.3846161, -7.2352324 ] ] ] ] } },
{ "type": "Feature", "properties": { "full_id": "w639254067", "osm_id": "639254067", "osm_type": "way", "building": "yes", "name": null, "amenity": null, "brand": null, "wheelchair": null }, "geometry": { "type": "MultiPolygon", "coordinates": [ [ [ [ 110.3845612, -7.2352384 ], [ 110.3845691, -7.2353175 ], [ 110.3846256, -7.2353111 ], [ 110.3846161, -7.2352324 ], [ 110.3845612, -7.2352384 ] ] ] ] } },
{ "type": "Feature", "properties": { "full_id": "w639254068", "osm_id": "639254068", "osm_type": "way", "building": "yes", "name": null, "amenity": null, "brand": null, "wheelchair": null }, "geometry": { "type": "MultiPolygon", "coordinates": [ [ [ [ 110.384542, -7.2351133 ], [ 110.3845484, -7.2351827 ], [ 110.3846836, -7.2351705 ], [ 110.3846772, -7.235101 ], [ 110.384542, -7.2351133 ] ] ] ] } },
{ "type": "Feature", "properties": { "full_id": "w639254069", "osm_id": "639254069", "osm_type": "way", "building": "yes", "name": null, "amenity": null, "brand": null, "wheelchair": null }, "geometry": { "type": "MultiPolygon", "coordinates": [ [ [ [ 110.3848209, -7.2352587 ], [ 110.3847586, -7.2352645 ], [ 110.3847603, -7.2352832 ], [ 110.3846976, -7.2352891 ], [ 110.3846876, -7.2351841 ], [ 110.384754, -7.235178 ], [ 110.3847496, -7.2351314 ], [ 110.3848084, -7.235126 ], [ 110.3848137, -7.2351819 ], [ 110.3848209, -7.2352587 ] ] ] ] } },
{ "type": "Feature", "properties": { "full_id": "w639254070", "osm_id": "639254070", "osm_type": "way", "building": "yes", "name": null, "amenity": null, "brand": null, "wheelchair": null }, "geometry": { "type": "MultiPolygon", "coordinates": [ [ [ [ 110.3848137, -7.2351819 ], [ 110.3848209, -7.2352587 ], [ 110.3848247, -7.2352763 ], [ 110.3849209, -7.2352626 ], [ 110.3849072, -7.2351684 ], [ 110.3848137, -7.2351819 ] ] ] ] } },
{ "type": "Feature", "properties": { "full_id": "w639254071", "osm_id": "639254071", "osm_type": "way", "building": "yes", "name": null, "amenity": null, "brand": null, "wheelchair": null }, "geometry": { "type": "MultiPolygon", "coordinates": [ [ [ [ 110.3848269, -7.2350789 ], [ 110.3848389, -7.2351591 ], [ 110.3848808, -7.2351529 ], [ 110.3848689, -7.2350728 ], [ 110.3848269, -7.2350789 ] ] ] ] } },
{ "type": "Feature", "properties": { "full_id": "w639254072", "osm_id": "639254072", "osm_type": "way", "building": "yes", "name": null, "amenity": null, "brand": null, "wheelchair": null }, "geometry": { "type": "MultiPolygon", "coordinates": [ [ [ [ 110.3848884, -7.2350467 ], [ 110.3848388, -7.2350524 ], [ 110.3848364, -7.235042 ], [ 110.384831, -7.2349757 ], [ 110.3848279, -7.2349597 ], [ 110.3848774, -7.234954 ], [ 110.3848833, -7.2350035 ], [ 110.3848884, -7.2350467 ] ] ] ] } },
{ "type": "Feature", "properties": { "full_id": "w639254073", "osm_id": "639254073", "osm_type": "way", "building": "yes", "name": null, "amenity": null, "brand": null, "wheelchair": null }, "geometry": { "type": "MultiPolygon", "coordinates": [ [ [ [ 110.3848833, -7.2350035 ], [ 110.3848884, -7.2350467 ], [ 110.3849008, -7.2351364 ], [ 110.3849984, -7.2351229 ], [ 110.3849797, -7.2349901 ], [ 110.3848833, -7.2350035 ] ] ] ] } },
{ "type": "Feature", "properties": { "full_id": "w639254074", "osm_id": "639254074", "osm_type": "way", "building": "yes", "name": null, "amenity": null, "brand": null, "wheelchair": null }, "geometry": { "type": "MultiPolygon", "coordinates": [ [ [ [ 110.3851859, -7.2350368 ], [ 110.3850986, -7.2350545 ], [ 110.3850745, -7.2349381 ], [ 110.3851619, -7.2349203 ], [ 110.3851859, -7.2350368 ] ] ] ] } },
{ "type": "Feature", "properties": { "full_id": "w639254075", "osm_id": "639254075", "osm_type": "way", "building": "yes", "name": null, "amenity": null, "brand": null, "wheelchair": null }, "geometry": { "type": "MultiPolygon", "coordinates": [ [ [ [ 110.3851619, -7.2349203 ], [ 110.3851859, -7.2350368 ], [ 110.3852519, -7.2350211 ], [ 110.3852274, -7.2349104 ], [ 110.3851619, -7.2349203 ] ] ] ] } },
{ "type": "Feature", "properties": { "full_id": "w639254076", "osm_id": "639254076", "osm_type": "way", "building": "yes", "name": null, "amenity": null, "brand": null, "wheelchair": null }, "geometry": { "type": "MultiPolygon", "coordinates": [ [ [ [ 110.3854187, -7.2349313 ], [ 110.3855495, -7.2349076 ], [ 110.3855592, -7.2349605 ], [ 110.3855214, -7.2349674 ], [ 110.3854285, -7.2349842 ], [ 110.3854187, -7.2349313 ] ] ] ] } },
{ "type": "Feature", "properties": { "full_id": "w639254077", "osm_id": "639254077", "osm_type": "way", "building": "yes", "name": null, "amenity": null, "brand": null, "wheelchair": null }, "geometry": { "type": "MultiPolygon", "coordinates": [ [ [ [ 110.3854285, -7.2349842 ], [ 110.3855214, -7.2349674 ], [ 110.3855356, -7.2350404 ], [ 110.3854429, -7.2350582 ], [ 110.3854387, -7.2350367 ], [ 110.3854285, -7.2349842 ] ] ] ] } },
{ "type": "Feature", "properties": { "full_id": "w639254078", "osm_id": "639254078", "osm_type": "way", "building": "yes", "name": null, "amenity": null, "brand": null, "wheelchair": null }, "geometry": { "type": "MultiPolygon", "coordinates": [ [ [ [ 110.3853153, -7.2349428 ], [ 110.3853238, -7.2350167 ], [ 110.3853807, -7.2350103 ], [ 110.3853845, -7.2350434 ], [ 110.3854387, -7.2350367 ], [ 110.3854285, -7.2349842 ], [ 110.3854187, -7.2349313 ], [ 110.3853153, -7.2349428 ] ] ] ] } },
{ "type": "Feature", "properties": { "full_id": "w639254080", "osm_id": "639254080", "osm_type": "way", "building": "yes", "name": null, "amenity": null, "brand": null, "wheelchair": null }, "geometry": { "type": "MultiPolygon", "coordinates": [ [ [ [ 110.3851894, -7.2351087 ], [ 110.3851831, -7.2350849 ], [ 110.3850753, -7.2351133 ], [ 110.3850988, -7.2352007 ], [ 110.3852065, -7.2351723 ], [ 110.3851894, -7.2351087 ] ] ] ] } },
{ "type": "Feature", "properties": { "full_id": "w639254081", "osm_id": "639254081", "osm_type": "way", "building": "yes", "name": null, "amenity": null, "brand": null, "wheelchair": null }, "geometry": { "type": "MultiPolygon", "coordinates": [ [ [ [ 110.3851894, -7.2351087 ], [ 110.3852065, -7.2351723 ], [ 110.3852171, -7.2352078 ], [ 110.3852967, -7.2351865 ], [ 110.3852699, -7.2350873 ], [ 110.3851894, -7.2351087 ] ] ] ] } },
{ "type": "Feature", "properties": { "full_id": "w639254082", "osm_id": "639254082", "osm_type": "way", "building": "yes", "name": null, "amenity": null, "brand": null, "wheelchair": null }, "geometry": { "type": "MultiPolygon", "coordinates": [ [ [ [ 110.3854531, -7.235184 ], [ 110.385363, -7.2351833 ], [ 110.3853634, -7.2351247 ], [ 110.3853341, -7.2351245 ], [ 110.3853346, -7.2350569 ], [ 110.3854429, -7.2350582 ], [ 110.3854539, -7.2350737 ], [ 110.3854531, -7.235184 ] ] ] ] } },
{ "type": "Feature", "properties": { "full_id": "w639254083", "osm_id": "639254083", "osm_type": "way", "building": "yes", "name": null, "amenity": null, "brand": null, "wheelchair": null }, "geometry": { "type": "MultiPolygon", "coordinates": [ [ [ [ 110.3855362, -7.2350756 ], [ 110.3854539, -7.2350737 ], [ 110.3854531, -7.235184 ], [ 110.3855336, -7.2351847 ], [ 110.3855341, -7.2351643 ], [ 110.3855362, -7.2350756 ] ] ] ] } },
{ "type": "Feature", "properties": { "full_id": "w639254084", "osm_id": "639254084", "osm_type": "way", "building": "yes", "name": null, "amenity": null, "brand": null, "wheelchair": null }, "geometry": { "type": "MultiPolygon", "coordinates": [ [ [ [ 110.385535, -7.2350606 ], [ 110.3855362, -7.2350756 ], [ 110.3855341, -7.2351643 ], [ 110.3856037, -7.2351646 ], [ 110.3856041, -7.2350608 ], [ 110.385535, -7.2350606 ] ] ] ] } },
{ "type": "Feature", "properties": { "full_id": "w639254085", "osm_id": "639254085", "osm_type": "way", "building": "yes", "name": null, "amenity": null, "brand": null, "wheelchair": null }, "geometry": { "type": "MultiPolygon", "coordinates": [ [ [ [ 110.3857158, -7.2350622 ], [ 110.3856199, -7.2350645 ], [ 110.3856228, -7.2351869 ], [ 110.3857187, -7.2351846 ], [ 110.3857181, -7.235158 ], [ 110.3857158, -7.2350622 ] ] ] ] } },
{ "type": "Feature", "properties": { "full_id": "w639254086", "osm_id": "639254086", "osm_type": "way", "building": "yes", "name": null, "amenity": null, "brand": null, "wheelchair": null }, "geometry": { "type": "MultiPolygon", "coordinates": [ [ [ [ 110.3857153, -7.2350281 ], [ 110.3857158, -7.2350622 ], [ 110.3857181, -7.235158 ], [ 110.3857856, -7.2351576 ], [ 110.3857848, -7.2350415 ], [ 110.3857847, -7.2350276 ], [ 110.3857153, -7.2350281 ] ] ] ] } },
{ "type": "Feature", "properties": { "full_id": "w639254087", "osm_id": "639254087", "osm_type": "way", "building": "yes", "name": null, "amenity": null, "brand": null, "wheelchair": null }, "geometry": { "type": "MultiPolygon", "coordinates": [ [ [ [ 110.3856591, -7.2349412 ], [ 110.3856614, -7.2350301 ], [ 110.3857153, -7.2350281 ], [ 110.3857847, -7.2350276 ], [ 110.385783, -7.234938 ], [ 110.3856591, -7.2349412 ] ] ] ] } },
{ "type": "Feature", "properties": { "full_id": "w639254088", "osm_id": "639254088", "osm_type": "way", "building": "yes", "name": null, "amenity": null, "brand": null, "wheelchair": null }, "geometry": { "type": "MultiPolygon", "coordinates": [ [ [ [ 110.3858671, -7.2350371 ], [ 110.3857848, -7.2350415 ], [ 110.3857847, -7.2350276 ], [ 110.385783, -7.234938 ], [ 110.38578, -7.2349078 ], [ 110.3858596, -7.2349034 ], [ 110.3858671, -7.2350371 ] ] ] ] } },
{ "type": "Feature", "properties": { "full_id": "w639254090", "osm_id": "639254090", "osm_type": "way", "building": "yes", "name": null, "amenity": null, "brand": null, "wheelchair": null }, "geometry": { "type": "MultiPolygon", "coordinates": [ [ [ [ 110.3859273, -7.2349613 ], [ 110.3859372, -7.2350313 ], [ 110.3860271, -7.2350159 ], [ 110.3860124, -7.2349442 ], [ 110.3859986, -7.234947 ], [ 110.3859273, -7.2349613 ] ] ] ] } },
{ "type": "Feature", "properties": { "full_id": "w639254091", "osm_id": "639254091", "osm_type": "way", "building": "yes", "name": null, "amenity": null, "brand": null, "wheelchair": null }, "geometry": { "type": "MultiPolygon", "coordinates": [ [ [ [ 110.3859798, -7.2348504 ], [ 110.3859132, -7.2348612 ], [ 110.3859273, -7.2349613 ], [ 110.3859986, -7.234947 ], [ 110.3859798, -7.2348504 ] ] ] ] } },
{ "type": "Feature", "properties": { "full_id": "w639254092", "osm_id": "639254092", "osm_type": "way", "building": "yes", "name": null, "amenity": null, "brand": null, "wheelchair": null }, "geometry": { "type": "MultiPolygon", "coordinates": [ [ [ [ 110.3860124, -7.2349442 ], [ 110.3860271, -7.2350159 ], [ 110.386027, -7.2350294 ], [ 110.38611, -7.2350173 ], [ 110.3861048, -7.2349823 ], [ 110.3860973, -7.2349315 ], [ 110.386086, -7.2349332 ], [ 110.3860464, -7.2349389 ], [ 110.3860124, -7.2349442 ] ] ] ] } },
{ "type": "Feature", "properties": { "full_id": "w639254093", "osm_id": "639254093", "osm_type": "way", "building": "yes", "name": null, "amenity": null, "brand": null, "wheelchair": null }, "geometry": { "type": "MultiPolygon", "coordinates": [ [ [ [ 110.3860227, -7.2348264 ], [ 110.3860116, -7.2347736 ], [ 110.3859648, -7.2347834 ], [ 110.3859798, -7.2348504 ], [ 110.3859986, -7.234947 ], [ 110.3860124, -7.2349442 ], [ 110.3860464, -7.2349389 ], [ 110.3860227, -7.2348264 ] ] ] ] } },
{ "type": "Feature", "properties": { "full_id": "w639254094", "osm_id": "639254094", "osm_type": "way", "building": "yes", "name": null, "amenity": null, "brand": null, "wheelchair": null }, "geometry": { "type": "MultiPolygon", "coordinates": [ [ [ [ 110.3860686, -7.2348193 ], [ 110.3860227, -7.2348264 ], [ 110.3860464, -7.2349389 ], [ 110.386086, -7.2349332 ], [ 110.3860686, -7.2348193 ] ] ] ] } },
{ "type": "Feature", "properties": { "full_id": "w639254095", "osm_id": "639254095", "osm_type": "way", "building": "yes", "name": null, "amenity": null, "brand": null, "wheelchair": null }, "geometry": { "type": "MultiPolygon", "coordinates": [ [ [ [ 110.3860973, -7.2349315 ], [ 110.3861048, -7.2349823 ], [ 110.3861531, -7.2349739 ], [ 110.3861638, -7.2350341 ], [ 110.3862399, -7.2350208 ], [ 110.3862207, -7.2349131 ], [ 110.3860973, -7.2349315 ] ] ] ] } },
{ "type": "Feature", "properties": { "full_id": "w639254096", "osm_id": "639254096", "osm_type": "way", "building": "yes", "name": null, "amenity": null, "brand": null, "wheelchair": null }, "geometry": { "type": "MultiPolygon", "coordinates": [ [ [ [ 110.3860844, -7.2348093 ], [ 110.386104, -7.2349141 ], [ 110.3861803, -7.2349001 ], [ 110.3861607, -7.2347952 ], [ 110.3860844, -7.2348093 ] ] ] ] } },
{ "type": "Feature", "properties": { "full_id": "w639254097", "osm_id": "639254097", "osm_type": "way", "building": "yes", "name": null, "amenity": null, "brand": null, "wheelchair": null }, "geometry": { "type": "MultiPolygon", "coordinates": [ [ [ [ 110.3860615, -7.2347204 ], [ 110.3860213, -7.2347503 ], [ 110.3860686, -7.2348193 ], [ 110.3860844, -7.2348093 ], [ 110.3861118, -7.2347871 ], [ 110.3860615, -7.2347204 ] ] ] ] } },
{ "type": "Feature", "properties": { "full_id": "w639254098", "osm_id": "639254098", "osm_type": "way", "building": "yes", "name": null, "amenity": null, "brand": null, "wheelchair": null }, "geometry": { "type": "MultiPolygon", "coordinates": [ [ [ [ 110.3862558, -7.2347378 ], [ 110.3862147, -7.2348071 ], [ 110.3863373, -7.2348787 ], [ 110.3863785, -7.2348094 ], [ 110.3862558, -7.2347378 ] ] ] ] } },
{ "type": "Feature", "properties": { "full_id": "w639254099", "osm_id": "639254099", "osm_type": "way", "building": "yes", "name": null, "amenity": null, "brand": null, "wheelchair": null }, "geometry": { "type": "MultiPolygon", "coordinates": [ [ [ [ 110.3863355, -7.234888 ], [ 110.3862779, -7.234934 ], [ 110.3863422, -7.2350132 ], [ 110.3863998, -7.2349672 ], [ 110.3863355, -7.234888 ] ] ] ] } },
{ "type": "Feature", "properties": { "full_id": "w639254100", "osm_id": "639254100", "osm_type": "way", "building": "yes", "name": null, "amenity": null, "brand": null, "wheelchair": null }, "geometry": { "type": "MultiPolygon", "coordinates": [ [ [ [ 110.3863969, -7.2348319 ], [ 110.3863515, -7.2348735 ], [ 110.3864384, -7.2349668 ], [ 110.3864837, -7.2349253 ], [ 110.3863969, -7.2348319 ] ] ] ] } },
{ "type": "Feature", "properties": { "full_id": "w639254101", "osm_id": "639254101", "osm_type": "way", "building": "yes", "name": null, "amenity": null, "brand": null, "wheelchair": null }, "geometry": { "type": "MultiPolygon", "coordinates": [ [ [ [ 110.3863979, -7.2350385 ], [ 110.386476, -7.2351411 ], [ 110.3865246, -7.2351047 ], [ 110.3865169, -7.2350945 ], [ 110.3864464, -7.2350021 ], [ 110.3863979, -7.2350385 ] ] ] ] } },
{ "type": "Feature", "properties": { "full_id": "w639254102", "osm_id": "639254102", "osm_type": "way", "building": "yes", "name": null, "amenity": null, "brand": null, "wheelchair": null }, "geometry": { "type": "MultiPolygon", "coordinates": [ [ [ [ 110.3863455, -7.2351748 ], [ 110.3862979, -7.2351741 ], [ 110.3862966, -7.2352606 ], [ 110.3863438, -7.2352613 ], [ 110.3863433, -7.235294 ], [ 110.3864661, -7.2352957 ], [ 110.3864677, -7.2351765 ], [ 110.3863455, -7.2351748 ] ] ] ] } },
{ "type": "Feature", "properties": { "full_id": "w639254103", "osm_id": "639254103", "osm_type": "way", "building": "yes", "name": null, "amenity": null, "brand": null, "wheelchair": null }, "geometry": { "type": "MultiPolygon", "coordinates": [ [ [ [ 110.3865748, -7.235066 ], [ 110.3865169, -7.2350945 ], [ 110.3865246, -7.2351047 ], [ 110.386577, -7.2352124 ], [ 110.3866335, -7.2351849 ], [ 110.3865748, -7.235066 ] ] ] ] } },
{ "type": "Feature", "properties": { "full_id": "w639254104", "osm_id": "639254104", "osm_type": "way", "building": "yes", "name": null, "amenity": null, "brand": null, "wheelchair": null }, "geometry": { "type": "MultiPolygon", "coordinates": [ [ [ [ 110.38659, -7.2353965 ], [ 110.3866487, -7.2354333 ], [ 110.3865934, -7.2355199 ], [ 110.3865347, -7.2354831 ], [ 110.38659, -7.2353965 ] ] ] ] } },
{ "type": "Feature", "properties": { "full_id": "w639254105", "osm_id": "639254105", "osm_type": "way", "building": "yes", "name": null, "amenity": null, "brand": null, "wheelchair": null }, "geometry": { "type": "MultiPolygon", "coordinates": [ [ [ [ 110.3865233, -7.2353537 ], [ 110.38659, -7.2353965 ], [ 110.3865347, -7.2354831 ], [ 110.386467, -7.2354427 ], [ 110.3865233, -7.2353537 ] ] ] ] } },
{ "type": "Feature", "properties": { "full_id": "w639254106", "osm_id": "639254106", "osm_type": "way", "building": "yes", "name": null, "amenity": null, "brand": null, "wheelchair": null }, "geometry": { "type": "MultiPolygon", "coordinates": [ [ [ [ 110.386452, -7.2353104 ], [ 110.3863983, -7.2353984 ], [ 110.386467, -7.2354427 ], [ 110.3865233, -7.2353537 ], [ 110.386452, -7.2353104 ] ] ] ] } },
{ "type": "Feature", "properties": { "full_id": "w639254107", "osm_id": "639254107", "osm_type": "way", "building": "yes", "name": null, "amenity": null, "brand": null, "wheelchair": null }, "geometry": { "type": "MultiPolygon", "coordinates": [ [ [ [ 110.3862579, -7.2351347 ], [ 110.3862589, -7.2351956 ], [ 110.3862408, -7.2351959 ], [ 110.3862424, -7.2352871 ], [ 110.3861897, -7.235288 ], [ 110.3861893, -7.2352683 ], [ 110.3861879, -7.2351845 ], [ 110.3861876, -7.2351684 ], [ 110.386187, -7.2351359 ], [ 110.3862579, -7.2351347 ] ] ] ] } },
{ "type": "Feature", "properties": { "full_id": "w639254108", "osm_id": "639254108", "osm_type": "way", "building": "yes", "name": null, "amenity": null, "brand": null, "wheelchair": null }, "geometry": { "type": "MultiPolygon", "coordinates": [ [ [ [ 110.386184, -7.2350763 ], [ 110.3862557, -7.2350731 ], [ 110.3862579, -7.2351347 ], [ 110.386187, -7.2351359 ], [ 110.386184, -7.2350763 ] ] ] ] } },
{ "type": "Feature", "properties": { "full_id": "w639254109", "osm_id": "639254109", "osm_type": "way", "building": "yes", "name": null, "amenity": null, "brand": null, "wheelchair": null }, "geometry": { "type": "MultiPolygon", "coordinates": [ [ [ [ 110.3861248, -7.2351857 ], [ 110.3861263, -7.2352695 ], [ 110.3861893, -7.2352683 ], [ 110.3861879, -7.2351845 ], [ 110.3861248, -7.2351857 ] ] ] ] } },
{ "type": "Feature", "properties": { "full_id": "w639254110", "osm_id": "639254110", "osm_type": "way", "building": "yes", "name": null, "amenity": null, "brand": null, "wheelchair": null }, "geometry": { "type": "MultiPolygon", "coordinates": [ [ [ [ 110.3861085, -7.2350794 ], [ 110.3861118, -7.2351711 ], [ 110.3861876, -7.2351684 ], [ 110.386187, -7.2351359 ], [ 110.386184, -7.2350763 ], [ 110.3861085, -7.2350794 ] ] ] ] } },
{ "type": "Feature", "properties": { "full_id": "w639254111", "osm_id": "639254111", "osm_type": "way", "building": "yes", "name": null, "amenity": null, "brand": null, "wheelchair": null }, "geometry": { "type": "MultiPolygon", "coordinates": [ [ [ [ 110.3859682, -7.2352068 ], [ 110.3861066, -7.2352086 ], [ 110.3861057, -7.2352705 ], [ 110.3859669, -7.2352687 ], [ 110.3859673, -7.2352428 ], [ 110.3859682, -7.2352068 ] ] ] ] } },
{ "type": "Feature", "properties": { "full_id": "w639254112", "osm_id": "639254112", "osm_type": "way", "building": "yes", "name": null, "amenity": null, "brand": null, "wheelchair": null }, "geometry": { "type": "MultiPolygon", "coordinates": [ [ [ [ 110.3859629, -7.2351435 ], [ 110.3859602, -7.2350995 ], [ 110.3860938, -7.2350913 ], [ 110.3861, -7.2351915 ], [ 110.3859664, -7.2351997 ], [ 110.3859629, -7.2351435 ] ] ] ] } },
{ "type": "Feature", "properties": { "full_id": "w639254114", "osm_id": "639254114", "osm_type": "way", "building": "yes", "name": null, "amenity": null, "brand": null, "wheelchair": null }, "geometry": { "type": "MultiPolygon", "coordinates": [ [ [ [ 110.3858019, -7.2351279 ], [ 110.385796, -7.2352389 ], [ 110.3858784, -7.2352432 ], [ 110.385878, -7.2351305 ], [ 110.3858019, -7.2351279 ] ] ] ] } },
{ "type": "Feature", "properties": { "full_id": "w639254115", "osm_id": "639254115", "osm_type": "way", "building": "yes", "name": null, "amenity": null, "brand": null, "wheelchair": null }, "geometry": { "type": "MultiPolygon", "coordinates": [ [ [ [ 110.3858063, -7.2352848 ], [ 110.3859117, -7.2352862 ], [ 110.3859104, -7.2353875 ], [ 110.385805, -7.2353861 ], [ 110.3858063, -7.2352848 ] ] ] ] } },
{ "type": "Feature", "properties": { "full_id": "w639254116", "osm_id": "639254116", "osm_type": "way", "building": "yes", "name": null, "amenity": null, "brand": null, "wheelchair": null }, "geometry": { "type": "MultiPolygon", "coordinates": [ [ [ [ 110.3857137, -7.235404 ], [ 110.3857144, -7.2353558 ], [ 110.385746, -7.2353563 ], [ 110.3857475, -7.2352565 ], [ 110.3858068, -7.2352574 ], [ 110.3858063, -7.2352848 ], [ 110.385805, -7.2353861 ], [ 110.3858046, -7.2354054 ], [ 110.3857894, -7.2354051 ], [ 110.3857137, -7.235404 ] ] ] ] } },
{ "type": "Feature", "properties": { "full_id": "w639254117", "osm_id": "639254117", "osm_type": "way", "building": "yes", "name": null, "amenity": null, "brand": null, "wheelchair": null }, "geometry": { "type": "MultiPolygon", "coordinates": [ [ [ [ 110.3857119, -7.23547 ], [ 110.3857137, -7.235404 ], [ 110.3857894, -7.2354051 ], [ 110.3857885, -7.2354711 ], [ 110.3857119, -7.23547 ] ] ] ] } },
{ "type": "Feature", "properties": { "full_id": "w639254118", "osm_id": "639254118", "osm_type": "way", "building": "yes", "name": null, "amenity": null, "brand": null, "wheelchair": null }, "geometry": { "type": "MultiPolygon", "coordinates": [ [ [ [ 110.3857119, -7.23547 ], [ 110.3857086, -7.2355438 ], [ 110.3857852, -7.2355474 ], [ 110.3857885, -7.2354711 ], [ 110.3857119, -7.23547 ] ] ] ] } },
{ "type": "Feature", "properties": { "full_id": "w639254119", "osm_id": "639254119", "osm_type": "way", "building": "yes", "name": null, "amenity": null, "brand": null, "wheelchair": null }, "geometry": { "type": "MultiPolygon", "coordinates": [ [ [ [ 110.3858143, -7.235484 ], [ 110.3858146, -7.2355492 ], [ 110.3858998, -7.2355488 ], [ 110.3858995, -7.2354836 ], [ 110.3858143, -7.235484 ] ] ] ] } },
{ "type": "Feature", "properties": { "full_id": "w639254120", "osm_id": "639254120", "osm_type": "way", "building": "yes", "name": null, "amenity": null, "brand": null, "wheelchair": null }, "geometry": { "type": "MultiPolygon", "coordinates": [ [ [ [ 110.3858228, -7.2354002 ], [ 110.3858209, -7.235474 ], [ 110.3859047, -7.2354762 ], [ 110.3859066, -7.2354023 ], [ 110.3858228, -7.2354002 ] ] ] ] } },
{ "type": "Feature", "properties": { "full_id": "w639254123", "osm_id": "639254123", "osm_type": "way", "building": "yes", "name": null, "amenity": null, "brand": null, "wheelchair": null }, "geometry": { "type": "MultiPolygon", "coordinates": [ [ [ [ 110.3859827, -7.2353123 ], [ 110.3859839, -7.2353872 ], [ 110.3860791, -7.2353883 ], [ 110.3860807, -7.2353142 ], [ 110.3859827, -7.2353123 ] ] ] ] } },
{ "type": "Feature", "properties": { "full_id": "w639254124", "osm_id": "639254124", "osm_type": "way", "building": "yes", "name": null, "amenity": null, "brand": null, "wheelchair": null }, "geometry": { "type": "MultiPolygon", "coordinates": [ [ [ [ 110.3860553, -7.2354211 ], [ 110.3859774, -7.2354219 ], [ 110.3859794, -7.2354347 ], [ 110.3859769, -7.23553 ], [ 110.3860565, -7.235531 ], [ 110.3860553, -7.2354211 ] ] ] ] } },
{ "type": "Feature", "properties": { "full_id": "w639254125", "osm_id": "639254125", "osm_type": "way", "building": "yes", "name": null, "amenity": null, "brand": null, "wheelchair": null }, "geometry": { "type": "MultiPolygon", "coordinates": [ [ [ [ 110.3860807, -7.2353142 ], [ 110.3860791, -7.2353883 ], [ 110.3860801, -7.2354215 ], [ 110.3861028, -7.2354214 ], [ 110.3861559, -7.2354213 ], [ 110.3861556, -7.2353167 ], [ 110.3860807, -7.2353142 ] ] ] ] } },
{ "type": "Feature", "properties": { "full_id": "w639254126", "osm_id": "639254126", "osm_type": "way", "building": "yes", "name": null, "amenity": null, "brand": null, "wheelchair": null }, "geometry": { "type": "MultiPolygon", "coordinates": [ [ [ [ 110.3861028, -7.2354214 ], [ 110.3861559, -7.2354213 ], [ 110.3861551, -7.2354891 ], [ 110.3861366, -7.2354888 ], [ 110.3861015, -7.2354881 ], [ 110.3861028, -7.2354214 ] ] ] ] } },
{ "type": "Feature", "properties": { "full_id": "w639254127", "osm_id": "639254127", "osm_type": "way", "building": "yes", "name": null, "amenity": null, "brand": null, "wheelchair": null }, "geometry": { "type": "MultiPolygon", "coordinates": [ [ [ [ 110.3860553, -7.2354211 ], [ 110.3860565, -7.235531 ], [ 110.3861361, -7.2355308 ], [ 110.3861366, -7.2354888 ], [ 110.3861015, -7.2354881 ], [ 110.3861028, -7.2354214 ], [ 110.3860801, -7.2354215 ], [ 110.3860553, -7.2354211 ] ] ] ] } },
{ "type": "Feature", "properties": { "full_id": "w639254128", "osm_id": "639254128", "osm_type": "way", "building": "yes", "name": null, "amenity": null, "brand": null, "wheelchair": null }, "geometry": { "type": "MultiPolygon", "coordinates": [ [ [ [ 110.3847538, -7.2353601 ], [ 110.3847402, -7.2353601 ], [ 110.3846732, -7.23536 ], [ 110.3846731, -7.2354953 ], [ 110.3847537, -7.2354953 ], [ 110.3847538, -7.2353601 ] ] ] ] } },
{ "type": "Feature", "properties": { "full_id": "w639254129", "osm_id": "639254129", "osm_type": "way", "building": "yes", "name": null, "amenity": null, "brand": null, "wheelchair": null }, "geometry": { "type": "MultiPolygon", "coordinates": [ [ [ [ 110.3847528, -7.2353419 ], [ 110.3847538, -7.2353601 ], [ 110.3847537, -7.2354953 ], [ 110.384835, -7.2354926 ], [ 110.3848332, -7.235341 ], [ 110.3847528, -7.2353419 ] ] ] ] } },
{ "type": "Feature", "properties": { "full_id": "w639254130", "osm_id": "639254130", "osm_type": "way", "building": "yes", "name": null, "amenity": null, "brand": null, "wheelchair": null }, "geometry": { "type": "MultiPolygon", "coordinates": [ [ [ [ 110.3849458, -7.2352945 ], [ 110.3849686, -7.2354017 ], [ 110.3850644, -7.2353817 ], [ 110.3850416, -7.2352745 ], [ 110.3849458, -7.2352945 ] ] ] ] } },
{ "type": "Feature", "properties": { "full_id": "w639254131", "osm_id": "639254131", "osm_type": "way", "building": "yes", "name": null, "amenity": null, "brand": null, "wheelchair": null }, "geometry": { "type": "MultiPolygon", "coordinates": [ [ [ [ 110.3849827, -7.2354276 ], [ 110.384943, -7.2355214 ], [ 110.3850564, -7.2355685 ], [ 110.385096, -7.2354748 ], [ 110.3849827, -7.2354276 ] ] ] ] } },
{ "type": "Feature", "properties": { "full_id": "w639254132", "osm_id": "639254132", "osm_type": "way", "building": "yes", "name": null, "amenity": null, "brand": null, "wheelchair": null }, "geometry": { "type": "MultiPolygon", "coordinates": [ [ [ [ 110.3850927, -7.2352918 ], [ 110.3851051, -7.2353941 ], [ 110.3851864, -7.2353844 ], [ 110.385174, -7.2352821 ], [ 110.3850927, -7.2352918 ] ] ] ] } },
{ "type": "Feature", "properties": { "full_id": "w639254133", "osm_id": "639254133", "osm_type": "way", "building": "yes", "name": null, "amenity": null, "brand": null, "wheelchair": null }, "geometry": { "type": "MultiPolygon", "coordinates": [ [ [ [ 110.3852044, -7.2352652 ], [ 110.3852151, -7.2353719 ], [ 110.385304, -7.2353631 ], [ 110.3852934, -7.2352565 ], [ 110.3852044, -7.2352652 ] ] ] ] } },
{ "type": "Feature", "properties": { "full_id": "w639254134", "osm_id": "639254134", "osm_type": "way", "building": "yes", "name": null, "amenity": null, "brand": null, "wheelchair": null }, "geometry": { "type": "MultiPolygon", "coordinates": [ [ [ [ 110.3851807, -7.2354403 ], [ 110.3851512, -7.2355332 ], [ 110.3852595, -7.2355682 ], [ 110.3852889, -7.2354753 ], [ 110.3851807, -7.2354403 ] ] ] ] } },
{ "type": "Feature", "properties": { "full_id": "w639254136", "osm_id": "639254136", "osm_type": "way", "building": "yes", "name": null, "amenity": null, "brand": null, "wheelchair": null }, "geometry": { "type": "MultiPolygon", "coordinates": [ [ [ [ 110.3853623, -7.2353281 ], [ 110.3853431, -7.2354293 ], [ 110.3854867, -7.2354559 ], [ 110.3855023, -7.2353479 ], [ 110.3853623, -7.2353281 ] ] ] ] } },
{ "type": "Feature", "properties": { "full_id": "w639254137", "osm_id": "639254137", "osm_type": "way", "building": "yes", "name": null, "amenity": null, "brand": null, "wheelchair": null }, "geometry": { "type": "MultiPolygon", "coordinates": [ [ [ [ 110.3853548, -7.2354564 ], [ 110.3853355, -7.2355596 ], [ 110.3854225, -7.2355757 ], [ 110.3854418, -7.2354724 ], [ 110.3853548, -7.2354564 ] ] ] ] } },
{ "type": "Feature", "properties": { "full_id": "w639254138", "osm_id": "639254138", "osm_type": "way", "building": "yes", "name": null, "amenity": null, "brand": null, "wheelchair": null }, "geometry": { "type": "MultiPolygon", "coordinates": [ [ [ [ 110.385531, -7.235251 ], [ 110.38552, -7.2353834 ], [ 110.3856498, -7.2353939 ], [ 110.3856534, -7.2353508 ], [ 110.3856048, -7.2353468 ], [ 110.3856122, -7.2352576 ], [ 110.385531, -7.235251 ] ] ] ] } },
{ "type": "Feature", "properties": { "full_id": "w639254139", "osm_id": "639254139", "osm_type": "way", "building": "yes", "name": null, "amenity": null, "brand": null, "wheelchair": null }, "geometry": { "type": "MultiPolygon", "coordinates": [ [ [ [ 110.3856035, -7.235434 ], [ 110.3855174, -7.2354232 ], [ 110.3855134, -7.2354547 ], [ 110.3855422, -7.2354583 ], [ 110.3855344, -7.2355199 ], [ 110.3855684, -7.2355242 ], [ 110.3855916, -7.2355271 ], [ 110.3856035, -7.235434 ] ] ] ] } },
{ "type": "Feature", "properties": { "full_id": "w639254140", "osm_id": "639254140", "osm_type": "way", "building": "yes", "name": null, "amenity": null, "brand": null, "wheelchair": null }, "geometry": { "type": "MultiPolygon", "coordinates": [ [ [ [ 110.3855916, -7.2355271 ], [ 110.3856035, -7.235434 ], [ 110.3856705, -7.2354402 ], [ 110.3856608, -7.2355346 ], [ 110.3855916, -7.2355271 ] ] ] ] } },
{ "type": "Feature", "properties": { "full_id": "w639254141", "osm_id": "639254141", "osm_type": "way", "building": "yes", "name": null, "amenity": null, "brand": null, "wheelchair": null }, "geometry": { "type": "MultiPolygon", "coordinates": [ [ [ [ 110.3855596, -7.2355818 ], [ 110.3855684, -7.2355242 ], [ 110.3855916, -7.2355271 ], [ 110.3856608, -7.2355346 ], [ 110.3856563, -7.2355964 ], [ 110.3855596, -7.2355818 ] ] ] ] } },
{ "type": "Feature", "properties": { "full_id": "w639254142", "osm_id": "639254142", "osm_type": "way", "building": "yes", "name": null, "amenity": null, "brand": null, "wheelchair": null }, "geometry": { "type": "MultiPolygon", "coordinates": [ [ [ [ 110.3855514, -7.2356337 ], [ 110.3855596, -7.2355818 ], [ 110.3856563, -7.2355964 ], [ 110.3856681, -7.2355993 ], [ 110.385659, -7.235652 ], [ 110.3856314, -7.2356473 ], [ 110.3855514, -7.2356337 ] ] ] ] } },
{ "type": "Feature", "properties": { "full_id": "w639254143", "osm_id": "639254143", "osm_type": "way", "building": "yes", "name": null, "amenity": null, "brand": null, "wheelchair": null }, "geometry": { "type": "MultiPolygon", "coordinates": [ [ [ [ 110.3853731, -7.235673 ], [ 110.3853599, -7.2357252 ], [ 110.3852871, -7.235707 ], [ 110.3853147, -7.2355978 ], [ 110.3853875, -7.235616 ], [ 110.3853731, -7.235673 ] ] ] ] } },
{ "type": "Feature", "properties": { "full_id": "w639254144", "osm_id": "639254144", "osm_type": "way", "building": "yes", "name": null, "amenity": null, "brand": null, "wheelchair": null }, "geometry": { "type": "MultiPolygon", "coordinates": [ [ [ [ 110.3853875, -7.235616 ], [ 110.3853731, -7.235673 ], [ 110.3854352, -7.2356852 ], [ 110.3854471, -7.235625 ], [ 110.3853875, -7.235616 ] ] ] ] } },
{ "type": "Feature", "properties": { "full_id": "w639254145", "osm_id": "639254145", "osm_type": "way", "building": "yes", "name": null, "amenity": null, "brand": null, "wheelchair": null }, "geometry": { "type": "MultiPolygon", "coordinates": [ [ [ [ 110.3855321, -7.2357348 ], [ 110.3855227, -7.235783 ], [ 110.3854469, -7.2357684 ], [ 110.3854762, -7.2356188 ], [ 110.3855514, -7.2356337 ], [ 110.3855321, -7.2357348 ] ] ] ] } },
{ "type": "Feature", "properties": { "full_id": "w639254146", "osm_id": "639254146", "osm_type": "way", "building": "yes", "name": null, "amenity": null, "brand": null, "wheelchair": null }, "geometry": { "type": "MultiPolygon", "coordinates": [ [ [ [ 110.3855514, -7.2356337 ], [ 110.3855321, -7.2357348 ], [ 110.3856167, -7.2357471 ], [ 110.3856314, -7.2356473 ], [ 110.3855514, -7.2356337 ] ] ] ] } },
{ "type": "Feature", "properties": { "full_id": "w639254147", "osm_id": "639254147", "osm_type": "way", "building": "yes", "name": null, "amenity": null, "brand": null, "wheelchair": null }, "geometry": { "type": "MultiPolygon", "coordinates": [ [ [ [ 110.3857628, -7.2356693 ], [ 110.3857628, -7.2357239 ], [ 110.3858592, -7.2357239 ], [ 110.3858592, -7.2356693 ], [ 110.3857628, -7.2356693 ] ] ] ] } },
{ "type": "Feature", "properties": { "full_id": "w639254148", "osm_id": "639254148", "osm_type": "way", "building": "yes", "name": null, "amenity": null, "brand": null, "wheelchair": null }, "geometry": { "type": "MultiPolygon", "coordinates": [ [ [ [ 110.385747, -7.2355981 ], [ 110.3857478, -7.23567 ], [ 110.3857628, -7.2356693 ], [ 110.3858592, -7.2356693 ], [ 110.385859, -7.2355969 ], [ 110.385747, -7.2355981 ] ] ] ] } },
{ "type": "Feature", "properties": { "full_id": "w639254149", "osm_id": "639254149", "osm_type": "way", "building": "yes", "name": null, "amenity": null, "brand": null, "wheelchair": null }, "geometry": { "type": "MultiPolygon", "coordinates": [ [ [ [ 110.3860503, -7.2357091 ], [ 110.385944, -7.235731 ], [ 110.3859156, -7.235596 ], [ 110.386022, -7.235574 ], [ 110.3860262, -7.2355942 ], [ 110.3860503, -7.2357091 ] ] ] ] } },
{ "type": "Feature", "properties": { "full_id": "w639254150", "osm_id": "639254150", "osm_type": "way", "building": "yes", "name": null, "amenity": null, "brand": null, "wheelchair": null }, "geometry": { "type": "MultiPolygon", "coordinates": [ [ [ [ 110.3860262, -7.2355942 ], [ 110.3860503, -7.2357091 ], [ 110.3861284, -7.2356868 ], [ 110.3860965, -7.2355744 ], [ 110.3860262, -7.2355942 ] ] ] ] } },
{ "type": "Feature", "properties": { "full_id": "w639254151", "osm_id": "639254151", "osm_type": "way", "building": "yes", "name": null, "amenity": null, "brand": null, "wheelchair": null }, "geometry": { "type": "MultiPolygon", "coordinates": [ [ [ [ 110.3860965, -7.2355744 ], [ 110.3861284, -7.2356868 ], [ 110.3861816, -7.2356726 ], [ 110.3861489, -7.2355569 ], [ 110.3860965, -7.2355744 ] ] ] ] } },
{ "type": "Feature", "properties": { "full_id": "w639254152", "osm_id": "639254152", "osm_type": "way", "building": "yes", "name": null, "amenity": null, "brand": null, "wheelchair": null }, "geometry": { "type": "MultiPolygon", "coordinates": [ [ [ [ 110.3862514, -7.2353927 ], [ 110.3862148, -7.2354862 ], [ 110.3862828, -7.2355124 ], [ 110.3863194, -7.2354189 ], [ 110.3862514, -7.2353927 ] ] ] ] } },
{ "type": "Feature", "properties": { "full_id": "w639254153", "osm_id": "639254153", "osm_type": "way", "building": "yes", "name": null, "amenity": null, "brand": null, "wheelchair": null }, "geometry": { "type": "MultiPolygon", "coordinates": [ [ [ [ 110.3862776, -7.2355652 ], [ 110.3862404, -7.2356145 ], [ 110.3862572, -7.2356269 ], [ 110.3862466, -7.2356411 ], [ 110.3862894, -7.2356728 ], [ 110.3863372, -7.2356094 ], [ 110.3862776, -7.2355652 ] ] ] ] } },
{ "type": "Feature", "properties": { "full_id": "w639254154", "osm_id": "639254154", "osm_type": "way", "building": "yes", "name": null, "amenity": null, "brand": null, "wheelchair": null }, "geometry": { "type": "MultiPolygon", "coordinates": [ [ [ [ 110.3862986, -7.2355357 ], [ 110.3862776, -7.2355652 ], [ 110.3863372, -7.2356094 ], [ 110.38636, -7.2355813 ], [ 110.3862986, -7.2355357 ] ] ] ] } },
{ "type": "Feature", "properties": { "full_id": "w639254155", "osm_id": "639254155", "osm_type": "way", "building": "yes", "name": null, "amenity": null, "brand": null, "wheelchair": null }, "geometry": { "type": "MultiPolygon", "coordinates": [ [ [ [ 110.3863597, -7.2355546 ], [ 110.3863176, -7.2355243 ], [ 110.3863685, -7.2354547 ], [ 110.3864106, -7.235485 ], [ 110.3863597, -7.2355546 ] ] ] ] } },
{ "type": "Feature", "properties": { "full_id": "w639254156", "osm_id": "639254156", "osm_type": "way", "building": "yes", "name": null, "amenity": null, "brand": null, "wheelchair": null }, "geometry": { "type": "MultiPolygon", "coordinates": [ [ [ [ 110.3864106, -7.235485 ], [ 110.3863597, -7.2355546 ], [ 110.3863977, -7.235585 ], [ 110.3864524, -7.2355146 ], [ 110.3864106, -7.235485 ] ] ] ] } },
{ "type": "Feature", "properties": { "full_id": "w639254157", "osm_id": "639254157", "osm_type": "way", "building": "yes", "name": null, "amenity": null, "brand": null, "wheelchair": null }, "geometry": { "type": "MultiPolygon", "coordinates": [ [ [ [ 110.3865069, -7.2355168 ], [ 110.3864612, -7.2355834 ], [ 110.386512, -7.2356178 ], [ 110.3865578, -7.2355512 ], [ 110.3865069, -7.2355168 ] ] ] ] } },
{ "type": "Feature", "properties": { "full_id": "w639254158", "osm_id": "639254158", "osm_type": "way", "building": "yes", "name": null, "amenity": null, "brand": null, "wheelchair": null }, "geometry": { "type": "MultiPolygon", "coordinates": [ [ [ [ 110.3862575, -7.2357158 ], [ 110.3863098, -7.2357495 ], [ 110.3862438, -7.2358503 ], [ 110.3861915, -7.2358166 ], [ 110.3862575, -7.2357158 ] ] ] ] } },
{ "type": "Feature", "properties": { "full_id": "w639254159", "osm_id": "639254159", "osm_type": "way", "building": "yes", "name": null, "amenity": null, "brand": null, "wheelchair": null }, "geometry": { "type": "MultiPolygon", "coordinates": [ [ [ [ 110.3862007, -7.2356757 ], [ 110.3861283, -7.2357761 ], [ 110.3861915, -7.2358166 ], [ 110.3862575, -7.2357158 ], [ 110.3862007, -7.2356757 ] ] ] ] } },
{ "type": "Feature", "properties": { "full_id": "w639254160", "osm_id": "639254160", "osm_type": "way", "building": "yes", "name": null, "amenity": null, "brand": null, "wheelchair": null }, "geometry": { "type": "MultiPolygon", "coordinates": [ [ [ [ 110.3863323, -7.2357505 ], [ 110.3862685, -7.2358699 ], [ 110.3863455, -7.2359103 ], [ 110.3864092, -7.2357909 ], [ 110.3863323, -7.2357505 ] ] ] ] } },
{ "type": "Feature", "properties": { "full_id": "w639254161", "osm_id": "639254161", "osm_type": "way", "building": "yes", "name": null, "amenity": null, "brand": null, "wheelchair": null }, "geometry": { "type": "MultiPolygon", "coordinates": [ [ [ [ 110.3862685, -7.2358699 ], [ 110.3862101, -7.2359626 ], [ 110.3862684, -7.2359981 ], [ 110.386291, -7.2359614 ], [ 110.3863093, -7.2359725 ], [ 110.3863455, -7.2359103 ], [ 110.3862685, -7.2358699 ] ] ] ] } },
{ "type": "Feature", "properties": { "full_id": "w639254162", "osm_id": "639254162", "osm_type": "way", "building": "yes", "name": null, "amenity": null, "brand": null, "wheelchair": null }, "geometry": { "type": "MultiPolygon", "coordinates": [ [ [ [ 110.3854782, -7.235848 ], [ 110.385552, -7.2358775 ], [ 110.3855132, -7.2359728 ], [ 110.3854394, -7.2359432 ], [ 110.3854782, -7.235848 ] ] ] ] } },
{ "type": "Feature", "properties": { "full_id": "w639254163", "osm_id": "639254163", "osm_type": "way", "building": "yes", "name": null, "amenity": null, "brand": null, "wheelchair": null }, "geometry": { "type": "MultiPolygon", "coordinates": [ [ [ [ 110.3853978, -7.2358157 ], [ 110.3854782, -7.235848 ], [ 110.3854394, -7.2359432 ], [ 110.3853604, -7.2359132 ], [ 110.3853978, -7.2358157 ] ] ] ] } },
{ "type": "Feature", "properties": { "full_id": "w639254164", "osm_id": "639254164", "osm_type": "way", "building": "yes", "name": null, "amenity": null, "brand": null, "wheelchair": null }, "geometry": { "type": "MultiPolygon", "coordinates": [ [ [ [ 110.3853185, -7.2357718 ], [ 110.3852767, -7.2358771 ], [ 110.3853604, -7.2359132 ], [ 110.3853978, -7.2358157 ], [ 110.3854028, -7.2358048 ], [ 110.3853185, -7.2357718 ] ] ] ] } },
{ "type": "Feature", "properties": { "full_id": "w639254165", "osm_id": "639254165", "osm_type": "way", "building": "yes", "name": null, "amenity": null, "brand": null, "wheelchair": null }, "geometry": { "type": "MultiPolygon", "coordinates": [ [ [ [ 110.3850337, -7.2358496 ], [ 110.3850944, -7.2359432 ], [ 110.3852065, -7.2358717 ], [ 110.3851458, -7.2357781 ], [ 110.3850337, -7.2358496 ] ] ] ] } },
{ "type": "Feature", "properties": { "full_id": "w639254166", "osm_id": "639254166", "osm_type": "way", "building": "yes", "name": null, "amenity": null, "brand": null, "wheelchair": null }, "geometry": { "type": "MultiPolygon", "coordinates": [ [ [ [ 110.3852659, -7.235876 ], [ 110.385168, -7.2359617 ], [ 110.3852324, -7.2360342 ], [ 110.3853304, -7.2359484 ], [ 110.3852659, -7.235876 ] ] ] ] } },
{ "type": "Feature", "properties": { "full_id": "w639254167", "osm_id": "639254167", "osm_type": "way", "building": "yes", "name": null, "amenity": null, "brand": null, "wheelchair": null }, "geometry": { "type": "MultiPolygon", "coordinates": [ [ [ [ 110.3856959, -7.2361875 ], [ 110.3856308, -7.2362322 ], [ 110.3856638, -7.2362796 ], [ 110.385817, -7.2361744 ], [ 110.3857839, -7.236127 ], [ 110.3856959, -7.2361875 ] ] ] ] } },
{ "type": "Feature", "properties": { "full_id": "w639254168", "osm_id": "639254168", "osm_type": "way", "building": "yes", "name": null, "amenity": null, "brand": null, "wheelchair": null }, "geometry": { "type": "MultiPolygon", "coordinates": [ [ [ [ 110.3857594, -7.2360779 ], [ 110.3856638, -7.2361347 ], [ 110.3856959, -7.2361875 ], [ 110.3857839, -7.236127 ], [ 110.3857594, -7.2360779 ] ] ] ] } },
{ "type": "Feature", "properties": { "full_id": "w639857877", "osm_id": "639857877", "osm_type": "way", "building": "yes", "name": null, "amenity": null, "brand": null, "wheelchair": null }, "geometry": { "type": "MultiPolygon", "coordinates": [ [ [ [ 110.3749731, -7.2317353 ], [ 110.3748995, -7.231775 ], [ 110.3749313, -7.231833 ], [ 110.3750049, -7.2317934 ], [ 110.3749731, -7.2317353 ] ] ] ] } },
{ "type": "Feature", "properties": { "full_id": "w639857878", "osm_id": "639857878", "osm_type": "way", "building": "yes", "name": null, "amenity": null, "brand": null, "wheelchair": null }, "geometry": { "type": "MultiPolygon", "coordinates": [ [ [ [ 110.3751075, -7.2322232 ], [ 110.3750251, -7.2321391 ], [ 110.3748388, -7.2323189 ], [ 110.3749678, -7.2324504 ], [ 110.3751541, -7.2322707 ], [ 110.3751075, -7.2322232 ] ] ] ] } },
{ "type": "Feature", "properties": { "full_id": "w639857879", "osm_id": "639857879", "osm_type": "way", "building": "yes", "name": null, "amenity": null, "brand": null, "wheelchair": null }, "geometry": { "type": "MultiPolygon", "coordinates": [ [ [ [ 110.3751809, -7.2321529 ], [ 110.3751075, -7.2322232 ], [ 110.3751541, -7.2322707 ], [ 110.3752358, -7.2323521 ], [ 110.3753078, -7.2322831 ], [ 110.3751809, -7.2321529 ] ] ] ] } },
{ "type": "Feature", "properties": { "full_id": "w639857880", "osm_id": "639857880", "osm_type": "way", "building": "yes", "name": null, "amenity": null, "brand": null, "wheelchair": null }, "geometry": { "type": "MultiPolygon", "coordinates": [ [ [ [ 110.3758213, -7.2328721 ], [ 110.3757619, -7.2329178 ], [ 110.3758184, -7.2329899 ], [ 110.3758778, -7.2329442 ], [ 110.3758213, -7.2328721 ] ] ] ] } },
{ "type": "Feature", "properties": { "full_id": "w639857890", "osm_id": "639857890", "osm_type": "way", "building": "yes", "name": null, "amenity": null, "brand": null, "wheelchair": null }, "geometry": { "type": "MultiPolygon", "coordinates": [ [ [ [ 110.3765912, -7.2343284 ], [ 110.3764411, -7.2344986 ], [ 110.3765169, -7.2345643 ], [ 110.3766727, -7.2343876 ], [ 110.3765912, -7.2343284 ] ] ] ] } },
{ "type": "Feature", "properties": { "full_id": "w639857891", "osm_id": "639857891", "osm_type": "way", "building": "yes", "name": null, "amenity": null, "brand": null, "wheelchair": null }, "geometry": { "type": "MultiPolygon", "coordinates": [ [ [ [ 110.3767665, -7.2346608 ], [ 110.3768293, -7.2348944 ], [ 110.3768966, -7.2348766 ], [ 110.3768331, -7.2346403 ], [ 110.3767665, -7.2346608 ] ] ] ] } },
{ "type": "Feature", "properties": { "full_id": "w639857892", "osm_id": "639857892", "osm_type": "way", "building": "yes", "name": null, "amenity": null, "brand": null, "wheelchair": null }, "geometry": { "type": "MultiPolygon", "coordinates": [ [ [ [ 110.3768944, -7.2350119 ], [ 110.3769165, -7.2351076 ], [ 110.3771191, -7.2350616 ], [ 110.377097, -7.2349659 ], [ 110.3768944, -7.2350119 ] ] ] ] } },
{ "type": "Feature", "properties": { "full_id": "w639857893", "osm_id": "639857893", "osm_type": "way", "building": "yes", "name": null, "amenity": null, "brand": null, "wheelchair": null }, "geometry": { "type": "MultiPolygon", "coordinates": [ [ [ [ 110.3768642, -7.2353064 ], [ 110.3768842, -7.2353833 ], [ 110.3772043, -7.2353013 ], [ 110.3771843, -7.2352244 ], [ 110.3768642, -7.2353064 ] ] ] ] } },
{ "type": "Feature", "properties": { "full_id": "w639857894", "osm_id": "639857894", "osm_type": "way", "building": "yes", "name": null, "amenity": null, "brand": null, "wheelchair": null }, "geometry": { "type": "MultiPolygon", "coordinates": [ [ [ [ 110.379692, -7.2329575 ], [ 110.3796461, -7.233067 ], [ 110.3797376, -7.2331047 ], [ 110.3797834, -7.2329952 ], [ 110.379692, -7.2329575 ] ] ] ] } },
{ "type": "Feature", "properties": { "full_id": "w639857895", "osm_id": "639857895", "osm_type": "way", "building": "yes", "name": null, "amenity": null, "brand": null, "wheelchair": null }, "geometry": { "type": "MultiPolygon", "coordinates": [ [ [ [ 110.3796395, -7.2331503 ], [ 110.3795933, -7.2332824 ], [ 110.3796861, -7.2333144 ], [ 110.3797323, -7.2331823 ], [ 110.3796395, -7.2331503 ] ] ] ] } },
{ "type": "Feature", "properties": { "full_id": "w639857896", "osm_id": "639857896", "osm_type": "way", "building": "yes", "name": null, "amenity": null, "brand": null, "wheelchair": null }, "geometry": { "type": "MultiPolygon", "coordinates": [ [ [ [ 110.3795777, -7.233394 ], [ 110.3796095, -7.2333226 ], [ 110.3797012, -7.2333628 ], [ 110.3796695, -7.2334342 ], [ 110.3795777, -7.233394 ] ] ] ] } },
{ "type": "Feature", "properties": { "full_id": "w639857897", "osm_id": "639857897", "osm_type": "way", "building": "yes", "name": null, "amenity": null, "brand": null, "wheelchair": null }, "geometry": { "type": "MultiPolygon", "coordinates": [ [ [ [ 110.3795777, -7.233394 ], [ 110.3795525, -7.2334568 ], [ 110.3796411, -7.2334955 ], [ 110.3796695, -7.2334342 ], [ 110.3795777, -7.233394 ] ] ] ] } },
{ "type": "Feature", "properties": { "full_id": "w639857898", "osm_id": "639857898", "osm_type": "way", "building": "yes", "name": null, "amenity": null, "brand": null, "wheelchair": null }, "geometry": { "type": "MultiPolygon", "coordinates": [ [ [ [ 110.3794871, -7.2331994 ], [ 110.3794609, -7.2332672 ], [ 110.3794913, -7.2332788 ], [ 110.3794412, -7.2334078 ], [ 110.3795194, -7.2334377 ], [ 110.3795913, -7.2332523 ], [ 110.3794871, -7.2331994 ] ] ] ] } },
{ "type": "Feature", "properties": { "full_id": "w639857899", "osm_id": "639857899", "osm_type": "way", "building": "yes", "name": null, "amenity": null, "brand": null, "wheelchair": null }, "geometry": { "type": "MultiPolygon", "coordinates": [ [ [ [ 110.3793439, -7.2332965 ], [ 110.3792935, -7.2334744 ], [ 110.3793719, -7.2334963 ], [ 110.3794052, -7.233379 ], [ 110.3794337, -7.233387 ], [ 110.3794509, -7.2333264 ], [ 110.3793439, -7.2332965 ] ] ] ] } },
{ "type": "Feature", "properties": { "full_id": "w639857900", "osm_id": "639857900", "osm_type": "way", "building": "yes", "name": null, "amenity": null, "brand": null, "wheelchair": null }, "geometry": { "type": "MultiPolygon", "coordinates": [ [ [ [ 110.3791344, -7.2333162 ], [ 110.3790959, -7.2334382 ], [ 110.3792129, -7.2334745 ], [ 110.3792514, -7.2333525 ], [ 110.3791344, -7.2333162 ] ] ] ] } },
{ "type": "Feature", "properties": { "full_id": "w639857901", "osm_id": "639857901", "osm_type": "way", "building": "yes", "name": null, "amenity": null, "brand": null, "wheelchair": null }, "geometry": { "type": "MultiPolygon", "coordinates": [ [ [ [ 110.3789456, -7.2336092 ], [ 110.3790199, -7.2336384 ], [ 110.378963, -7.2337809 ], [ 110.3788632, -7.2337417 ], [ 110.3789201, -7.2335992 ], [ 110.3789456, -7.2336092 ] ] ] ] } },
{ "type": "Feature", "properties": { "full_id": "w639857902", "osm_id": "639857902", "osm_type": "way", "building": "yes", "name": null, "amenity": null, "brand": null, "wheelchair": null }, "geometry": { "type": "MultiPolygon", "coordinates": [ [ [ [ 110.3791998, -7.2336002 ], [ 110.3791568, -7.2336926 ], [ 110.3790583, -7.2336475 ], [ 110.3791013, -7.233555 ], [ 110.3791998, -7.2336002 ] ] ] ] } },
{ "type": "Feature", "properties": { "full_id": "w639857903", "osm_id": "639857903", "osm_type": "way", "building": "yes", "name": null, "amenity": null, "brand": null, "wheelchair": null }, "geometry": { "type": "MultiPolygon", "coordinates": [ [ [ [ 110.3793609, -7.2336412 ], [ 110.3793682, -7.2336248 ], [ 110.3794337, -7.2336532 ], [ 110.3794045, -7.2337195 ], [ 110.3793389, -7.233691 ], [ 110.3793609, -7.2336412 ] ] ] ] } },
{ "type": "Feature", "properties": { "full_id": "w639857904", "osm_id": "639857904", "osm_type": "way", "building": "yes", "name": null, "amenity": null, "brand": null, "wheelchair": null }, "geometry": { "type": "MultiPolygon", "coordinates": [ [ [ [ 110.3793022, -7.2336126 ], [ 110.3792493, -7.2337197 ], [ 110.3793092, -7.2337489 ], [ 110.3793389, -7.233691 ], [ 110.3793609, -7.2336412 ], [ 110.3793022, -7.2336126 ] ] ] ] } },
{ "type": "Feature", "properties": { "full_id": "w639857905", "osm_id": "639857905", "osm_type": "way", "building": "yes", "name": null, "amenity": null, "brand": null, "wheelchair": null }, "geometry": { "type": "MultiPolygon", "coordinates": [ [ [ [ 110.3792149, -7.2337049 ], [ 110.3791771, -7.2337865 ], [ 110.3792712, -7.2338295 ], [ 110.3793092, -7.2337489 ], [ 110.3792493, -7.2337197 ], [ 110.3792149, -7.2337049 ] ] ] ] } },
{ "type": "Feature", "properties": { "full_id": "w639857906", "osm_id": "639857906", "osm_type": "way", "building": "yes", "name": null, "amenity": null, "brand": null, "wheelchair": null }, "geometry": { "type": "MultiPolygon", "coordinates": [ [ [ [ 110.3790401, -7.2337716 ], [ 110.3789916, -7.2338881 ], [ 110.3790819, -7.2339252 ], [ 110.3791304, -7.2338086 ], [ 110.3790401, -7.2337716 ] ] ] ] } },
{ "type": "Feature", "properties": { "full_id": "w639857907", "osm_id": "639857907", "osm_type": "way", "building": "yes", "name": null, "amenity": null, "brand": null, "wheelchair": null }, "geometry": { "type": "MultiPolygon", "coordinates": [ [ [ [ 110.3791403, -7.2338765 ], [ 110.3791769, -7.2338039 ], [ 110.3793002, -7.233865 ], [ 110.3792636, -7.2339376 ], [ 110.3792208, -7.2339164 ], [ 110.3791403, -7.2338765 ] ] ] ] } },
{ "type": "Feature", "properties": { "full_id": "w639857908", "osm_id": "639857908", "osm_type": "way", "building": "yes", "name": null, "amenity": null, "brand": null, "wheelchair": null }, "geometry": { "type": "MultiPolygon", "coordinates": [ [ [ [ 110.3791403, -7.2338765 ], [ 110.3791041, -7.2339549 ], [ 110.3791856, -7.2339923 ], [ 110.3792208, -7.2339164 ], [ 110.3791403, -7.2338765 ] ] ] ] } },
{ "type": "Feature", "properties": { "full_id": "w639857909", "osm_id": "639857909", "osm_type": "way", "building": "yes", "name": null, "amenity": null, "brand": null, "wheelchair": null }, "geometry": { "type": "MultiPolygon", "coordinates": [ [ [ [ 110.3801972, -7.234126 ], [ 110.3802328, -7.2341677 ], [ 110.3803323, -7.2340842 ], [ 110.3802834, -7.2340269 ], [ 110.3801839, -7.2341105 ], [ 110.3801972, -7.234126 ] ] ] ] } },
{ "type": "Feature", "properties": { "full_id": "w639857910", "osm_id": "639857910", "osm_type": "way", "building": "yes", "name": null, "amenity": null, "brand": null, "wheelchair": null }, "geometry": { "type": "MultiPolygon", "coordinates": [ [ [ [ 110.3800751, -7.2338145 ], [ 110.3800339, -7.2338932 ], [ 110.3801558, -7.233956 ], [ 110.380197, -7.2338774 ], [ 110.3800751, -7.2338145 ] ] ] ] } },
{ "type": "Feature", "properties": { "full_id": "w639857911", "osm_id": "639857911", "osm_type": "way", "building": "yes", "name": null, "amenity": null, "brand": null, "wheelchair": null }, "geometry": { "type": "MultiPolygon", "coordinates": [ [ [ [ 110.3800123, -7.2339129 ], [ 110.3799837, -7.2339763 ], [ 110.3800108, -7.2339884 ], [ 110.3799806, -7.2340552 ], [ 110.3800679, -7.234094 ], [ 110.3801209, -7.2339767 ], [ 110.3800123, -7.2339129 ] ] ] ] } },
{ "type": "Feature", "properties": { "full_id": "w639857912", "osm_id": "639857912", "osm_type": "way", "building": "yes", "name": null, "amenity": null, "brand": null, "wheelchair": null }, "geometry": { "type": "MultiPolygon", "coordinates": [ [ [ [ 110.379924, -7.2338057 ], [ 110.3798735, -7.2339178 ], [ 110.3799663, -7.2339589 ], [ 110.3800167, -7.2338467 ], [ 110.379924, -7.2338057 ] ] ] ] } },
{ "type": "Feature", "properties": { "full_id": "w639857913", "osm_id": "639857913", "osm_type": "way", "building": "yes", "name": null, "amenity": null, "brand": null, "wheelchair": null }, "geometry": { "type": "MultiPolygon", "coordinates": [ [ [ [ 110.3798224, -7.2338354 ], [ 110.3797745, -7.2339542 ], [ 110.379827, -7.233975 ], [ 110.3798738, -7.233859 ], [ 110.3798224, -7.2338354 ] ] ] ] } },
{ "type": "Feature", "properties": { "full_id": "w639857914", "osm_id": "639857914", "osm_type": "way", "building": "yes", "name": null, "amenity": null, "brand": null, "wheelchair": null }, "geometry": { "type": "MultiPolygon", "coordinates": [ [ [ [ 110.3797414, -7.2337978 ], [ 110.379688, -7.23392 ], [ 110.3797565, -7.2339495 ], [ 110.37981, -7.2338272 ], [ 110.3797414, -7.2337978 ] ] ] ] } },
{ "type": "Feature", "properties": { "full_id": "w639857915", "osm_id": "639857915", "osm_type": "way", "building": "yes", "name": null, "amenity": null, "brand": null, "wheelchair": null }, "geometry": { "type": "MultiPolygon", "coordinates": [ [ [ [ 110.3796362, -7.2337764 ], [ 110.3795871, -7.2338818 ], [ 110.3796478, -7.2339096 ], [ 110.3796969, -7.2338042 ], [ 110.3796362, -7.2337764 ] ] ] ] } },
{ "type": "Feature", "properties": { "full_id": "w639857916", "osm_id": "639857916", "osm_type": "way", "building": "yes", "name": null, "amenity": null, "brand": null, "wheelchair": null }, "geometry": { "type": "MultiPolygon", "coordinates": [ [ [ [ 110.3794513, -7.2339643 ], [ 110.3793977, -7.2340821 ], [ 110.3795156, -7.2341348 ], [ 110.3795691, -7.234017 ], [ 110.3794725, -7.2339738 ], [ 110.3794513, -7.2339643 ] ] ] ] } },
{ "type": "Feature", "properties": { "full_id": "w639857917", "osm_id": "639857917", "osm_type": "way", "building": "yes", "name": null, "amenity": null, "brand": null, "wheelchair": null }, "geometry": { "type": "MultiPolygon", "coordinates": [ [ [ [ 110.3794725, -7.2339738 ], [ 110.3795691, -7.234017 ], [ 110.3795824, -7.2340308 ], [ 110.3796237, -7.2339545 ], [ 110.379551, -7.2339157 ], [ 110.3795144, -7.2338962 ], [ 110.3794725, -7.2339738 ] ] ] ] } },
{ "type": "Feature", "properties": { "full_id": "w639857918", "osm_id": "639857918", "osm_type": "way", "building": "yes", "name": null, "amenity": null, "brand": null, "wheelchair": null }, "geometry": { "type": "MultiPolygon", "coordinates": [ [ [ [ 110.3794639, -7.2338777 ], [ 110.3795131, -7.2337552 ], [ 110.3796018, -7.2337902 ], [ 110.379551, -7.2339157 ], [ 110.3795144, -7.2338962 ], [ 110.3794639, -7.2338777 ] ] ] ] } },
{ "type": "Feature", "properties": { "full_id": "w639857919", "osm_id": "639857919", "osm_type": "way", "building": "yes", "name": null, "amenity": null, "brand": null, "wheelchair": null }, "geometry": { "type": "MultiPolygon", "coordinates": [ [ [ [ 110.3793873, -7.2339215 ], [ 110.3794317, -7.2338502 ], [ 110.3794639, -7.2338777 ], [ 110.3795144, -7.2338962 ], [ 110.3794725, -7.2339738 ], [ 110.3794513, -7.2339643 ], [ 110.3793873, -7.2339215 ] ] ] ] } },
{ "type": "Feature", "properties": { "full_id": "w639857920", "osm_id": "639857920", "osm_type": "way", "building": "yes", "name": null, "amenity": null, "brand": null, "wheelchair": null }, "geometry": { "type": "MultiPolygon", "coordinates": [ [ [ [ 110.379353, -7.2339729 ], [ 110.3793873, -7.2339215 ], [ 110.3794513, -7.2339643 ], [ 110.3794209, -7.2340131 ], [ 110.379353, -7.2339729 ] ] ] ] } },
{ "type": "Feature", "properties": { "full_id": "w639857921", "osm_id": "639857921", "osm_type": "way", "building": "yes", "name": null, "amenity": null, "brand": null, "wheelchair": null }, "geometry": { "type": "MultiPolygon", "coordinates": [ [ [ [ 110.3793147, -7.2340399 ], [ 110.379353, -7.2339729 ], [ 110.3794209, -7.2340131 ], [ 110.3793808, -7.2340778 ], [ 110.3793684, -7.2340706 ], [ 110.3793147, -7.2340399 ] ] ] ] } },
{ "type": "Feature", "properties": { "full_id": "w639857922", "osm_id": "639857922", "osm_type": "way", "building": "yes", "name": null, "amenity": null, "brand": null, "wheelchair": null }, "geometry": { "type": "MultiPolygon", "coordinates": [ [ [ [ 110.3792627, -7.2340112 ], [ 110.3792214, -7.2340824 ], [ 110.3793266, -7.2341425 ], [ 110.3793684, -7.2340706 ], [ 110.3793147, -7.2340399 ], [ 110.3792627, -7.2340112 ] ] ] ] } },
{ "type": "Feature", "properties": { "full_id": "w639857923", "osm_id": "639857923", "osm_type": "way", "building": "yes", "name": null, "amenity": null, "brand": null, "wheelchair": null }, "geometry": { "type": "MultiPolygon", "coordinates": [ [ [ [ 110.3791435, -7.2341117 ], [ 110.3790912, -7.2342175 ], [ 110.379179, -7.2342602 ], [ 110.3792312, -7.2341544 ], [ 110.3791435, -7.2341117 ] ] ] ] } },
{ "type": "Feature", "properties": { "full_id": "w639857924", "osm_id": "639857924", "osm_type": "way", "building": "yes", "name": null, "amenity": null, "brand": null, "wheelchair": null }, "geometry": { "type": "MultiPolygon", "coordinates": [ [ [ [ 110.3789827, -7.2340581 ], [ 110.379063, -7.2341238 ], [ 110.3790175, -7.2341785 ], [ 110.3789372, -7.2341128 ], [ 110.3789827, -7.2340581 ] ] ] ] } },
{ "type": "Feature", "properties": { "full_id": "w639857925", "osm_id": "639857925", "osm_type": "way", "building": "yes", "name": null, "amenity": null, "brand": null, "wheelchair": null }, "geometry": { "type": "MultiPolygon", "coordinates": [ [ [ [ 110.3788631, -7.2340768 ], [ 110.3789373, -7.2339868 ], [ 110.3789996, -7.2340374 ], [ 110.3789827, -7.2340581 ], [ 110.3789372, -7.2341128 ], [ 110.3789254, -7.2341274 ], [ 110.3789138, -7.234118 ], [ 110.3788979, -7.2341051 ], [ 110.3788631, -7.2340768 ] ] ] ] } },
{ "type": "Feature", "properties": { "full_id": "w639857926", "osm_id": "639857926", "osm_type": "way", "building": "yes", "name": null, "amenity": null, "brand": null, "wheelchair": null }, "geometry": { "type": "MultiPolygon", "coordinates": [ [ [ [ 110.3788011, -7.2340244 ], [ 110.3786979, -7.2341433 ], [ 110.37876, -7.2341963 ], [ 110.3788192, -7.234128 ], [ 110.3788531, -7.2341569 ], [ 110.3788979, -7.2341051 ], [ 110.3788631, -7.2340768 ], [ 110.3788011, -7.2340244 ] ] ] ] } },
{ "type": "Feature", "properties": { "full_id": "w639857927", "osm_id": "639857927", "osm_type": "way", "building": "yes", "name": null, "amenity": null, "brand": null, "wheelchair": null }, "geometry": { "type": "MultiPolygon", "coordinates": [ [ [ [ 110.3788587, -7.2341822 ], [ 110.3789722, -7.234278 ], [ 110.3790279, -7.2342129 ], [ 110.3789254, -7.2341274 ], [ 110.3789138, -7.234118 ], [ 110.3788587, -7.2341822 ] ] ] ] } },
{ "type": "Feature", "properties": { "full_id": "w639857928", "osm_id": "639857928", "osm_type": "way", "building": "yes", "name": null, "amenity": null, "brand": null, "wheelchair": null }, "geometry": { "type": "MultiPolygon", "coordinates": [ [ [ [ 110.3788492, -7.2342083 ], [ 110.3787997, -7.2342732 ], [ 110.3789054, -7.2343525 ], [ 110.3789548, -7.2342877 ], [ 110.3788492, -7.2342083 ] ] ] ] } },
{ "type": "Feature", "properties": { "full_id": "w639857929", "osm_id": "639857929", "osm_type": "way", "building": "yes", "name": null, "amenity": null, "brand": null, "wheelchair": null }, "geometry": { "type": "MultiPolygon", "coordinates": [ [ [ [ 110.3795726, -7.2341212 ], [ 110.3795363, -7.2341937 ], [ 110.3796551, -7.234252 ], [ 110.3796913, -7.2341796 ], [ 110.3795726, -7.2341212 ] ] ] ] } },
{ "type": "Feature", "properties": { "full_id": "w639857930", "osm_id": "639857930", "osm_type": "way", "building": "yes", "name": null, "amenity": null, "brand": null, "wheelchair": null }, "geometry": { "type": "MultiPolygon", "coordinates": [ [ [ [ 110.3796039, -7.234055 ], [ 110.3795726, -7.2341212 ], [ 110.3796913, -7.2341796 ], [ 110.3797259, -7.2341134 ], [ 110.3796039, -7.234055 ] ] ] ] } },
{ "type": "Feature", "properties": { "full_id": "w639857931", "osm_id": "639857931", "osm_type": "way", "building": "yes", "name": null, "amenity": null, "brand": null, "wheelchair": null }, "geometry": { "type": "MultiPolygon", "coordinates": [ [ [ [ 110.3798394, -7.2341926 ], [ 110.3797946, -7.2342737 ], [ 110.3798852, -7.234323 ], [ 110.37993, -7.2342419 ], [ 110.3798394, -7.2341926 ] ] ] ] } },
{ "type": "Feature", "properties": { "full_id": "w639857932", "osm_id": "639857932", "osm_type": "way", "building": "yes", "name": null, "amenity": null, "brand": null, "wheelchair": null }, "geometry": { "type": "MultiPolygon", "coordinates": [ [ [ [ 110.3797667, -7.2343087 ], [ 110.3797271, -7.2343918 ], [ 110.3798036, -7.2344277 ], [ 110.3798432, -7.2343446 ], [ 110.3797667, -7.2343087 ] ] ] ] } },
{ "type": "Feature", "properties": { "full_id": "w639857933", "osm_id": "639857933", "osm_type": "way", "building": "yes", "name": null, "amenity": null, "brand": null, "wheelchair": null }, "geometry": { "type": "MultiPolygon", "coordinates": [ [ [ [ 110.379316, -7.2344515 ], [ 110.3793826, -7.2344998 ], [ 110.379312, -7.2345956 ], [ 110.3792436, -7.234546 ], [ 110.3792881, -7.2344856 ], [ 110.379316, -7.2344515 ] ] ] ] } },
{ "type": "Feature", "properties": { "full_id": "w639857934", "osm_id": "639857934", "osm_type": "way", "building": "yes", "name": null, "amenity": null, "brand": null, "wheelchair": null }, "geometry": { "type": "MultiPolygon", "coordinates": [ [ [ [ 110.3792836, -7.2343851 ], [ 110.3792364, -7.2344464 ], [ 110.3792881, -7.2344856 ], [ 110.379316, -7.2344515 ], [ 110.3793956, -7.2343482 ], [ 110.3793428, -7.2343082 ], [ 110.3792836, -7.2343851 ] ] ] ] } },
{ "type": "Feature", "properties": { "full_id": "w639857935", "osm_id": "639857935", "osm_type": "way", "building": "yes", "name": null, "amenity": null, "brand": null, "wheelchair": null }, "geometry": { "type": "MultiPolygon", "coordinates": [ [ [ [ 110.3792967, -7.2342729 ], [ 110.3792366, -7.2343483 ], [ 110.3792836, -7.2343851 ], [ 110.3793428, -7.2343082 ], [ 110.3792967, -7.2342729 ] ] ] ] } },
{ "type": "Feature", "properties": { "full_id": "w639857936", "osm_id": "639857936", "osm_type": "way", "building": "yes", "name": null, "amenity": null, "brand": null, "wheelchair": null }, "geometry": { "type": "MultiPolygon", "coordinates": [ [ [ [ 110.3794357, -7.2344877 ], [ 110.3793684, -7.2346169 ], [ 110.3794131, -7.2346399 ], [ 110.3794805, -7.2345107 ], [ 110.3794357, -7.2344877 ] ] ] ] } },
{ "type": "Feature", "properties": { "full_id": "w639857937", "osm_id": "639857937", "osm_type": "way", "building": "yes", "name": null, "amenity": null, "brand": null, "wheelchair": null }, "geometry": { "type": "MultiPolygon", "coordinates": [ [ [ [ 110.3795394, -7.2343966 ], [ 110.3794985, -7.2344962 ], [ 110.3796401, -7.2345534 ], [ 110.379681, -7.2344538 ], [ 110.3795394, -7.2343966 ] ] ] ] } },
{ "type": "Feature", "properties": { "full_id": "w639857938", "osm_id": "639857938", "osm_type": "way", "building": "yes", "name": null, "amenity": null, "brand": null, "wheelchair": null }, "geometry": { "type": "MultiPolygon", "coordinates": [ [ [ [ 110.3794955, -7.234508 ], [ 110.3794407, -7.2346473 ], [ 110.3795203, -7.2346781 ], [ 110.3795751, -7.2345388 ], [ 110.3794955, -7.234508 ] ] ] ] } },
{ "type": "Feature", "properties": { "full_id": "w639857939", "osm_id": "639857939", "osm_type": "way", "building": "yes", "name": null, "amenity": null, "brand": null, "wheelchair": null }, "geometry": { "type": "MultiPolygon", "coordinates": [ [ [ [ 110.379683, -7.2346519 ], [ 110.379641, -7.2347548 ], [ 110.3796996, -7.2347783 ], [ 110.3797416, -7.2346754 ], [ 110.379683, -7.2346519 ] ] ] ] } },
{ "type": "Feature", "properties": { "full_id": "w639857941", "osm_id": "639857941", "osm_type": "way", "building": "yes", "name": null, "amenity": null, "brand": null, "wheelchair": null }, "geometry": { "type": "MultiPolygon", "coordinates": [ [ [ [ 110.3801185, -7.2343756 ], [ 110.3800514, -7.2345292 ], [ 110.3801828, -7.2345857 ], [ 110.3802499, -7.2344321 ], [ 110.3801185, -7.2343756 ] ] ] ] } },
{ "type": "Feature", "properties": { "full_id": "w639857942", "osm_id": "639857942", "osm_type": "way", "building": "yes", "name": null, "amenity": null, "brand": null, "wheelchair": null }, "geometry": { "type": "MultiPolygon", "coordinates": [ [ [ [ 110.3799913, -7.2347635 ], [ 110.3799406, -7.2348907 ], [ 110.3800478, -7.2349328 ], [ 110.3800985, -7.2348057 ], [ 110.3799913, -7.2347635 ] ] ] ] } },
{ "type": "Feature", "properties": { "full_id": "w639857943", "osm_id": "639857943", "osm_type": "way", "building": "yes", "name": null, "amenity": null, "brand": null, "wheelchair": null }, "geometry": { "type": "MultiPolygon", "coordinates": [ [ [ [ 110.3800366, -7.234567 ], [ 110.3799787, -7.2347125 ], [ 110.3801003, -7.2347601 ], [ 110.3801583, -7.2346147 ], [ 110.3800366, -7.234567 ] ] ] ] } },
{ "type": "Feature", "properties": { "full_id": "w639857944", "osm_id": "639857944", "osm_type": "way", "building": "yes", "name": null, "amenity": null, "brand": null, "wheelchair": null }, "geometry": { "type": "MultiPolygon", "coordinates": [ [ [ [ 110.380253, -7.2346156 ], [ 110.3802114, -7.2347156 ], [ 110.3803346, -7.2347661 ], [ 110.3803762, -7.2346661 ], [ 110.380253, -7.2346156 ] ] ] ] } },
{ "type": "Feature", "properties": { "full_id": "w639857945", "osm_id": "639857945", "osm_type": "way", "building": "yes", "name": null, "amenity": null, "brand": null, "wheelchair": null }, "geometry": { "type": "MultiPolygon", "coordinates": [ [ [ [ 110.3804651, -7.2347585 ], [ 110.3804316, -7.2348411 ], [ 110.3804482, -7.2348478 ], [ 110.3804359, -7.234878 ], [ 110.3805395, -7.2349194 ], [ 110.3805294, -7.2349443 ], [ 110.3805884, -7.2349679 ], [ 110.3805974, -7.2349457 ], [ 110.380626, -7.2349571 ], [ 110.3806729, -7.2348416 ], [ 110.3804651, -7.2347585 ] ] ] ] } },
{ "type": "Feature", "properties": { "full_id": "w639857946", "osm_id": "639857946", "osm_type": "way", "building": "yes", "name": null, "amenity": null, "brand": null, "wheelchair": null }, "geometry": { "type": "MultiPolygon", "coordinates": [ [ [ [ 110.3802113, -7.2348491 ], [ 110.3802213, -7.2348218 ], [ 110.3803183, -7.2348566 ], [ 110.3802668, -7.2349981 ], [ 110.3801697, -7.2349633 ], [ 110.3801752, -7.2349484 ], [ 110.3802113, -7.2348491 ] ] ] ] } },
{ "type": "Feature", "properties": { "full_id": "w639857948", "osm_id": "639857948", "osm_type": "way", "building": "yes", "name": null, "amenity": null, "brand": null, "wheelchair": null }, "geometry": { "type": "MultiPolygon", "coordinates": [ [ [ [ 110.3792491, -7.2347961 ], [ 110.3792097, -7.2348941 ], [ 110.3793208, -7.2349381 ], [ 110.3793602, -7.2348402 ], [ 110.3792491, -7.2347961 ] ] ] ] } },
{ "type": "Feature", "properties": { "full_id": "w639857949", "osm_id": "639857949", "osm_type": "way", "building": "yes", "name": null, "amenity": null, "brand": null, "wheelchair": null }, "geometry": { "type": "MultiPolygon", "coordinates": [ [ [ [ 110.3797245, -7.2349151 ], [ 110.3796885, -7.2349959 ], [ 110.3797513, -7.2350234 ], [ 110.3797873, -7.2349426 ], [ 110.3797245, -7.2349151 ] ] ] ] } },
{ "type": "Feature", "properties": { "full_id": "w639857950", "osm_id": "639857950", "osm_type": "way", "building": "yes", "name": null, "amenity": null, "brand": null, "wheelchair": null }, "geometry": { "type": "MultiPolygon", "coordinates": [ [ [ [ 110.3796103, -7.2349834 ], [ 110.3797158, -7.2350234 ], [ 110.3796776, -7.2351225 ], [ 110.3795721, -7.2350826 ], [ 110.3796103, -7.2349834 ] ] ] ] } },
{ "type": "Feature", "properties": { "full_id": "w639857951", "osm_id": "639857951", "osm_type": "way", "building": "yes", "name": null, "amenity": null, "brand": null, "wheelchair": null }, "geometry": { "type": "MultiPolygon", "coordinates": [ [ [ [ 110.3795157, -7.2349474 ], [ 110.3794612, -7.2350917 ], [ 110.3795558, -7.2351268 ], [ 110.3795721, -7.2350826 ], [ 110.3796103, -7.2349834 ], [ 110.3795157, -7.2349474 ] ] ] ] } },
{ "type": "Feature", "properties": { "full_id": "w639857952", "osm_id": "639857952", "osm_type": "way", "building": "yes", "name": null, "amenity": null, "brand": null, "wheelchair": null }, "geometry": { "type": "MultiPolygon", "coordinates": [ [ [ [ 110.3798021, -7.2350898 ], [ 110.3797693, -7.2351699 ], [ 110.3798488, -7.2352019 ], [ 110.3798816, -7.2351218 ], [ 110.3798021, -7.2350898 ] ] ] ] } },
{ "type": "Feature", "properties": { "full_id": "w639857953", "osm_id": "639857953", "osm_type": "way", "building": "yes", "name": null, "amenity": null, "brand": null, "wheelchair": null }, "geometry": { "type": "MultiPolygon", "coordinates": [ [ [ [ 110.3799263, -7.2349957 ], [ 110.3799942, -7.2350214 ], [ 110.379967, -7.2350924 ], [ 110.379899, -7.2350667 ], [ 110.3799263, -7.2349957 ] ] ] ] } },
{ "type": "Feature", "properties": { "full_id": "w639857954", "osm_id": "639857954", "osm_type": "way", "building": "yes", "name": null, "amenity": null, "brand": null, "wheelchair": null }, "geometry": { "type": "MultiPolygon", "coordinates": [ [ [ [ 110.3798778, -7.234974 ], [ 110.3798468, -7.2350465 ], [ 110.379899, -7.2350667 ], [ 110.3799263, -7.2349957 ], [ 110.3798778, -7.234974 ] ] ] ] } },
{ "type": "Feature", "properties": { "full_id": "w639857955", "osm_id": "639857955", "osm_type": "way", "building": "yes", "name": null, "amenity": null, "brand": null, "wheelchair": null }, "geometry": { "type": "MultiPolygon", "coordinates": [ [ [ [ 110.3799541, -7.2351956 ], [ 110.3799181, -7.2352775 ], [ 110.3800374, -7.235329 ], [ 110.3800733, -7.2352471 ], [ 110.3799541, -7.2351956 ] ] ] ] } },
{ "type": "Feature", "properties": { "full_id": "w639857956", "osm_id": "639857956", "osm_type": "way", "building": "yes", "name": null, "amenity": null, "brand": null, "wheelchair": null }, "geometry": { "type": "MultiPolygon", "coordinates": [ [ [ [ 110.3801733, -7.2351228 ], [ 110.3801259, -7.2352436 ], [ 110.3802086, -7.2352755 ], [ 110.3802439, -7.2351855 ], [ 110.380256, -7.2351548 ], [ 110.3801733, -7.2351228 ] ] ] ] } },
{ "type": "Feature", "properties": { "full_id": "w639857957", "osm_id": "639857957", "osm_type": "way", "building": "yes", "name": null, "amenity": null, "brand": null, "wheelchair": null }, "geometry": { "type": "MultiPolygon", "coordinates": [ [ [ [ 110.3802009, -7.2352968 ], [ 110.3801016, -7.2352604 ], [ 110.3800741, -7.2353339 ], [ 110.3801734, -7.2353703 ], [ 110.3802009, -7.2352968 ] ] ] ] } },
{ "type": "Feature", "properties": { "full_id": "w639857958", "osm_id": "639857958", "osm_type": "way", "building": "yes", "name": null, "amenity": null, "brand": null, "wheelchair": null }, "geometry": { "type": "MultiPolygon", "coordinates": [ [ [ [ 110.3802439, -7.2351855 ], [ 110.3802086, -7.2352755 ], [ 110.3802009, -7.2352968 ], [ 110.3801734, -7.2353703 ], [ 110.3802242, -7.2353914 ], [ 110.3802981, -7.2352068 ], [ 110.3802439, -7.2351855 ] ] ] ] } },
{ "type": "Feature", "properties": { "full_id": "w639857959", "osm_id": "639857959", "osm_type": "way", "building": "yes", "name": null, "amenity": null, "brand": null, "wheelchair": null }, "geometry": { "type": "MultiPolygon", "coordinates": [ [ [ [ 110.3804107, -7.2353456 ], [ 110.3803533, -7.2354541 ], [ 110.3804048, -7.235481 ], [ 110.3804623, -7.2353724 ], [ 110.3804107, -7.2353456 ] ] ] ] } },
{ "type": "Feature", "properties": { "full_id": "w639857960", "osm_id": "639857960", "osm_type": "way", "building": "yes", "name": null, "amenity": null, "brand": null, "wheelchair": null }, "geometry": { "type": "MultiPolygon", "coordinates": [ [ [ [ 110.3818208, -7.2363991 ], [ 110.3817546, -7.2364566 ], [ 110.3818042, -7.2365127 ], [ 110.3818166, -7.2365019 ], [ 110.3818329, -7.2365203 ], [ 110.3818866, -7.2364737 ], [ 110.3818208, -7.2363991 ] ] ] ] } },
{ "type": "Feature", "properties": { "full_id": "w639857961", "osm_id": "639857961", "osm_type": "way", "building": "yes", "name": null, "amenity": null, "brand": null, "wheelchair": null }, "geometry": { "type": "MultiPolygon", "coordinates": [ [ [ [ 110.3819896, -7.2364625 ], [ 110.3818436, -7.2365924 ], [ 110.3818743, -7.2366264 ], [ 110.3820204, -7.2364966 ], [ 110.3819896, -7.2364625 ] ] ] ] } },
{ "type": "Feature", "properties": { "full_id": "w639857962", "osm_id": "639857962", "osm_type": "way", "building": "yes", "name": null, "amenity": null, "brand": null, "wheelchair": null }, "geometry": { "type": "MultiPolygon", "coordinates": [ [ [ [ 110.3820667, -7.2364755 ], [ 110.3818412, -7.2367127 ], [ 110.381883, -7.2367518 ], [ 110.3821085, -7.2365146 ], [ 110.3820667, -7.2364755 ] ] ] ] } },
{ "type": "Feature", "properties": { "full_id": "w639857963", "osm_id": "639857963", "osm_type": "way", "building": "yes", "name": null, "amenity": null, "brand": null, "wheelchair": null }, "geometry": { "type": "MultiPolygon", "coordinates": [ [ [ [ 110.3806479, -7.2364125 ], [ 110.3806437, -7.2364996 ], [ 110.3807504, -7.2365048 ], [ 110.3807546, -7.2364177 ], [ 110.3806479, -7.2364125 ] ] ] ] } },
{ "type": "Feature", "properties": { "full_id": "w639857964", "osm_id": "639857964", "osm_type": "way", "building": "yes", "name": null, "amenity": null, "brand": null, "wheelchair": null }, "geometry": { "type": "MultiPolygon", "coordinates": [ [ [ [ 110.3811621, -7.2363159 ], [ 110.381148, -7.2363716 ], [ 110.381249, -7.2363967 ], [ 110.381263, -7.236341 ], [ 110.3811621, -7.2363159 ] ] ] ] } },
{ "type": "Feature", "properties": { "full_id": "w639857965", "osm_id": "639857965", "osm_type": "way", "building": "yes", "name": null, "amenity": null, "brand": null, "wheelchair": null }, "geometry": { "type": "MultiPolygon", "coordinates": [ [ [ [ 110.3811847, -7.2362368 ], [ 110.3811621, -7.2363159 ], [ 110.381263, -7.236341 ], [ 110.3812807, -7.2362626 ], [ 110.3811847, -7.2362368 ] ] ] ] } },
{ "type": "Feature", "properties": { "full_id": "w639857966", "osm_id": "639857966", "osm_type": "way", "building": "yes", "name": null, "amenity": null, "brand": null, "wheelchair": null }, "geometry": { "type": "MultiPolygon", "coordinates": [ [ [ [ 110.3812041, -7.2361641 ], [ 110.3811847, -7.2362368 ], [ 110.3812807, -7.2362626 ], [ 110.3813019, -7.2362721 ], [ 110.3813246, -7.2362031 ], [ 110.3812936, -7.2361931 ], [ 110.3812041, -7.2361641 ] ] ] ] } },
{ "type": "Feature", "properties": { "full_id": "w639857967", "osm_id": "639857967", "osm_type": "way", "building": "yes", "name": null, "amenity": null, "brand": null, "wheelchair": null }, "geometry": { "type": "MultiPolygon", "coordinates": [ [ [ [ 110.3812242, -7.2360992 ], [ 110.3812041, -7.2361641 ], [ 110.3812936, -7.2361931 ], [ 110.3813148, -7.2361283 ], [ 110.3812242, -7.2360992 ] ] ] ] } },
{ "type": "Feature", "properties": { "full_id": "w639857968", "osm_id": "639857968", "osm_type": "way", "building": "yes", "name": null, "amenity": null, "brand": null, "wheelchair": null }, "geometry": { "type": "MultiPolygon", "coordinates": [ [ [ [ 110.3808739, -7.2362403 ], [ 110.3808646, -7.236331 ], [ 110.3809643, -7.2363411 ], [ 110.3809736, -7.2362504 ], [ 110.3808739, -7.2362403 ] ] ] ] } },
{ "type": "Feature", "properties": { "full_id": "w639857969", "osm_id": "639857969", "osm_type": "way", "building": "yes", "name": null, "amenity": null, "brand": null, "wheelchair": null }, "geometry": { "type": "MultiPolygon", "coordinates": [ [ [ [ 110.3810171, -7.2361965 ], [ 110.3810043, -7.2362632 ], [ 110.3811128, -7.2362837 ], [ 110.3811256, -7.2362171 ], [ 110.3810171, -7.2361965 ] ] ] ] } },
{ "type": "Feature", "properties": { "full_id": "w639857970", "osm_id": "639857970", "osm_type": "way", "building": "yes", "name": null, "amenity": null, "brand": null, "wheelchair": null }, "geometry": { "type": "MultiPolygon", "coordinates": [ [ [ [ 110.3810556, -7.2360562 ], [ 110.3810318, -7.2361837 ], [ 110.3811272, -7.2362012 ], [ 110.3811511, -7.2360738 ], [ 110.3810556, -7.2360562 ] ] ] ] } },
{ "type": "Feature", "properties": { "full_id": "w639857971", "osm_id": "639857971", "osm_type": "way", "building": "yes", "name": null, "amenity": null, "brand": null, "wheelchair": null }, "geometry": { "type": "MultiPolygon", "coordinates": [ [ [ [ 110.3814311, -7.2359392 ], [ 110.3814095, -7.2360702 ], [ 110.3814699, -7.23608 ], [ 110.3814915, -7.235949 ], [ 110.3814311, -7.2359392 ] ] ] ] } },
{ "type": "Feature", "properties": { "full_id": "w639857972", "osm_id": "639857972", "osm_type": "way", "building": "yes", "name": null, "amenity": null, "brand": null, "wheelchair": null }, "geometry": { "type": "MultiPolygon", "coordinates": [ [ [ [ 110.3815, -7.2359777 ], [ 110.3814867, -7.236082 ], [ 110.3815566, -7.2360908 ], [ 110.3815699, -7.2359865 ], [ 110.3815, -7.2359777 ] ] ] ] } },
{ "type": "Feature", "properties": { "full_id": "w639857973", "osm_id": "639857973", "osm_type": "way", "building": "yes", "name": null, "amenity": null, "brand": null, "wheelchair": null }, "geometry": { "type": "MultiPolygon", "coordinates": [ [ [ [ 110.3804819, -7.2358402 ], [ 110.380534, -7.2359531 ], [ 110.3805959, -7.235925 ], [ 110.3805438, -7.2358121 ], [ 110.3804819, -7.2358402 ] ] ] ] } },
{ "type": "Feature", "properties": { "full_id": "w639857974", "osm_id": "639857974", "osm_type": "way", "building": "yes", "name": null, "amenity": null, "brand": null, "wheelchair": null }, "geometry": { "type": "MultiPolygon", "coordinates": [ [ [ [ 110.3804343, -7.2358019 ], [ 110.3803584, -7.2358437 ], [ 110.3804215, -7.2359566 ], [ 110.3804974, -7.2359148 ], [ 110.3804343, -7.2358019 ] ] ] ] } },
{ "type": "Feature", "properties": { "full_id": "w639857975", "osm_id": "639857975", "osm_type": "way", "building": "yes", "name": null, "amenity": null, "brand": null, "wheelchair": null }, "geometry": { "type": "MultiPolygon", "coordinates": [ [ [ [ 110.381133, -7.2358075 ], [ 110.3812081, -7.2358063 ], [ 110.3812101, -7.235929 ], [ 110.3811351, -7.2359303 ], [ 110.381133, -7.2358075 ] ] ] ] } },
{ "type": "Feature", "properties": { "full_id": "w639857976", "osm_id": "639857976", "osm_type": "way", "building": "yes", "name": null, "amenity": null, "brand": null, "wheelchair": null }, "geometry": { "type": "MultiPolygon", "coordinates": [ [ [ [ 110.3810759, -7.2358717 ], [ 110.3810738, -7.2358072 ], [ 110.381133, -7.2358075 ], [ 110.3811351, -7.2359303 ], [ 110.3810779, -7.2359343 ], [ 110.3810759, -7.2358717 ] ] ] ] } },
{ "type": "Feature", "properties": { "full_id": "w639857977", "osm_id": "639857977", "osm_type": "way", "building": "yes", "name": null, "amenity": null, "brand": null, "wheelchair": null }, "geometry": { "type": "MultiPolygon", "coordinates": [ [ [ [ 110.3809926, -7.2358707 ], [ 110.3809967, -7.2359212 ], [ 110.3810211, -7.2359192 ], [ 110.3810228, -7.2359404 ], [ 110.3810779, -7.2359343 ], [ 110.3810759, -7.2358717 ], [ 110.3810727, -7.2358643 ], [ 110.3809926, -7.2358707 ] ] ] ] } },
{ "type": "Feature", "properties": { "full_id": "w639857978", "osm_id": "639857978", "osm_type": "way", "building": "yes", "name": null, "amenity": null, "brand": null, "wheelchair": null }, "geometry": { "type": "MultiPolygon", "coordinates": [ [ [ [ 110.3810529, -7.2356622 ], [ 110.3811467, -7.2356451 ], [ 110.3811568, -7.2356997 ], [ 110.3811191, -7.2357066 ], [ 110.3811308, -7.2357697 ], [ 110.3810748, -7.2357799 ], [ 110.3810529, -7.2356622 ] ] ] ] } },
{ "type": "Feature", "properties": { "full_id": "w639857979", "osm_id": "639857979", "osm_type": "way", "building": "yes", "name": null, "amenity": null, "brand": null, "wheelchair": null }, "geometry": { "type": "MultiPolygon", "coordinates": [ [ [ [ 110.3810215, -7.2358155 ], [ 110.3810738, -7.2358072 ], [ 110.3810748, -7.2357799 ], [ 110.3810529, -7.2356622 ], [ 110.3810013, -7.2356685 ], [ 110.3810041, -7.2356891 ], [ 110.3810215, -7.2358155 ] ] ] ] } },
{ "type": "Feature", "properties": { "full_id": "w639857980", "osm_id": "639857980", "osm_type": "way", "building": "yes", "name": null, "amenity": null, "brand": null, "wheelchair": null }, "geometry": { "type": "MultiPolygon", "coordinates": [ [ [ [ 110.3809476, -7.2356954 ], [ 110.3810041, -7.2356891 ], [ 110.3810215, -7.2358155 ], [ 110.3810241, -7.2358501 ], [ 110.3809661, -7.2358566 ], [ 110.3809476, -7.2356954 ] ] ] ] } },
{ "type": "Feature", "properties": { "full_id": "w639857981", "osm_id": "639857981", "osm_type": "way", "building": "yes", "name": null, "amenity": null, "brand": null, "wheelchair": null }, "geometry": { "type": "MultiPolygon", "coordinates": [ [ [ [ 110.3808956, -7.2357034 ], [ 110.3809123, -7.235863 ], [ 110.3809661, -7.2358566 ], [ 110.3809476, -7.2356954 ], [ 110.3808956, -7.2357034 ] ] ] ] } },
{ "type": "Feature", "properties": { "full_id": "w639857982", "osm_id": "639857982", "osm_type": "way", "building": "yes", "name": null, "amenity": null, "brand": null, "wheelchair": null }, "geometry": { "type": "MultiPolygon", "coordinates": [ [ [ [ 110.3807454, -7.2356749 ], [ 110.3808022, -7.2356501 ], [ 110.3808345, -7.2357227 ], [ 110.3807777, -7.2357475 ], [ 110.3807454, -7.2356749 ] ] ] ] } },
{ "type": "Feature", "properties": { "full_id": "w639857983", "osm_id": "639857983", "osm_type": "way", "building": "yes", "name": null, "amenity": null, "brand": null, "wheelchair": null }, "geometry": { "type": "MultiPolygon", "coordinates": [ [ [ [ 110.3806956, -7.2356959 ], [ 110.3807278, -7.23577 ], [ 110.3807777, -7.2357475 ], [ 110.3807454, -7.2356749 ], [ 110.3806956, -7.2356959 ] ] ] ] } },
{ "type": "Feature", "properties": { "full_id": "w639857984", "osm_id": "639857984", "osm_type": "way", "building": "yes", "name": null, "amenity": null, "brand": null, "wheelchair": null }, "geometry": { "type": "MultiPolygon", "coordinates": [ [ [ [ 110.3809, -7.2355488 ], [ 110.3809452, -7.2355299 ], [ 110.380977, -7.2356048 ], [ 110.3809318, -7.2356237 ], [ 110.3809, -7.2355488 ] ] ] ] } },
{ "type": "Feature", "properties": { "full_id": "w639857985", "osm_id": "639857985", "osm_type": "way", "building": "yes", "name": null, "amenity": null, "brand": null, "wheelchair": null }, "geometry": { "type": "MultiPolygon", "coordinates": [ [ [ [ 110.3808074, -7.235546 ], [ 110.3808513, -7.2356587 ], [ 110.3809318, -7.2356237 ], [ 110.3809, -7.2355488 ], [ 110.3808883, -7.235515 ], [ 110.3808074, -7.235546 ] ] ] ] } },
{ "type": "Feature", "properties": { "full_id": "w639857986", "osm_id": "639857986", "osm_type": "way", "building": "yes", "name": null, "amenity": null, "brand": null, "wheelchair": null }, "geometry": { "type": "MultiPolygon", "coordinates": [ [ [ [ 110.3810624, -7.2355327 ], [ 110.3811703, -7.2355201 ], [ 110.3811796, -7.2355982 ], [ 110.3810717, -7.2356108 ], [ 110.3810624, -7.2355327 ] ] ] ] } },
{ "type": "Feature", "properties": { "full_id": "w639857987", "osm_id": "639857987", "osm_type": "way", "building": "yes", "name": null, "amenity": null, "brand": null, "wheelchair": null }, "geometry": { "type": "MultiPolygon", "coordinates": [ [ [ [ 110.3809679, -7.2354248 ], [ 110.3809923, -7.2356442 ], [ 110.3810742, -7.2356353 ], [ 110.3810717, -7.2356108 ], [ 110.3810624, -7.2355327 ], [ 110.3810497, -7.2354158 ], [ 110.3809679, -7.2354248 ] ] ] ] } },
{ "type": "Feature", "properties": { "full_id": "w639857988", "osm_id": "639857988", "osm_type": "way", "building": "yes", "name": null, "amenity": null, "brand": null, "wheelchair": null }, "geometry": { "type": "MultiPolygon", "coordinates": [ [ [ [ 110.3812251, -7.2356913 ], [ 110.3812267, -7.2358288 ], [ 110.3812957, -7.235828 ], [ 110.3812941, -7.2356913 ], [ 110.3812251, -7.2356913 ] ] ] ] } },
{ "type": "Feature", "properties": { "full_id": "w639857989", "osm_id": "639857989", "osm_type": "way", "building": "yes", "name": null, "amenity": null, "brand": null, "wheelchair": null }, "geometry": { "type": "MultiPolygon", "coordinates": [ [ [ [ 110.3812163, -7.2354556 ], [ 110.3812315, -7.2356293 ], [ 110.3813353, -7.2356204 ], [ 110.3813201, -7.2354467 ], [ 110.3812163, -7.2354556 ] ] ] ] } },
{ "type": "Feature", "properties": { "full_id": "w639857990", "osm_id": "639857990", "osm_type": "way", "building": "yes", "name": null, "amenity": null, "brand": null, "wheelchair": null }, "geometry": { "type": "MultiPolygon", "coordinates": [ [ [ [ 110.3813955, -7.2357929 ], [ 110.3813483, -7.2357933 ], [ 110.3813489, -7.2358798 ], [ 110.3814058, -7.2358794 ], [ 110.3814052, -7.2357929 ], [ 110.3813955, -7.2357929 ] ] ] ] } },
{ "type": "Feature", "properties": { "full_id": "w639857991", "osm_id": "639857991", "osm_type": "way", "building": "yes", "name": null, "amenity": null, "brand": null, "wheelchair": null }, "geometry": { "type": "MultiPolygon", "coordinates": [ [ [ [ 110.3813942, -7.2357179 ], [ 110.3813955, -7.2357929 ], [ 110.3814052, -7.2357929 ], [ 110.3815191, -7.2357914 ], [ 110.3815174, -7.2356867 ], [ 110.3814362, -7.235688 ], [ 110.3814367, -7.2357193 ], [ 110.3813942, -7.2357179 ] ] ] ] } },
{ "type": "Feature", "properties": { "full_id": "w639857992", "osm_id": "639857992", "osm_type": "way", "building": "yes", "name": null, "amenity": null, "brand": null, "wheelchair": null }, "geometry": { "type": "MultiPolygon", "coordinates": [ [ [ [ 110.3815685, -7.235776 ], [ 110.3815751, -7.2358756 ], [ 110.3816396, -7.2358714 ], [ 110.3816331, -7.2357718 ], [ 110.3815685, -7.235776 ] ] ] ] } },
{ "type": "Feature", "properties": { "full_id": "w639857993", "osm_id": "639857993", "osm_type": "way", "building": "yes", "name": null, "amenity": null, "brand": null, "wheelchair": null }, "geometry": { "type": "MultiPolygon", "coordinates": [ [ [ [ 110.3815384, -7.2356519 ], [ 110.3815556, -7.235705 ], [ 110.3816208, -7.2356842 ], [ 110.3816036, -7.2356311 ], [ 110.3815384, -7.2356519 ] ] ] ] } },
{ "type": "Feature", "properties": { "full_id": "w639857994", "osm_id": "639857994", "osm_type": "way", "building": "yes", "name": null, "amenity": null, "brand": null, "wheelchair": null }, "geometry": { "type": "MultiPolygon", "coordinates": [ [ [ [ 110.3814261, -7.2355054 ], [ 110.3814246, -7.235443 ], [ 110.3815205, -7.2354408 ], [ 110.381522, -7.2355033 ], [ 110.3814261, -7.2355054 ] ] ] ] } },
{ "type": "Feature", "properties": { "full_id": "w639857995", "osm_id": "639857995", "osm_type": "way", "building": "yes", "name": null, "amenity": null, "brand": null, "wheelchair": null }, "geometry": { "type": "MultiPolygon", "coordinates": [ [ [ [ 110.3814261, -7.2355054 ], [ 110.3814284, -7.2355852 ], [ 110.3815236, -7.235582 ], [ 110.381522, -7.2355033 ], [ 110.3814261, -7.2355054 ] ] ] ] } },
{ "type": "Feature", "properties": { "full_id": "w639857996", "osm_id": "639857996", "osm_type": "way", "building": "yes", "name": null, "amenity": null, "brand": null, "wheelchair": null }, "geometry": { "type": "MultiPolygon", "coordinates": [ [ [ [ 110.3816493, -7.2356566 ], [ 110.3816565, -7.2357409 ], [ 110.3817137, -7.235736 ], [ 110.3817065, -7.2356518 ], [ 110.3816493, -7.2356566 ] ] ] ] } },
{ "type": "Feature", "properties": { "full_id": "w639857997", "osm_id": "639857997", "osm_type": "way", "building": "yes", "name": null, "amenity": null, "brand": null, "wheelchair": null }, "geometry": { "type": "MultiPolygon", "coordinates": [ [ [ [ 110.3816346, -7.2354434 ], [ 110.3816418, -7.2355809 ], [ 110.3817224, -7.2355767 ], [ 110.3817152, -7.2354392 ], [ 110.3816346, -7.2354434 ] ] ] ] } },
{ "type": "Feature", "properties": { "full_id": "w639857998", "osm_id": "639857998", "osm_type": "way", "building": "yes", "name": null, "amenity": null, "brand": null, "wheelchair": null }, "geometry": { "type": "MultiPolygon", "coordinates": [ [ [ [ 110.3818238, -7.2355899 ], [ 110.3818212, -7.2355295 ], [ 110.3818459, -7.2355285 ], [ 110.3818437, -7.2354772 ], [ 110.3818762, -7.2354758 ], [ 110.381875, -7.2354476 ], [ 110.381925, -7.2354454 ], [ 110.3819311, -7.2355853 ], [ 110.3818238, -7.2355899 ] ] ] ] } },
{ "type": "Feature", "properties": { "full_id": "w639857999", "osm_id": "639857999", "osm_type": "way", "building": "yes", "name": null, "amenity": null, "brand": null, "wheelchair": null }, "geometry": { "type": "MultiPolygon", "coordinates": [ [ [ [ 110.3818238, -7.2355899 ], [ 110.3818317, -7.2357383 ], [ 110.3820096, -7.2357295 ], [ 110.3820045, -7.2356278 ], [ 110.3819358, -7.2356312 ], [ 110.3819311, -7.2355853 ], [ 110.3818238, -7.2355899 ] ] ] ] } },
{ "type": "Feature", "properties": { "full_id": "w639858000", "osm_id": "639858000", "osm_type": "way", "building": "yes", "name": null, "amenity": null, "brand": null, "wheelchair": null }, "geometry": { "type": "MultiPolygon", "coordinates": [ [ [ [ 110.3819952, -7.2354928 ], [ 110.3819843, -7.2356087 ], [ 110.3820612, -7.2356158 ], [ 110.3820721, -7.2354999 ], [ 110.3819952, -7.2354928 ] ] ] ] } },
{ "type": "Feature", "properties": { "full_id": "w639858001", "osm_id": "639858001", "osm_type": "way", "building": "yes", "name": null, "amenity": null, "brand": null, "wheelchair": null }, "geometry": { "type": "MultiPolygon", "coordinates": [ [ [ [ 110.3811892, -7.2350905 ], [ 110.3811355, -7.2352085 ], [ 110.3812096, -7.2352418 ], [ 110.3812633, -7.2351237 ], [ 110.3811892, -7.2350905 ] ] ] ] } },
{ "type": "Feature", "properties": { "full_id": "w639858002", "osm_id": "639858002", "osm_type": "way", "building": "yes", "name": null, "amenity": null, "brand": null, "wheelchair": null }, "geometry": { "type": "MultiPolygon", "coordinates": [ [ [ [ 110.3814783, -7.2352276 ], [ 110.3813866, -7.235235 ], [ 110.381379, -7.2351429 ], [ 110.3814707, -7.2351354 ], [ 110.3814783, -7.2352276 ] ] ] ] } },
{ "type": "Feature", "properties": { "full_id": "w639858003", "osm_id": "639858003", "osm_type": "way", "building": "yes", "name": null, "amenity": null, "brand": null, "wheelchair": null }, "geometry": { "type": "MultiPolygon", "coordinates": [ [ [ [ 110.3814783, -7.2352276 ], [ 110.3814788, -7.2352901 ], [ 110.38157, -7.2352916 ], [ 110.3815711, -7.2352278 ], [ 110.3814783, -7.2352276 ] ] ] ] } },
{ "type": "Feature", "properties": { "full_id": "w639858004", "osm_id": "639858004", "osm_type": "way", "building": "yes", "name": null, "amenity": null, "brand": null, "wheelchair": null }, "geometry": { "type": "MultiPolygon", "coordinates": [ [ [ [ 110.3815965, -7.2352111 ], [ 110.3816037, -7.235303 ], [ 110.3817102, -7.2352948 ], [ 110.381703, -7.2352029 ], [ 110.3815965, -7.2352111 ] ] ] ] } },
{ "type": "Feature", "properties": { "full_id": "w639858005", "osm_id": "639858005", "osm_type": "way", "building": "yes", "name": null, "amenity": null, "brand": null, "wheelchair": null }, "geometry": { "type": "MultiPolygon", "coordinates": [ [ [ [ 110.3815175, -7.2351487 ], [ 110.3815488, -7.2352076 ], [ 110.3816316, -7.2351643 ], [ 110.3816003, -7.2351054 ], [ 110.3815175, -7.2351487 ] ] ] ] } },
{ "type": "Feature", "properties": { "full_id": "w639858006", "osm_id": "639858006", "osm_type": "way", "building": "yes", "name": null, "amenity": null, "brand": null, "wheelchair": null }, "geometry": { "type": "MultiPolygon", "coordinates": [ [ [ [ 110.3814696, -7.2350466 ], [ 110.3815016, -7.2351169 ], [ 110.3816118, -7.2350675 ], [ 110.3815797, -7.2349972 ], [ 110.3814696, -7.2350466 ] ] ] ] } },
{ "type": "Feature", "properties": { "full_id": "w639858007", "osm_id": "639858007", "osm_type": "way", "building": "yes", "name": null, "amenity": null, "brand": null, "wheelchair": null }, "geometry": { "type": "MultiPolygon", "coordinates": [ [ [ [ 110.3816243, -7.2350377 ], [ 110.3816682, -7.2351487 ], [ 110.3817548, -7.235115 ], [ 110.3817109, -7.235004 ], [ 110.3816243, -7.2350377 ] ] ] ] } },
{ "type": "Feature", "properties": { "full_id": "w639890660", "osm_id": "639890660", "osm_type": "way", "building": "yes", "name": null, "amenity": null, "brand": null, "wheelchair": null }, "geometry": { "type": "MultiPolygon", "coordinates": [ [ [ [ 110.3773565, -7.2330296 ], [ 110.3773231, -7.2331283 ], [ 110.3773932, -7.2331517 ], [ 110.3774267, -7.233053 ], [ 110.3773565, -7.2330296 ] ] ] ] } },
{ "type": "Feature", "properties": { "full_id": "w639890661", "osm_id": "639890661", "osm_type": "way", "building": "yes", "name": null, "amenity": null, "brand": null, "wheelchair": null }, "geometry": { "type": "MultiPolygon", "coordinates": [ [ [ [ 110.3771771, -7.2332047 ], [ 110.377146, -7.2332749 ], [ 110.3772998, -7.2333419 ], [ 110.3773309, -7.2332716 ], [ 110.3771771, -7.2332047 ] ] ] ] } },
{ "type": "Feature", "properties": { "full_id": "w639890662", "osm_id": "639890662", "osm_type": "way", "building": "yes", "name": null, "amenity": null, "brand": null, "wheelchair": null }, "geometry": { "type": "MultiPolygon", "coordinates": [ [ [ [ 110.377445, -7.2330856 ], [ 110.377408, -7.2331756 ], [ 110.377555, -7.2332349 ], [ 110.3775919, -7.233145 ], [ 110.377445, -7.2330856 ] ] ] ] } },
{ "type": "Feature", "properties": { "full_id": "w639890663", "osm_id": "639890663", "osm_type": "way", "building": "yes", "name": null, "amenity": null, "brand": null, "wheelchair": null }, "geometry": { "type": "MultiPolygon", "coordinates": [ [ [ [ 110.3776375, -7.2330282 ], [ 110.3774905, -7.2329709 ], [ 110.377445, -7.2330856 ], [ 110.3775919, -7.233145 ], [ 110.3776375, -7.2330282 ] ] ] ] } },
{ "type": "Feature", "properties": { "full_id": "w639890666", "osm_id": "639890666", "osm_type": "way", "building": "yes", "name": null, "amenity": null, "brand": null, "wheelchair": null }, "geometry": { "type": "MultiPolygon", "coordinates": [ [ [ [ 110.3780103, -7.233398 ], [ 110.3779701, -7.2334896 ], [ 110.3778081, -7.2334195 ], [ 110.3778484, -7.233328 ], [ 110.3779369, -7.2333662 ], [ 110.3780103, -7.233398 ] ] ] ] } },
{ "type": "Feature", "properties": { "full_id": "w639890667", "osm_id": "639890667", "osm_type": "way", "building": "yes", "name": null, "amenity": null, "brand": null, "wheelchair": null }, "geometry": { "type": "MultiPolygon", "coordinates": [ [ [ [ 110.3779783, -7.2332606 ], [ 110.3779369, -7.2333662 ], [ 110.3780103, -7.233398 ], [ 110.3780315, -7.2334057 ], [ 110.3780739, -7.2332977 ], [ 110.3779783, -7.2332606 ] ] ] ] } },
{ "type": "Feature", "properties": { "full_id": "w639890668", "osm_id": "639890668", "osm_type": "way", "building": "yes", "name": null, "amenity": null, "brand": null, "wheelchair": null }, "geometry": { "type": "MultiPolygon", "coordinates": [ [ [ [ 110.3779182, -7.2329897 ], [ 110.3779695, -7.2330109 ], [ 110.3779992, -7.2329402 ], [ 110.3779478, -7.232919 ], [ 110.3779182, -7.2329897 ] ] ] ] } },
{ "type": "Feature", "properties": { "full_id": "w639890669", "osm_id": "639890669", "osm_type": "way", "building": "yes", "name": null, "amenity": null, "brand": null, "wheelchair": null }, "geometry": { "type": "MultiPolygon", "coordinates": [ [ [ [ 110.3778644, -7.2328849 ], [ 110.3778186, -7.2329899 ], [ 110.3779019, -7.2330257 ], [ 110.3779182, -7.2329897 ], [ 110.3779478, -7.232919 ], [ 110.3778644, -7.2328849 ] ] ] ] } },
{ "type": "Feature", "properties": { "full_id": "w639890670", "osm_id": "639890670", "osm_type": "way", "building": "yes", "name": null, "amenity": null, "brand": null, "wheelchair": null }, "geometry": { "type": "MultiPolygon", "coordinates": [ [ [ [ 110.3780836, -7.2330233 ], [ 110.3780147, -7.232997 ], [ 110.3780481, -7.2329109 ], [ 110.378117, -7.2329372 ], [ 110.3780836, -7.2330233 ] ] ] ] } },
{ "type": "Feature", "properties": { "full_id": "w639890671", "osm_id": "639890671", "osm_type": "way", "building": "yes", "name": null, "amenity": null, "brand": null, "wheelchair": null }, "geometry": { "type": "MultiPolygon", "coordinates": [ [ [ [ 110.378117, -7.2329372 ], [ 110.3780836, -7.2330233 ], [ 110.3781931, -7.2330656 ], [ 110.3782266, -7.2329721 ], [ 110.378117, -7.2329372 ] ] ] ] } },
{ "type": "Feature", "properties": { "full_id": "w639890672", "osm_id": "639890672", "osm_type": "way", "building": "yes", "name": null, "amenity": null, "brand": null, "wheelchair": null }, "geometry": { "type": "MultiPolygon", "coordinates": [ [ [ [ 110.3783648, -7.2330462 ], [ 110.3783336, -7.2331188 ], [ 110.37841, -7.2331511 ], [ 110.3784412, -7.2330785 ], [ 110.3783648, -7.2330462 ] ] ] ] } },
{ "type": "Feature", "properties": { "full_id": "w639890673", "osm_id": "639890673", "osm_type": "way", "building": "yes", "name": null, "amenity": null, "brand": null, "wheelchair": null }, "geometry": { "type": "MultiPolygon", "coordinates": [ [ [ [ 110.3785118, -7.2331425 ], [ 110.3784529, -7.2332603 ], [ 110.3785179, -7.2332923 ], [ 110.3785768, -7.2331745 ], [ 110.3785118, -7.2331425 ] ] ] ] } },
{ "type": "Feature", "properties": { "full_id": "w639890674", "osm_id": "639890674", "osm_type": "way", "building": "yes", "name": null, "amenity": null, "brand": null, "wheelchair": null }, "geometry": { "type": "MultiPolygon", "coordinates": [ [ [ [ 110.3787103, -7.2333885 ], [ 110.3786445, -7.233358 ], [ 110.3787124, -7.2332139 ], [ 110.3787781, -7.2332444 ], [ 110.3787103, -7.2333885 ] ] ] ] } },
{ "type": "Feature", "properties": { "full_id": "w639890675", "osm_id": "639890675", "osm_type": "way", "building": "yes", "name": null, "amenity": null, "brand": null, "wheelchair": null }, "geometry": { "type": "MultiPolygon", "coordinates": [ [ [ [ 110.3787882, -7.2332181 ], [ 110.3787781, -7.2332444 ], [ 110.3787103, -7.2333885 ], [ 110.3787886, -7.2334242 ], [ 110.3788656, -7.2332522 ], [ 110.3787882, -7.2332181 ] ] ] ] } },
{ "type": "Feature", "properties": { "full_id": "w639890676", "osm_id": "639890676", "osm_type": "way", "building": "yes", "name": null, "amenity": null, "brand": null, "wheelchair": null }, "geometry": { "type": "MultiPolygon", "coordinates": [ [ [ [ 110.3789091, -7.2332662 ], [ 110.3788667, -7.2333744 ], [ 110.3789574, -7.2334094 ], [ 110.3789998, -7.2333012 ], [ 110.3789091, -7.2332662 ] ] ] ] } },
{ "type": "Feature", "properties": { "full_id": "w639890677", "osm_id": "639890677", "osm_type": "way", "building": "yes", "name": null, "amenity": null, "brand": null, "wheelchair": null }, "geometry": { "type": "MultiPolygon", "coordinates": [ [ [ [ 110.3786103, -7.2337061 ], [ 110.3785633, -7.2337738 ], [ 110.3786547, -7.2338362 ], [ 110.3787017, -7.2337686 ], [ 110.3786103, -7.2337061 ] ] ] ] } },
{ "type": "Feature", "properties": { "full_id": "w639890678", "osm_id": "639890678", "osm_type": "way", "building": "yes", "name": null, "amenity": null, "brand": null, "wheelchair": null }, "geometry": { "type": "MultiPolygon", "coordinates": [ [ [ [ 110.3786624, -7.2335772 ], [ 110.3787175, -7.2334374 ], [ 110.3788, -7.2334694 ], [ 110.3787448, -7.2336092 ], [ 110.378724, -7.2336012 ], [ 110.3786624, -7.2335772 ] ] ] ] } },
{ "type": "Feature", "properties": { "full_id": "w639890679", "osm_id": "639890679", "osm_type": "way", "building": "yes", "name": null, "amenity": null, "brand": null, "wheelchair": null }, "geometry": { "type": "MultiPolygon", "coordinates": [ [ [ [ 110.3788358, -7.2334824 ], [ 110.3787764, -7.2335854 ], [ 110.3788543, -7.2336296 ], [ 110.3789137, -7.2335266 ], [ 110.3788358, -7.2334824 ] ] ] ] } },
{ "type": "Feature", "properties": { "full_id": "w639890680", "osm_id": "639890680", "osm_type": "way", "building": "yes", "name": null, "amenity": null, "brand": null, "wheelchair": null }, "geometry": { "type": "MultiPolygon", "coordinates": [ [ [ [ 110.3787458, -7.2336191 ], [ 110.3787071, -7.233703 ], [ 110.3787586, -7.2337264 ], [ 110.3787973, -7.2336425 ], [ 110.3787458, -7.2336191 ] ] ] ] } },
{ "type": "Feature", "properties": { "full_id": "w639890681", "osm_id": "639890681", "osm_type": "way", "building": "yes", "name": null, "amenity": null, "brand": null, "wheelchair": null }, "geometry": { "type": "MultiPolygon", "coordinates": [ [ [ [ 110.3786624, -7.2335772 ], [ 110.3786165, -7.2336794 ], [ 110.3786798, -7.2337058 ], [ 110.378724, -7.2336012 ], [ 110.3786624, -7.2335772 ] ] ] ] } },
{ "type": "Feature", "properties": { "full_id": "w639890682", "osm_id": "639890682", "osm_type": "way", "building": "yes", "name": null, "amenity": null, "brand": null, "wheelchair": null }, "geometry": { "type": "MultiPolygon", "coordinates": [ [ [ [ 110.3784477, -7.2335452 ], [ 110.3785878, -7.2336036 ], [ 110.3786112, -7.2335483 ], [ 110.3785697, -7.233531 ], [ 110.3786049, -7.233448 ], [ 110.3785063, -7.2334069 ], [ 110.3784477, -7.2335452 ] ] ] ] } },
{ "type": "Feature", "properties": { "full_id": "w639890683", "osm_id": "639890683", "osm_type": "way", "building": "yes", "name": null, "amenity": null, "brand": null, "wheelchair": null }, "geometry": { "type": "MultiPolygon", "coordinates": [ [ [ [ 110.3781619, -7.233496 ], [ 110.378223, -7.2335237 ], [ 110.3782517, -7.2334613 ], [ 110.3781565, -7.2334182 ], [ 110.3781278, -7.2334805 ], [ 110.3781619, -7.233496 ] ] ] ] } },
{ "type": "Feature", "properties": { "full_id": "w639890684", "osm_id": "639890684", "osm_type": "way", "building": "yes", "name": null, "amenity": null, "brand": null, "wheelchair": null }, "geometry": { "type": "MultiPolygon", "coordinates": [ [ [ [ 110.3780807, -7.2334585 ], [ 110.3780385, -7.233547 ], [ 110.3781195, -7.233585 ], [ 110.3781619, -7.233496 ], [ 110.3781278, -7.2334805 ], [ 110.3780807, -7.2334585 ] ] ] ] } },
{ "type": "Feature", "properties": { "full_id": "w639890685", "osm_id": "639890685", "osm_type": "way", "building": "yes", "name": null, "amenity": null, "brand": null, "wheelchair": null }, "geometry": { "type": "MultiPolygon", "coordinates": [ [ [ [ 110.3782344, -7.2337001 ], [ 110.3781945, -7.2337974 ], [ 110.3782775, -7.2338309 ], [ 110.3783175, -7.2337337 ], [ 110.3782344, -7.2337001 ] ] ] ] } },
{ "type": "Feature", "properties": { "full_id": "w639890686", "osm_id": "639890686", "osm_type": "way", "building": "yes", "name": null, "amenity": null, "brand": null, "wheelchair": null }, "geometry": { "type": "MultiPolygon", "coordinates": [ [ [ [ 110.3783499, -7.2336846 ], [ 110.3782523, -7.2336416 ], [ 110.378303, -7.2335284 ], [ 110.3784006, -7.2335714 ], [ 110.3783591, -7.233664 ], [ 110.3783499, -7.2336846 ] ] ] ] } },
{ "type": "Feature", "properties": { "full_id": "w639890687", "osm_id": "639890687", "osm_type": "way", "building": "yes", "name": null, "amenity": null, "brand": null, "wheelchair": null }, "geometry": { "type": "MultiPolygon", "coordinates": [ [ [ [ 110.3783844, -7.2336754 ], [ 110.3784193, -7.2336027 ], [ 110.3785231, -7.2336516 ], [ 110.3784882, -7.2337244 ], [ 110.3783844, -7.2336754 ] ] ] ] } },
{ "type": "Feature", "properties": { "full_id": "w639890688", "osm_id": "639890688", "osm_type": "way", "building": "yes", "name": null, "amenity": null, "brand": null, "wheelchair": null }, "geometry": { "type": "MultiPolygon", "coordinates": [ [ [ [ 110.3783591, -7.233664 ], [ 110.3783499, -7.2336846 ], [ 110.3783314, -7.233725 ], [ 110.3784128, -7.2337629 ], [ 110.3783864, -7.2338186 ], [ 110.3784335, -7.2338405 ], [ 110.3784882, -7.2337244 ], [ 110.3783844, -7.2336754 ], [ 110.3783591, -7.233664 ] ] ] ] } },
{ "type": "Feature", "properties": { "full_id": "w639890689", "osm_id": "639890689", "osm_type": "way", "building": "yes", "name": null, "amenity": null, "brand": null, "wheelchair": null }, "geometry": { "type": "MultiPolygon", "coordinates": [ [ [ [ 110.3783472, -7.2338007 ], [ 110.3783111, -7.233878 ], [ 110.3784008, -7.2339193 ], [ 110.3784335, -7.2338405 ], [ 110.3783864, -7.2338186 ], [ 110.3783472, -7.2338007 ] ] ] ] } },
{ "type": "Feature", "properties": { "full_id": "w639890690", "osm_id": "639890690", "osm_type": "way", "building": "yes", "name": null, "amenity": null, "brand": null, "wheelchair": null }, "geometry": { "type": "MultiPolygon", "coordinates": [ [ [ [ 110.3775494, -7.2334556 ], [ 110.3775133, -7.2335279 ], [ 110.3776423, -7.2335912 ], [ 110.3776784, -7.2335189 ], [ 110.3775494, -7.2334556 ] ] ] ] } },
{ "type": "Feature", "properties": { "full_id": "w639890691", "osm_id": "639890691", "osm_type": "way", "building": "yes", "name": null, "amenity": null, "brand": null, "wheelchair": null }, "geometry": { "type": "MultiPolygon", "coordinates": [ [ [ [ 110.3771717, -7.2333081 ], [ 110.3771392, -7.233381 ], [ 110.3772388, -7.2334247 ], [ 110.3772712, -7.2333518 ], [ 110.3771717, -7.2333081 ] ] ] ] } },
{ "type": "Feature", "properties": { "full_id": "w639890692", "osm_id": "639890692", "osm_type": "way", "building": "yes", "name": null, "amenity": null, "brand": null, "wheelchair": null }, "geometry": { "type": "MultiPolygon", "coordinates": [ [ [ [ 110.3771238, -7.2334975 ], [ 110.3770865, -7.2335843 ], [ 110.3771814, -7.2336244 ], [ 110.3772187, -7.2335377 ], [ 110.3771238, -7.2334975 ] ] ] ] } },
{ "type": "Feature", "properties": { "full_id": "w639890693", "osm_id": "639890693", "osm_type": "way", "building": "yes", "name": null, "amenity": null, "brand": null, "wheelchair": null }, "geometry": { "type": "MultiPolygon", "coordinates": [ [ [ [ 110.3773472, -7.2334271 ], [ 110.3773144, -7.2335025 ], [ 110.3774342, -7.2335538 ], [ 110.377467, -7.2334784 ], [ 110.3773472, -7.2334271 ] ] ] ] } },
{ "type": "Feature", "properties": { "full_id": "w639890694", "osm_id": "639890694", "osm_type": "way", "building": "yes", "name": null, "amenity": null, "brand": null, "wheelchair": null }, "geometry": { "type": "MultiPolygon", "coordinates": [ [ [ [ 110.3772949, -7.2335543 ], [ 110.3772522, -7.2336433 ], [ 110.3773389, -7.2336841 ], [ 110.3773815, -7.2335951 ], [ 110.3772949, -7.2335543 ] ] ] ] } },
{ "type": "Feature", "properties": { "full_id": "w639890695", "osm_id": "639890695", "osm_type": "way", "building": "yes", "name": null, "amenity": null, "brand": null, "wheelchair": null }, "geometry": { "type": "MultiPolygon", "coordinates": [ [ [ [ 110.3774308, -7.2336016 ], [ 110.3773708, -7.2337282 ], [ 110.3774558, -7.2337678 ], [ 110.3775157, -7.2336412 ], [ 110.3774308, -7.2336016 ] ] ] ] } },
{ "type": "Feature", "properties": { "full_id": "w639890697", "osm_id": "639890697", "osm_type": "way", "building": "yes", "name": null, "amenity": null, "brand": null, "wheelchair": null }, "geometry": { "type": "MultiPolygon", "coordinates": [ [ [ [ 110.3775854, -7.2337469 ], [ 110.3775264, -7.2338733 ], [ 110.3776163, -7.2339146 ], [ 110.3776753, -7.2337882 ], [ 110.3775854, -7.2337469 ] ] ] ] } },
{ "type": "Feature", "properties": { "full_id": "w639890698", "osm_id": "639890698", "osm_type": "way", "building": "yes", "name": null, "amenity": null, "brand": null, "wheelchair": null }, "geometry": { "type": "MultiPolygon", "coordinates": [ [ [ [ 110.3779408, -7.233722 ], [ 110.3779875, -7.2336241 ], [ 110.3780714, -7.2336636 ], [ 110.3780247, -7.2337615 ], [ 110.3779408, -7.233722 ] ] ] ] } },
{ "type": "Feature", "properties": { "full_id": "w639890699", "osm_id": "639890699", "osm_type": "way", "building": "yes", "name": null, "amenity": null, "brand": null, "wheelchair": null }, "geometry": { "type": "MultiPolygon", "coordinates": [ [ [ [ 110.3779022, -7.2337969 ], [ 110.3779408, -7.233722 ], [ 110.3780247, -7.2337615 ], [ 110.3779839, -7.2338389 ], [ 110.3779022, -7.2337969 ] ] ] ] } },
{ "type": "Feature", "properties": { "full_id": "w639890700", "osm_id": "639890700", "osm_type": "way", "building": "yes", "name": null, "amenity": null, "brand": null, "wheelchair": null }, "geometry": { "type": "MultiPolygon", "coordinates": [ [ [ [ 110.3779022, -7.2337969 ], [ 110.3778797, -7.233837 ], [ 110.3779098, -7.2338532 ], [ 110.3778926, -7.2338844 ], [ 110.3779429, -7.2339105 ], [ 110.3779839, -7.2338389 ], [ 110.3779022, -7.2337969 ] ] ] ] } },
{ "type": "Feature", "properties": { "full_id": "w639890701", "osm_id": "639890701", "osm_type": "way", "building": "yes", "name": null, "amenity": null, "brand": null, "wheelchair": null }, "geometry": { "type": "MultiPolygon", "coordinates": [ [ [ [ 110.3780902, -7.234046 ], [ 110.3779884, -7.2339995 ], [ 110.3780721, -7.2338193 ], [ 110.3781738, -7.2338658 ], [ 110.3781351, -7.2339491 ], [ 110.3780902, -7.234046 ] ] ] ] } },
{ "type": "Feature", "properties": { "full_id": "w639890702", "osm_id": "639890702", "osm_type": "way", "building": "yes", "name": null, "amenity": null, "brand": null, "wheelchair": null }, "geometry": { "type": "MultiPolygon", "coordinates": [ [ [ [ 110.3782041, -7.2339811 ], [ 110.3782342, -7.2339203 ], [ 110.378296, -7.2339504 ], [ 110.3782659, -7.2340112 ], [ 110.3782301, -7.2339937 ], [ 110.3782041, -7.2339811 ] ] ] ] } },
{ "type": "Feature", "properties": { "full_id": "w639890703", "osm_id": "639890703", "osm_type": "way", "building": "yes", "name": null, "amenity": null, "brand": null, "wheelchair": null }, "geometry": { "type": "MultiPolygon", "coordinates": [ [ [ [ 110.3781351, -7.2339491 ], [ 110.3780902, -7.234046 ], [ 110.3780689, -7.234093 ], [ 110.3781636, -7.2341364 ], [ 110.3782301, -7.2339937 ], [ 110.3782041, -7.2339811 ], [ 110.3781351, -7.2339491 ] ] ] ] } },
{ "type": "Feature", "properties": { "full_id": "w639890704", "osm_id": "639890704", "osm_type": "way", "building": "yes", "name": null, "amenity": null, "brand": null, "wheelchair": null }, "geometry": { "type": "MultiPolygon", "coordinates": [ [ [ [ 110.3784333, -7.2341214 ], [ 110.3784072, -7.2342066 ], [ 110.3785044, -7.2342359 ], [ 110.3785305, -7.2341507 ], [ 110.3784333, -7.2341214 ] ] ] ] } },
{ "type": "Feature", "properties": { "full_id": "w640177134", "osm_id": "640177134", "osm_type": "way", "building": "yes", "name": null, "amenity": null, "brand": null, "wheelchair": null }, "geometry": { "type": "MultiPolygon", "coordinates": [ [ [ [ 110.3796488, -7.2325872 ], [ 110.3796231, -7.2326464 ], [ 110.3796648, -7.2326641 ], [ 110.3796904, -7.232605 ], [ 110.3796488, -7.2325872 ] ] ] ] } },
{ "type": "Feature", "properties": { "full_id": "w640177135", "osm_id": "640177135", "osm_type": "way", "building": "yes", "name": null, "amenity": null, "brand": null, "wheelchair": null }, "geometry": { "type": "MultiPolygon", "coordinates": [ [ [ [ 110.3811302, -7.2340493 ], [ 110.3811165, -7.2341526 ], [ 110.3812008, -7.2341636 ], [ 110.3812145, -7.2340603 ], [ 110.3811302, -7.2340493 ] ] ] ] } },
{ "type": "Feature", "properties": { "full_id": "w640177136", "osm_id": "640177136", "osm_type": "way", "building": "yes", "name": null, "amenity": null, "brand": null, "wheelchair": null }, "geometry": { "type": "MultiPolygon", "coordinates": [ [ [ [ 110.3813157, -7.2338602 ], [ 110.3812575, -7.2339754 ], [ 110.3813352, -7.2340141 ], [ 110.3813934, -7.2338989 ], [ 110.3813157, -7.2338602 ] ] ] ] } },
{ "type": "Feature", "properties": { "full_id": "w640177137", "osm_id": "640177137", "osm_type": "way", "building": "yes", "name": null, "amenity": null, "brand": null, "wheelchair": null }, "geometry": { "type": "MultiPolygon", "coordinates": [ [ [ [ 110.3828861, -7.2335085 ], [ 110.3829473, -7.2335461 ], [ 110.3828867, -7.233643 ], [ 110.3828255, -7.2336054 ], [ 110.3828861, -7.2335085 ] ] ] ] } },
{ "type": "Feature", "properties": { "full_id": "w640177138", "osm_id": "640177138", "osm_type": "way", "building": "yes", "name": null, "amenity": null, "brand": null, "wheelchair": null }, "geometry": { "type": "MultiPolygon", "coordinates": [ [ [ [ 110.382765, -7.2335676 ], [ 110.3828229, -7.2334722 ], [ 110.3828861, -7.2335085 ], [ 110.3828255, -7.2336054 ], [ 110.3827838, -7.2335789 ], [ 110.382765, -7.2335676 ] ] ] ] } },
{ "type": "Feature", "properties": { "full_id": "w640177139", "osm_id": "640177139", "osm_type": "way", "building": "yes", "name": null, "amenity": null, "brand": null, "wheelchair": null }, "geometry": { "type": "MultiPolygon", "coordinates": [ [ [ [ 110.382683, -7.233512 ], [ 110.3826394, -7.2335757 ], [ 110.3826893, -7.2336092 ], [ 110.3826517, -7.2336642 ], [ 110.3827022, -7.2336982 ], [ 110.3827417, -7.2336404 ], [ 110.3827838, -7.2335789 ], [ 110.382765, -7.2335676 ], [ 110.382683, -7.233512 ] ] ] ] } },
{ "type": "Feature", "properties": { "full_id": "w640177140", "osm_id": "640177140", "osm_type": "way", "building": "yes", "name": null, "amenity": null, "brand": null, "wheelchair": null }, "geometry": { "type": "MultiPolygon", "coordinates": [ [ [ [ 110.3827022, -7.2336982 ], [ 110.3827417, -7.2336404 ], [ 110.3828225, -7.2336971 ], [ 110.3827797, -7.233757 ], [ 110.3827022, -7.2336982 ] ] ] ] } },
{ "type": "Feature", "properties": { "full_id": "w640177141", "osm_id": "640177141", "osm_type": "way", "building": "yes", "name": null, "amenity": null, "brand": null, "wheelchair": null }, "geometry": { "type": "MultiPolygon", "coordinates": [ [ [ [ 110.3827022, -7.2336982 ], [ 110.382657, -7.2337633 ], [ 110.3827607, -7.2338412 ], [ 110.3828076, -7.2337798 ], [ 110.3827797, -7.233757 ], [ 110.3827022, -7.2336982 ] ] ] ] } },
{ "type": "Feature", "properties": { "full_id": "w640177142", "osm_id": "640177142", "osm_type": "way", "building": "yes", "name": null, "amenity": null, "brand": null, "wheelchair": null }, "geometry": { "type": "MultiPolygon", "coordinates": [ [ [ [ 110.3824347, -7.2341064 ], [ 110.3823435, -7.2342588 ], [ 110.3824059, -7.2342956 ], [ 110.3824971, -7.2341432 ], [ 110.3824347, -7.2341064 ] ] ] ] } },
{ "type": "Feature", "properties": { "full_id": "w640177143", "osm_id": "640177143", "osm_type": "way", "building": "yes", "name": null, "amenity": null, "brand": null, "wheelchair": null }, "geometry": { "type": "MultiPolygon", "coordinates": [ [ [ [ 110.3823835, -7.2340744 ], [ 110.3824347, -7.2341064 ], [ 110.382486, -7.2340235 ], [ 110.3824325, -7.2339921 ], [ 110.3823835, -7.2340744 ] ] ] ] } },
{ "type": "Feature", "properties": { "full_id": "w640177144", "osm_id": "640177144", "osm_type": "way", "building": "yes", "name": null, "amenity": null, "brand": null, "wheelchair": null }, "geometry": { "type": "MultiPolygon", "coordinates": [ [ [ [ 110.3823744, -7.233959 ], [ 110.3823257, -7.2340402 ], [ 110.3823835, -7.2340744 ], [ 110.3824325, -7.2339921 ], [ 110.3823744, -7.233959 ] ] ] ] } },
{ "type": "Feature", "properties": { "full_id": "w640177145", "osm_id": "640177145", "osm_type": "way", "building": "yes", "name": null, "amenity": null, "brand": null, "wheelchair": null }, "geometry": { "type": "MultiPolygon", "coordinates": [ [ [ [ 110.3820216, -7.2335522 ], [ 110.3819727, -7.2337028 ], [ 110.3820623, -7.2337314 ], [ 110.3821112, -7.2335808 ], [ 110.3820216, -7.2335522 ] ] ] ] } },
{ "type": "Feature", "properties": { "full_id": "w640177146", "osm_id": "640177146", "osm_type": "way", "building": "yes", "name": null, "amenity": null, "brand": null, "wheelchair": null }, "geometry": { "type": "MultiPolygon", "coordinates": [ [ [ [ 110.3818716, -7.2336057 ], [ 110.3819069, -7.2335082 ], [ 110.3819959, -7.2335399 ], [ 110.3819606, -7.2336374 ], [ 110.3818716, -7.2336057 ] ] ] ] } },
{ "type": "Feature", "properties": { "full_id": "w640177147", "osm_id": "640177147", "osm_type": "way", "building": "yes", "name": null, "amenity": null, "brand": null, "wheelchair": null }, "geometry": { "type": "MultiPolygon", "coordinates": [ [ [ [ 110.3817646, -7.2336289 ], [ 110.3817294, -7.2337221 ], [ 110.3818153, -7.233754 ], [ 110.3818505, -7.2336608 ], [ 110.3817646, -7.2336289 ] ] ] ] } },
{ "type": "Feature", "properties": { "full_id": "w640177148", "osm_id": "640177148", "osm_type": "way", "building": "yes", "name": null, "amenity": null, "brand": null, "wheelchair": null }, "geometry": { "type": "MultiPolygon", "coordinates": [ [ [ [ 110.381632, -7.2336231 ], [ 110.3816015, -7.2336941 ], [ 110.3817029, -7.233737 ], [ 110.3817334, -7.233666 ], [ 110.381632, -7.2336231 ] ] ] ] } },
{ "type": "Feature", "properties": { "full_id": "w640177149", "osm_id": "640177149", "osm_type": "way", "building": "yes", "name": null, "amenity": null, "brand": null, "wheelchair": null }, "geometry": { "type": "MultiPolygon", "coordinates": [ [ [ [ 110.3817637, -7.2335703 ], [ 110.3817458, -7.2336252 ], [ 110.3817646, -7.2336289 ], [ 110.3818505, -7.2336608 ], [ 110.3818716, -7.2336057 ], [ 110.3817637, -7.2335703 ] ] ] ] } },
{ "type": "Feature", "properties": { "full_id": "w640177150", "osm_id": "640177150", "osm_type": "way", "building": "yes", "name": null, "amenity": null, "brand": null, "wheelchair": null }, "geometry": { "type": "MultiPolygon", "coordinates": [ [ [ [ 110.3827629, -7.2330803 ], [ 110.3828476, -7.2331168 ], [ 110.3829019, -7.2329928 ], [ 110.3828172, -7.2329564 ], [ 110.3827928, -7.233012 ], [ 110.3827629, -7.2330803 ] ] ] ] } },
{ "type": "Feature", "properties": { "full_id": "w640177151", "osm_id": "640177151", "osm_type": "way", "building": "yes", "name": null, "amenity": null, "brand": null, "wheelchair": null }, "geometry": { "type": "MultiPolygon", "coordinates": [ [ [ [ 110.3826825, -7.2329634 ], [ 110.3826531, -7.233029 ], [ 110.3827629, -7.2330803 ], [ 110.3827928, -7.233012 ], [ 110.3826825, -7.2329634 ] ] ] ] } },
{ "type": "Feature", "properties": { "full_id": "w640177152", "osm_id": "640177152", "osm_type": "way", "building": "yes", "name": null, "amenity": null, "brand": null, "wheelchair": null }, "geometry": { "type": "MultiPolygon", "coordinates": [ [ [ [ 110.3828439, -7.2331469 ], [ 110.3829284, -7.2331726 ], [ 110.3828924, -7.2332893 ], [ 110.3828079, -7.2332636 ], [ 110.3828439, -7.2331469 ] ] ] ] } },
{ "type": "Feature", "properties": { "full_id": "w640177153", "osm_id": "640177153", "osm_type": "way", "building": "yes", "name": null, "amenity": null, "brand": null, "wheelchair": null }, "geometry": { "type": "MultiPolygon", "coordinates": [ [ [ [ 110.3827605, -7.2331202 ], [ 110.3827185, -7.2332524 ], [ 110.3828026, -7.2332786 ], [ 110.3828079, -7.2332636 ], [ 110.3828439, -7.2331469 ], [ 110.3827605, -7.2331202 ] ] ] ] } },
{ "type": "Feature", "properties": { "full_id": "w640177154", "osm_id": "640177154", "osm_type": "way", "building": "yes", "name": null, "amenity": null, "brand": null, "wheelchair": null }, "geometry": { "type": "MultiPolygon", "coordinates": [ [ [ [ 110.3825589, -7.2331275 ], [ 110.3825127, -7.233236 ], [ 110.3826099, -7.2332767 ], [ 110.3826561, -7.2331682 ], [ 110.3825589, -7.2331275 ] ] ] ] } },
{ "type": "Feature", "properties": { "full_id": "w640177155", "osm_id": "640177155", "osm_type": "way", "building": "yes", "name": null, "amenity": null, "brand": null, "wheelchair": null }, "geometry": { "type": "MultiPolygon", "coordinates": [ [ [ [ 110.3824623, -7.2332604 ], [ 110.3824039, -7.2333414 ], [ 110.3824826, -7.2333972 ], [ 110.382541, -7.2333163 ], [ 110.3824623, -7.2332604 ] ] ] ] } },
{ "type": "Feature", "properties": { "full_id": "w640177156", "osm_id": "640177156", "osm_type": "way", "building": "yes", "name": null, "amenity": null, "brand": null, "wheelchair": null }, "geometry": { "type": "MultiPolygon", "coordinates": [ [ [ [ 110.3823599, -7.23344 ], [ 110.3823244, -7.2335115 ], [ 110.38244, -7.2335681 ], [ 110.3824756, -7.2334966 ], [ 110.3823599, -7.23344 ] ] ] ] } },
{ "type": "Feature", "properties": { "full_id": "w640177157", "osm_id": "640177157", "osm_type": "way", "building": "yes", "name": null, "amenity": null, "brand": null, "wheelchair": null }, "geometry": { "type": "MultiPolygon", "coordinates": [ [ [ [ 110.3822881, -7.2333074 ], [ 110.3823768, -7.2333658 ], [ 110.3823289, -7.2334375 ], [ 110.3822402, -7.2333791 ], [ 110.3822881, -7.2333074 ] ] ] ] } },
{ "type": "Feature", "properties": { "full_id": "w640177158", "osm_id": "640177158", "osm_type": "way", "building": "yes", "name": null, "amenity": null, "brand": null, "wheelchair": null }, "geometry": { "type": "MultiPolygon", "coordinates": [ [ [ [ 110.382144, -7.2333959 ], [ 110.3820886, -7.2334883 ], [ 110.3822074, -7.2335584 ], [ 110.3822628, -7.233466 ], [ 110.382144, -7.2333959 ] ] ] ] } },
{ "type": "Feature", "properties": { "full_id": "w640177159", "osm_id": "640177159", "osm_type": "way", "building": "yes", "name": null, "amenity": null, "brand": null, "wheelchair": null }, "geometry": { "type": "MultiPolygon", "coordinates": [ [ [ [ 110.3822242, -7.2332664 ], [ 110.3821629, -7.2333617 ], [ 110.3822264, -7.2334019 ], [ 110.3822402, -7.2333791 ], [ 110.3822881, -7.2333074 ], [ 110.3822242, -7.2332664 ] ] ] ] } },
{ "type": "Feature", "properties": { "full_id": "w640177160", "osm_id": "640177160", "osm_type": "way", "building": "yes", "name": null, "amenity": null, "brand": null, "wheelchair": null }, "geometry": { "type": "MultiPolygon", "coordinates": [ [ [ [ 110.3820816, -7.2333055 ], [ 110.3820061, -7.233409 ], [ 110.3820679, -7.2334535 ], [ 110.3821435, -7.2333499 ], [ 110.3820816, -7.2333055 ] ] ] ] } },
{ "type": "Feature", "properties": { "full_id": "w640177161", "osm_id": "640177161", "osm_type": "way", "building": "yes", "name": null, "amenity": null, "brand": null, "wheelchair": null }, "geometry": { "type": "MultiPolygon", "coordinates": [ [ [ [ 110.3821182, -7.2332541 ], [ 110.3820816, -7.2333055 ], [ 110.3821435, -7.2333499 ], [ 110.3821816, -7.2332987 ], [ 110.3821182, -7.2332541 ] ] ] ] } },
{ "type": "Feature", "properties": { "full_id": "w640177162", "osm_id": "640177162", "osm_type": "way", "building": "yes", "name": null, "amenity": null, "brand": null, "wheelchair": null }, "geometry": { "type": "MultiPolygon", "coordinates": [ [ [ [ 110.382319, -7.2331929 ], [ 110.382282, -7.2332704 ], [ 110.3823666, -7.2333101 ], [ 110.3824036, -7.2332326 ], [ 110.382319, -7.2331929 ] ] ] ] } },
{ "type": "Feature", "properties": { "full_id": "w640177163", "osm_id": "640177163", "osm_type": "way", "building": "yes", "name": null, "amenity": null, "brand": null, "wheelchair": null }, "geometry": { "type": "MultiPolygon", "coordinates": [ [ [ [ 110.3823481, -7.2331351 ], [ 110.382319, -7.2331929 ], [ 110.3824036, -7.2332326 ], [ 110.3824142, -7.2332364 ], [ 110.3824462, -7.2331661 ], [ 110.3823529, -7.2331244 ], [ 110.3823481, -7.2331351 ] ] ] ] } },
{ "type": "Feature", "properties": { "full_id": "w640177164", "osm_id": "640177164", "osm_type": "way", "building": "yes", "name": null, "amenity": null, "brand": null, "wheelchair": null }, "geometry": { "type": "MultiPolygon", "coordinates": [ [ [ [ 110.3823529, -7.2331244 ], [ 110.3824462, -7.2331661 ], [ 110.3824761, -7.2331807 ], [ 110.3825029, -7.2331237 ], [ 110.3824558, -7.2331019 ], [ 110.3824714, -7.2330688 ], [ 110.3823935, -7.2330327 ], [ 110.3823529, -7.2331244 ] ] ] ] } },
{ "type": "Feature", "properties": { "full_id": "w640177165", "osm_id": "640177165", "osm_type": "way", "building": "yes", "name": null, "amenity": null, "brand": null, "wheelchair": null }, "geometry": { "type": "MultiPolygon", "coordinates": [ [ [ [ 110.3822871, -7.2329962 ], [ 110.3822482, -7.2330974 ], [ 110.3823481, -7.2331351 ], [ 110.3823529, -7.2331244 ], [ 110.3823935, -7.2330327 ], [ 110.3822871, -7.2329962 ] ] ] ] } },
{ "type": "Feature", "properties": { "full_id": "w640177166", "osm_id": "640177166", "osm_type": "way", "building": "yes", "name": null, "amenity": null, "brand": null, "wheelchair": null }, "geometry": { "type": "MultiPolygon", "coordinates": [ [ [ [ 110.382038, -7.2331103 ], [ 110.3819919, -7.2331906 ], [ 110.3820888, -7.2332453 ], [ 110.3821348, -7.2331651 ], [ 110.382038, -7.2331103 ] ] ] ] } },
{ "type": "Feature", "properties": { "full_id": "w640177167", "osm_id": "640177167", "osm_type": "way", "building": "yes", "name": null, "amenity": null, "brand": null, "wheelchair": null }, "geometry": { "type": "MultiPolygon", "coordinates": [ [ [ [ 110.382065, -7.2329858 ], [ 110.3820343, -7.2330531 ], [ 110.38214, -7.2331006 ], [ 110.3821707, -7.2330333 ], [ 110.382065, -7.2329858 ] ] ] ] } },
{ "type": "Feature", "properties": { "full_id": "w640177168", "osm_id": "640177168", "osm_type": "way", "building": "yes", "name": null, "amenity": null, "brand": null, "wheelchair": null }, "geometry": { "type": "MultiPolygon", "coordinates": [ [ [ [ 110.3821707, -7.2330333 ], [ 110.382065, -7.2329858 ], [ 110.3820933, -7.2329254 ], [ 110.3821967, -7.2329714 ], [ 110.3821707, -7.2330333 ] ] ] ] } },
{ "type": "Feature", "properties": { "full_id": "w640177169", "osm_id": "640177169", "osm_type": "way", "building": "yes", "name": null, "amenity": null, "brand": null, "wheelchair": null }, "geometry": { "type": "MultiPolygon", "coordinates": [ [ [ [ 110.3821967, -7.2329714 ], [ 110.3821707, -7.2330333 ], [ 110.38214, -7.2331006 ], [ 110.3821287, -7.2331335 ], [ 110.382193, -7.2331596 ], [ 110.3822603, -7.2329963 ], [ 110.3821967, -7.2329714 ] ] ] ] } },
{ "type": "Feature", "properties": { "full_id": "w640177170", "osm_id": "640177170", "osm_type": "way", "building": "yes", "name": null, "amenity": null, "brand": null, "wheelchair": null }, "geometry": { "type": "MultiPolygon", "coordinates": [ [ [ [ 110.3822264, -7.232898 ], [ 110.3821967, -7.2329714 ], [ 110.3822603, -7.2329963 ], [ 110.3822947, -7.232928 ], [ 110.3822264, -7.232898 ] ] ] ] } },
{ "type": "Feature", "properties": { "full_id": "w640177171", "osm_id": "640177171", "osm_type": "way", "building": "yes", "name": null, "amenity": null, "brand": null, "wheelchair": null }, "geometry": { "type": "MultiPolygon", "coordinates": [ [ [ [ 110.3819615, -7.2333414 ], [ 110.3819342, -7.2333963 ], [ 110.3819769, -7.2334171 ], [ 110.3820397, -7.2332908 ], [ 110.3819971, -7.2332699 ], [ 110.3819615, -7.2333414 ] ] ] ] } },
{ "type": "Feature", "properties": { "full_id": "w640177172", "osm_id": "640177172", "osm_type": "way", "building": "yes", "name": null, "amenity": null, "brand": null, "wheelchair": null }, "geometry": { "type": "MultiPolygon", "coordinates": [ [ [ [ 110.3818118, -7.2332809 ], [ 110.3819615, -7.2333414 ], [ 110.3819971, -7.2332699 ], [ 110.3820042, -7.2332444 ], [ 110.3818522, -7.2331828 ], [ 110.3818118, -7.2332809 ] ] ] ] } },
{ "type": "Feature", "properties": { "full_id": "w640177173", "osm_id": "640177173", "osm_type": "way", "building": "yes", "name": null, "amenity": null, "brand": null, "wheelchair": null }, "geometry": { "type": "MultiPolygon", "coordinates": [ [ [ [ 110.3817927, -7.233105 ], [ 110.3817438, -7.2332585 ], [ 110.3818118, -7.2332809 ], [ 110.3818522, -7.2331828 ], [ 110.3818653, -7.2331277 ], [ 110.3817927, -7.233105 ] ] ] ] } },
{ "type": "Feature", "properties": { "full_id": "w640177174", "osm_id": "640177174", "osm_type": "way", "building": "yes", "name": null, "amenity": null, "brand": null, "wheelchair": null }, "geometry": { "type": "MultiPolygon", "coordinates": [ [ [ [ 110.3816994, -7.2330678 ], [ 110.3817043, -7.2330482 ], [ 110.3817755, -7.2330655 ], [ 110.3817368, -7.2332227 ], [ 110.3816656, -7.2332054 ], [ 110.3816994, -7.2330678 ] ] ] ] } },
{ "type": "Feature", "properties": { "full_id": "w640177175", "osm_id": "640177175", "osm_type": "way", "building": "yes", "name": null, "amenity": null, "brand": null, "wheelchair": null }, "geometry": { "type": "MultiPolygon", "coordinates": [ [ [ [ 110.3816284, -7.2330528 ], [ 110.3816994, -7.2330678 ], [ 110.3816656, -7.2332054 ], [ 110.3815985, -7.2331928 ], [ 110.3816284, -7.2330528 ] ] ] ] } },
{ "type": "Feature", "properties": { "full_id": "w640177176", "osm_id": "640177176", "osm_type": "way", "building": "yes", "name": null, "amenity": null, "brand": null, "wheelchair": null }, "geometry": { "type": "MultiPolygon", "coordinates": [ [ [ [ 110.3815328, -7.2330116 ], [ 110.3814963, -7.2331826 ], [ 110.3815962, -7.2332036 ], [ 110.3815985, -7.2331928 ], [ 110.3816284, -7.2330528 ], [ 110.3816327, -7.2330326 ], [ 110.3815328, -7.2330116 ] ] ] ] } },
{ "type": "Feature", "properties": { "full_id": "w640177177", "osm_id": "640177177", "osm_type": "way", "building": "yes", "name": null, "amenity": null, "brand": null, "wheelchair": null }, "geometry": { "type": "MultiPolygon", "coordinates": [ [ [ [ 110.3816721, -7.2329611 ], [ 110.3816589, -7.2330154 ], [ 110.3817575, -7.233039 ], [ 110.3817708, -7.2329847 ], [ 110.3816721, -7.2329611 ] ] ] ] } },
{ "type": "Feature", "properties": { "full_id": "w640177178", "osm_id": "640177178", "osm_type": "way", "building": "yes", "name": null, "amenity": null, "brand": null, "wheelchair": null }, "geometry": { "type": "MultiPolygon", "coordinates": [ [ [ [ 110.3816693, -7.2328992 ], [ 110.3816551, -7.2329568 ], [ 110.3816721, -7.2329611 ], [ 110.3817708, -7.2329847 ], [ 110.3817881, -7.2329145 ], [ 110.3816724, -7.2328865 ], [ 110.3816693, -7.2328992 ] ] ] ] } },
{ "type": "Feature", "properties": { "full_id": "w640177179", "osm_id": "640177179", "osm_type": "way", "building": "yes", "name": null, "amenity": null, "brand": null, "wheelchair": null }, "geometry": { "type": "MultiPolygon", "coordinates": [ [ [ [ 110.3816912, -7.2328259 ], [ 110.3818008, -7.2328527 ], [ 110.3817881, -7.2329145 ], [ 110.3816724, -7.2328865 ], [ 110.3816912, -7.2328259 ] ] ] ] } },
{ "type": "Feature", "properties": { "full_id": "w640177180", "osm_id": "640177180", "osm_type": "way", "building": "yes", "name": null, "amenity": null, "brand": null, "wheelchair": null }, "geometry": { "type": "MultiPolygon", "coordinates": [ [ [ [ 110.3815434, -7.2328898 ], [ 110.3815252, -7.2329849 ], [ 110.3816064, -7.2330002 ], [ 110.3816245, -7.2329051 ], [ 110.3815434, -7.2328898 ] ] ] ] } },
{ "type": "Feature", "properties": { "full_id": "w640177181", "osm_id": "640177181", "osm_type": "way", "building": "yes", "name": null, "amenity": null, "brand": null, "wheelchair": null }, "geometry": { "type": "MultiPolygon", "coordinates": [ [ [ [ 110.3829152, -7.2328304 ], [ 110.3828876, -7.2329133 ], [ 110.3829523, -7.2329345 ], [ 110.3829799, -7.2328516 ], [ 110.3829152, -7.2328304 ] ] ] ] } },
{ "type": "Feature", "properties": { "full_id": "w640177182", "osm_id": "640177182", "osm_type": "way", "building": "yes", "name": null, "amenity": null, "brand": null, "wheelchair": null }, "geometry": { "type": "MultiPolygon", "coordinates": [ [ [ [ 110.3827847, -7.2327801 ], [ 110.3827399, -7.2328849 ], [ 110.3828508, -7.2329316 ], [ 110.3828956, -7.2328268 ], [ 110.3827847, -7.2327801 ] ] ] ] } },
{ "type": "Feature", "properties": { "full_id": "w640177183", "osm_id": "640177183", "osm_type": "way", "building": "yes", "name": null, "amenity": null, "brand": null, "wheelchair": null }, "geometry": { "type": "MultiPolygon", "coordinates": [ [ [ [ 110.3825663, -7.2328698 ], [ 110.3826732, -7.2329152 ], [ 110.3827377, -7.2327654 ], [ 110.3826522, -7.2327291 ], [ 110.3826308, -7.2327201 ], [ 110.3825663, -7.2328698 ] ] ] ] } },
{ "type": "Feature", "properties": { "full_id": "w640177184", "osm_id": "640177184", "osm_type": "way", "building": "yes", "name": null, "amenity": null, "brand": null, "wheelchair": null }, "geometry": { "type": "MultiPolygon", "coordinates": [ [ [ [ 110.3825495, -7.2326509 ], [ 110.3826497, -7.2327036 ], [ 110.3826822, -7.2326428 ], [ 110.382582, -7.2325901 ], [ 110.3825495, -7.2326509 ] ] ] ] } },
{ "type": "Feature", "properties": { "full_id": "w640177185", "osm_id": "640177185", "osm_type": "way", "building": "yes", "name": null, "amenity": null, "brand": null, "wheelchair": null }, "geometry": { "type": "MultiPolygon", "coordinates": [ [ [ [ 110.3825718, -7.2327037 ], [ 110.3825061, -7.2328377 ], [ 110.3825663, -7.2328698 ], [ 110.3826308, -7.2327201 ], [ 110.3825718, -7.2327037 ] ] ] ] } },
{ "type": "Feature", "properties": { "full_id": "w640177186", "osm_id": "640177186", "osm_type": "way", "building": "yes", "name": null, "amenity": null, "brand": null, "wheelchair": null }, "geometry": { "type": "MultiPolygon", "coordinates": [ [ [ [ 110.3824258, -7.2326601 ], [ 110.3824495, -7.2326064 ], [ 110.3825495, -7.2326509 ], [ 110.3825275, -7.2327044 ], [ 110.3824258, -7.2326601 ] ] ] ] } },
{ "type": "Feature", "properties": { "full_id": "w640177187", "osm_id": "640177187", "osm_type": "way", "building": "yes", "name": null, "amenity": null, "brand": null, "wheelchair": null }, "geometry": { "type": "MultiPolygon", "coordinates": [ [ [ [ 110.3824258, -7.2326601 ], [ 110.3823726, -7.2327854 ], [ 110.3824771, -7.232828 ], [ 110.3825275, -7.2327044 ], [ 110.3824258, -7.2326601 ] ] ] ] } },
{ "type": "Feature", "properties": { "full_id": "w640177188", "osm_id": "640177188", "osm_type": "way", "building": "yes", "name": null, "amenity": null, "brand": null, "wheelchair": null }, "geometry": { "type": "MultiPolygon", "coordinates": [ [ [ [ 110.3824035, -7.2324377 ], [ 110.3823554, -7.2325474 ], [ 110.3824468, -7.2325868 ], [ 110.3824949, -7.2324772 ], [ 110.3824035, -7.2324377 ] ] ] ] } },
{ "type": "Feature", "properties": { "full_id": "w640177189", "osm_id": "640177189", "osm_type": "way", "building": "yes", "name": null, "amenity": null, "brand": null, "wheelchair": null }, "geometry": { "type": "MultiPolygon", "coordinates": [ [ [ [ 110.3823433, -7.2325759 ], [ 110.3823158, -7.2326369 ], [ 110.3823924, -7.2326709 ], [ 110.3824199, -7.2326098 ], [ 110.3823433, -7.2325759 ] ] ] ] } },
{ "type": "Feature", "properties": { "full_id": "w640177190", "osm_id": "640177190", "osm_type": "way", "building": "yes", "name": null, "amenity": null, "brand": null, "wheelchair": null }, "geometry": { "type": "MultiPolygon", "coordinates": [ [ [ [ 110.3822853, -7.2326526 ], [ 110.3822552, -7.2327299 ], [ 110.3823431, -7.2327635 ], [ 110.3823732, -7.2326862 ], [ 110.3822853, -7.2326526 ] ] ] ] } },
{ "type": "Feature", "properties": { "full_id": "w640177191", "osm_id": "640177191", "osm_type": "way", "building": "yes", "name": null, "amenity": null, "brand": null, "wheelchair": null }, "geometry": { "type": "MultiPolygon", "coordinates": [ [ [ [ 110.382052, -7.2327831 ], [ 110.3820154, -7.2328745 ], [ 110.3820835, -7.2329013 ], [ 110.3821201, -7.23281 ], [ 110.382052, -7.2327831 ] ] ] ] } },
{ "type": "Feature", "properties": { "full_id": "w640177192", "osm_id": "640177192", "osm_type": "way", "building": "yes", "name": null, "amenity": null, "brand": null, "wheelchair": null }, "geometry": { "type": "MultiPolygon", "coordinates": [ [ [ [ 110.3821723, -7.2327182 ], [ 110.3821344, -7.2328009 ], [ 110.3822207, -7.2328398 ], [ 110.3822586, -7.2327572 ], [ 110.3821723, -7.2327182 ] ] ] ] } },
{ "type": "Feature", "properties": { "full_id": "w640177193", "osm_id": "640177193", "osm_type": "way", "building": "yes", "name": null, "amenity": null, "brand": null, "wheelchair": null }, "geometry": { "type": "MultiPolygon", "coordinates": [ [ [ [ 110.3822012, -7.232645 ], [ 110.3822593, -7.2326685 ], [ 110.382269, -7.2326448 ], [ 110.3822853, -7.2326526 ], [ 110.38233, -7.2325488 ], [ 110.3822536, -7.2325178 ], [ 110.3822314, -7.2325717 ], [ 110.3822012, -7.232645 ] ] ] ] } },
{ "type": "Feature", "properties": { "full_id": "w640177194", "osm_id": "640177194", "osm_type": "way", "building": "yes", "name": null, "amenity": null, "brand": null, "wheelchair": null }, "geometry": { "type": "MultiPolygon", "coordinates": [ [ [ [ 110.3821443, -7.2325795 ], [ 110.3821292, -7.2326146 ], [ 110.3822012, -7.232645 ], [ 110.3822314, -7.2325717 ], [ 110.3821605, -7.2325417 ], [ 110.3821443, -7.2325795 ] ] ] ] } },
{ "type": "Feature", "properties": { "full_id": "w640177195", "osm_id": "640177195", "osm_type": "way", "building": "yes", "name": null, "amenity": null, "brand": null, "wheelchair": null }, "geometry": { "type": "MultiPolygon", "coordinates": [ [ [ [ 110.3822018, -7.2324676 ], [ 110.3822297, -7.2324064 ], [ 110.3823489, -7.2324598 ], [ 110.382321, -7.232521 ], [ 110.3822018, -7.2324676 ] ] ] ] } },
{ "type": "Feature", "properties": { "full_id": "w640177196", "osm_id": "640177196", "osm_type": "way", "building": "yes", "name": null, "amenity": null, "brand": null, "wheelchair": null }, "geometry": { "type": "MultiPolygon", "coordinates": [ [ [ [ 110.3821275, -7.2324434 ], [ 110.3820757, -7.2325451 ], [ 110.3821443, -7.2325795 ], [ 110.3821605, -7.2325417 ], [ 110.3822018, -7.2324676 ], [ 110.3821519, -7.2324401 ], [ 110.3821456, -7.2324525 ], [ 110.3821275, -7.2324434 ] ] ] ] } },
{ "type": "Feature", "properties": { "full_id": "w640177197", "osm_id": "640177197", "osm_type": "way", "building": "yes", "name": null, "amenity": null, "brand": null, "wheelchair": null }, "geometry": { "type": "MultiPolygon", "coordinates": [ [ [ [ 110.3821063, -7.2323533 ], [ 110.3820747, -7.2324185 ], [ 110.3821275, -7.2324434 ], [ 110.3821456, -7.2324525 ], [ 110.3821519, -7.2324401 ], [ 110.3821774, -7.2323872 ], [ 110.3821063, -7.2323533 ] ] ] ] } },
{ "type": "Feature", "properties": { "full_id": "w640177198", "osm_id": "640177198", "osm_type": "way", "building": "yes", "name": null, "amenity": null, "brand": null, "wheelchair": null }, "geometry": { "type": "MultiPolygon", "coordinates": [ [ [ [ 110.3819527, -7.232365 ], [ 110.3820621, -7.2323844 ], [ 110.3820408, -7.2325031 ], [ 110.3819313, -7.2324837 ], [ 110.3819383, -7.232445 ], [ 110.3819527, -7.232365 ] ] ] ] } },
{ "type": "Feature", "properties": { "full_id": "w640177199", "osm_id": "640177199", "osm_type": "way", "building": "yes", "name": null, "amenity": null, "brand": null, "wheelchair": null }, "geometry": { "type": "MultiPolygon", "coordinates": [ [ [ [ 110.3818253, -7.2323354 ], [ 110.3818069, -7.2324154 ], [ 110.3819383, -7.232445 ], [ 110.3819527, -7.232365 ], [ 110.3818253, -7.2323354 ] ] ] ] } },
{ "type": "Feature", "properties": { "full_id": "w640177200", "osm_id": "640177200", "osm_type": "way", "building": "yes", "name": null, "amenity": null, "brand": null, "wheelchair": null }, "geometry": { "type": "MultiPolygon", "coordinates": [ [ [ [ 110.3817379, -7.2343248 ], [ 110.3817128, -7.2343645 ], [ 110.3817713, -7.234401 ], [ 110.3818036, -7.2343499 ], [ 110.381769, -7.2343283 ], [ 110.3817618, -7.2343397 ], [ 110.3817379, -7.2343248 ] ] ] ] } },
{ "type": "Feature", "properties": { "full_id": "w640177201", "osm_id": "640177201", "osm_type": "way", "building": "yes", "name": null, "amenity": null, "brand": null, "wheelchair": null }, "geometry": { "type": "MultiPolygon", "coordinates": [ [ [ [ 110.381841, -7.2342899 ], [ 110.3818158, -7.2343305 ], [ 110.3818687, -7.2343628 ], [ 110.3818939, -7.2343221 ], [ 110.381841, -7.2342899 ] ] ] ] } },
{ "type": "Feature", "properties": { "full_id": "w640177202", "osm_id": "640177202", "osm_type": "way", "building": "yes", "name": null, "amenity": null, "brand": null, "wheelchair": null }, "geometry": { "type": "MultiPolygon", "coordinates": [ [ [ [ 110.3817297, -7.2340948 ], [ 110.3816561, -7.2341959 ], [ 110.3817184, -7.2342406 ], [ 110.3817921, -7.2341394 ], [ 110.3817297, -7.2340948 ] ] ] ] } },
{ "type": "Feature", "properties": { "full_id": "w640177203", "osm_id": "640177203", "osm_type": "way", "building": "yes", "name": null, "amenity": null, "brand": null, "wheelchair": null }, "geometry": { "type": "MultiPolygon", "coordinates": [ [ [ [ 110.3817397, -7.2337713 ], [ 110.3817526, -7.2337466 ], [ 110.3818535, -7.2337983 ], [ 110.3818097, -7.2338826 ], [ 110.3817087, -7.233831 ], [ 110.3817397, -7.2337713 ] ] ] ] } },
{ "type": "Feature", "properties": { "full_id": "w640177204", "osm_id": "640177204", "osm_type": "way", "building": "yes", "name": null, "amenity": null, "brand": null, "wheelchair": null }, "geometry": { "type": "MultiPolygon", "coordinates": [ [ [ [ 110.3817087, -7.233831 ], [ 110.3818097, -7.2338826 ], [ 110.3817692, -7.2339678 ], [ 110.3816661, -7.2339163 ], [ 110.3817087, -7.233831 ] ] ] ] } },
{ "type": "Feature", "properties": { "full_id": "w640177205", "osm_id": "640177205", "osm_type": "way", "building": "yes", "name": null, "amenity": null, "brand": null, "wheelchair": null }, "geometry": { "type": "MultiPolygon", "coordinates": [ [ [ [ 110.3816447, -7.2337256 ], [ 110.3815639, -7.233891 ], [ 110.3816573, -7.2339359 ], [ 110.3816661, -7.2339163 ], [ 110.3817087, -7.233831 ], [ 110.3817397, -7.2337713 ], [ 110.3816447, -7.2337256 ] ] ] ] } },
{ "type": "Feature", "properties": { "full_id": "w640177206", "osm_id": "640177206", "osm_type": "way", "building": "yes", "name": null, "amenity": null, "brand": null, "wheelchair": null }, "geometry": { "type": "MultiPolygon", "coordinates": [ [ [ [ 110.3814868, -7.233713 ], [ 110.3814626, -7.233771 ], [ 110.3813745, -7.2337348 ], [ 110.3813986, -7.2336768 ], [ 110.3814868, -7.233713 ] ] ] ] } },
{ "type": "Feature", "properties": { "full_id": "w640177207", "osm_id": "640177207", "osm_type": "way", "building": "yes", "name": null, "amenity": null, "brand": null, "wheelchair": null }, "geometry": { "type": "MultiPolygon", "coordinates": [ [ [ [ 110.3814253, -7.2336037 ], [ 110.3814407, -7.2335614 ], [ 110.3815315, -7.233594 ], [ 110.3814868, -7.233713 ], [ 110.3813986, -7.2336768 ], [ 110.3814253, -7.2336037 ] ] ] ] } },
{ "type": "Feature", "properties": { "full_id": "w640177208", "osm_id": "640177208", "osm_type": "way", "building": "yes", "name": null, "amenity": null, "brand": null, "wheelchair": null }, "geometry": { "type": "MultiPolygon", "coordinates": [ [ [ [ 110.3813304, -7.2335684 ], [ 110.3812811, -7.2336989 ], [ 110.3813745, -7.2337348 ], [ 110.3813986, -7.2336768 ], [ 110.3814253, -7.2336037 ], [ 110.3813304, -7.2335684 ] ] ] ] } },
{ "type": "Feature", "properties": { "full_id": "w640177209", "osm_id": "640177209", "osm_type": "way", "building": "yes", "name": null, "amenity": null, "brand": null, "wheelchair": null }, "geometry": { "type": "MultiPolygon", "coordinates": [ [ [ [ 110.3816058, -7.2334472 ], [ 110.3815638, -7.2335534 ], [ 110.3816332, -7.2335803 ], [ 110.3816751, -7.2334742 ], [ 110.3816058, -7.2334472 ] ] ] ] } },
{ "type": "Feature", "properties": { "full_id": "w640177210", "osm_id": "640177210", "osm_type": "way", "building": "yes", "name": null, "amenity": null, "brand": null, "wheelchair": null }, "geometry": { "type": "MultiPolygon", "coordinates": [ [ [ [ 110.3814854, -7.2335258 ], [ 110.3815517, -7.2335481 ], [ 110.3815823, -7.2334584 ], [ 110.381516, -7.2334361 ], [ 110.3814854, -7.2335258 ] ] ] ] } },
{ "type": "Feature", "properties": { "full_id": "w640177211", "osm_id": "640177211", "osm_type": "way", "building": "yes", "name": null, "amenity": null, "brand": null, "wheelchair": null }, "geometry": { "type": "MultiPolygon", "coordinates": [ [ [ [ 110.3814361, -7.2334107 ], [ 110.3814092, -7.2335031 ], [ 110.3814854, -7.2335258 ], [ 110.381516, -7.2334361 ], [ 110.3814361, -7.2334107 ] ] ] ] } },
{ "type": "Feature", "properties": { "full_id": "w640177212", "osm_id": "640177212", "osm_type": "way", "building": "yes", "name": null, "amenity": null, "brand": null, "wheelchair": null }, "geometry": { "type": "MultiPolygon", "coordinates": [ [ [ [ 110.3816409, -7.2333469 ], [ 110.381618, -7.2334252 ], [ 110.3816846, -7.2334444 ], [ 110.3817075, -7.2333661 ], [ 110.3816409, -7.2333469 ] ] ] ] } },
{ "type": "Feature", "properties": { "full_id": "w640177213", "osm_id": "640177213", "osm_type": "way", "building": "yes", "name": null, "amenity": null, "brand": null, "wheelchair": null }, "geometry": { "type": "MultiPolygon", "coordinates": [ [ [ [ 110.3815463, -7.2332972 ], [ 110.3816355, -7.2333208 ], [ 110.3816044, -7.233436 ], [ 110.3815152, -7.2334124 ], [ 110.3815463, -7.2332972 ] ] ] ] } },
{ "type": "Feature", "properties": { "full_id": "w640177214", "osm_id": "640177214", "osm_type": "way", "building": "yes", "name": null, "amenity": null, "brand": null, "wheelchair": null }, "geometry": { "type": "MultiPolygon", "coordinates": [ [ [ [ 110.3814639, -7.2332758 ], [ 110.3814325, -7.233391 ], [ 110.3815152, -7.2334124 ], [ 110.3815463, -7.2332972 ], [ 110.3814639, -7.2332758 ] ] ] ] } },
{ "type": "Feature", "properties": { "full_id": "w640177215", "osm_id": "640177215", "osm_type": "way", "building": "yes", "name": null, "amenity": null, "brand": null, "wheelchair": null }, "geometry": { "type": "MultiPolygon", "coordinates": [ [ [ [ 110.3811664, -7.233543 ], [ 110.381129, -7.2336486 ], [ 110.3812478, -7.23369 ], [ 110.3812852, -7.2335844 ], [ 110.3811664, -7.233543 ] ] ] ] } },
{ "type": "Feature", "properties": { "full_id": "w640177216", "osm_id": "640177216", "osm_type": "way", "building": "yes", "name": null, "amenity": null, "brand": null, "wheelchair": null }, "geometry": { "type": "MultiPolygon", "coordinates": [ [ [ [ 110.3813278, -7.2332531 ], [ 110.3812971, -7.2334123 ], [ 110.3813754, -7.2334271 ], [ 110.3814061, -7.233268 ], [ 110.3813278, -7.2332531 ] ] ] ] } },
{ "type": "Feature", "properties": { "full_id": "w640177217", "osm_id": "640177217", "osm_type": "way", "building": "yes", "name": null, "amenity": null, "brand": null, "wheelchair": null }, "geometry": { "type": "MultiPolygon", "coordinates": [ [ [ [ 110.3812472, -7.2332397 ], [ 110.3812135, -7.2333603 ], [ 110.3812756, -7.2333774 ], [ 110.3813093, -7.2332568 ], [ 110.3812472, -7.2332397 ] ] ] ] } },
{ "type": "Feature", "properties": { "full_id": "w640177218", "osm_id": "640177218", "osm_type": "way", "building": "yes", "name": null, "amenity": null, "brand": null, "wheelchair": null }, "geometry": { "type": "MultiPolygon", "coordinates": [ [ [ [ 110.3811213, -7.2331876 ], [ 110.3810999, -7.2332773 ], [ 110.3811939, -7.2332993 ], [ 110.3812153, -7.2332097 ], [ 110.3811213, -7.2331876 ] ] ] ] } },
{ "type": "Feature", "properties": { "full_id": "w640177219", "osm_id": "640177219", "osm_type": "way", "building": "yes", "name": null, "amenity": null, "brand": null, "wheelchair": null }, "geometry": { "type": "MultiPolygon", "coordinates": [ [ [ [ 110.3810815, -7.2332749 ], [ 110.3810515, -7.2334197 ], [ 110.3811637, -7.2334426 ], [ 110.3811939, -7.2332993 ], [ 110.3810999, -7.2332773 ], [ 110.3810815, -7.2332749 ] ] ] ] } },
{ "type": "Feature", "properties": { "full_id": "w640177220", "osm_id": "640177220", "osm_type": "way", "building": "yes", "name": null, "amenity": null, "brand": null, "wheelchair": null }, "geometry": { "type": "MultiPolygon", "coordinates": [ [ [ [ 110.3809318, -7.2333166 ], [ 110.3809123, -7.2333823 ], [ 110.3809849, -7.2334035 ], [ 110.3810044, -7.2333379 ], [ 110.3809318, -7.2333166 ] ] ] ] } },
{ "type": "Feature", "properties": { "full_id": "w640177221", "osm_id": "640177221", "osm_type": "way", "building": "yes", "name": null, "amenity": null, "brand": null, "wheelchair": null }, "geometry": { "type": "MultiPolygon", "coordinates": [ [ [ [ 110.3809068, -7.233197 ], [ 110.3809159, -7.233165 ], [ 110.3810411, -7.2332003 ], [ 110.3810068, -7.2333202 ], [ 110.3808816, -7.2332849 ], [ 110.3809068, -7.233197 ] ] ] ] } },
{ "type": "Feature", "properties": { "full_id": "w640177222", "osm_id": "640177222", "osm_type": "way", "building": "yes", "name": null, "amenity": null, "brand": null, "wheelchair": null }, "geometry": { "type": "MultiPolygon", "coordinates": [ [ [ [ 110.380831, -7.2331784 ], [ 110.3809068, -7.233197 ], [ 110.3808816, -7.2332849 ], [ 110.3808755, -7.2333174 ], [ 110.380801, -7.2332992 ], [ 110.3808044, -7.2332857 ], [ 110.380831, -7.2331784 ] ] ] ] } },
{ "type": "Feature", "properties": { "full_id": "w640177223", "osm_id": "640177223", "osm_type": "way", "building": "yes", "name": null, "amenity": null, "brand": null, "wheelchair": null }, "geometry": { "type": "MultiPolygon", "coordinates": [ [ [ [ 110.380723, -7.2332638 ], [ 110.3807018, -7.2333408 ], [ 110.3807831, -7.2333628 ], [ 110.380801, -7.2332992 ], [ 110.3808044, -7.2332857 ], [ 110.380723, -7.2332638 ] ] ] ] } },
{ "type": "Feature", "properties": { "full_id": "w640177224", "osm_id": "640177224", "osm_type": "way", "building": "yes", "name": null, "amenity": null, "brand": null, "wheelchair": null }, "geometry": { "type": "MultiPolygon", "coordinates": [ [ [ [ 110.3807544, -7.2331589 ], [ 110.380723, -7.2332638 ], [ 110.3808044, -7.2332857 ], [ 110.380831, -7.2331784 ], [ 110.3807544, -7.2331589 ] ] ] ] } },
{ "type": "Feature", "properties": { "full_id": "w640177225", "osm_id": "640177225", "osm_type": "way", "building": "yes", "name": null, "amenity": null, "brand": null, "wheelchair": null }, "geometry": { "type": "MultiPolygon", "coordinates": [ [ [ [ 110.3806211, -7.2331157 ], [ 110.3805713, -7.2332194 ], [ 110.3806304, -7.2332473 ], [ 110.3806801, -7.2331435 ], [ 110.3806211, -7.2331157 ] ] ] ] } },
{ "type": "Feature", "properties": { "full_id": "w640177226", "osm_id": "640177226", "osm_type": "way", "building": "yes", "name": null, "amenity": null, "brand": null, "wheelchair": null }, "geometry": { "type": "MultiPolygon", "coordinates": [ [ [ [ 110.3804934, -7.2330973 ], [ 110.3804441, -7.2331982 ], [ 110.3805375, -7.2332431 ], [ 110.3805868, -7.2331422 ], [ 110.3804934, -7.2330973 ] ] ] ] } },
{ "type": "Feature", "properties": { "full_id": "w640177227", "osm_id": "640177227", "osm_type": "way", "building": "yes", "name": null, "amenity": null, "brand": null, "wheelchair": null }, "geometry": { "type": "MultiPolygon", "coordinates": [ [ [ [ 110.3808091, -7.2338399 ], [ 110.3807697, -7.2339491 ], [ 110.3808789, -7.2339878 ], [ 110.3809183, -7.2338787 ], [ 110.3808091, -7.2338399 ] ] ] ] } },
{ "type": "Feature", "properties": { "full_id": "w640177228", "osm_id": "640177228", "osm_type": "way", "building": "yes", "name": null, "amenity": null, "brand": null, "wheelchair": null }, "geometry": { "type": "MultiPolygon", "coordinates": [ [ [ [ 110.3807494, -7.2340776 ], [ 110.3808386, -7.2341176 ], [ 110.3808766, -7.2340342 ], [ 110.3807874, -7.2339941 ], [ 110.3807494, -7.2340776 ] ] ] ] } },
{ "type": "Feature", "properties": { "full_id": "w640177229", "osm_id": "640177229", "osm_type": "way", "building": "yes", "name": null, "amenity": null, "brand": null, "wheelchair": null }, "geometry": { "type": "MultiPolygon", "coordinates": [ [ [ [ 110.3806606, -7.234044 ], [ 110.3806117, -7.2341444 ], [ 110.3806967, -7.2341852 ], [ 110.3807456, -7.2340847 ], [ 110.3806606, -7.234044 ] ] ] ] } },
{ "type": "Feature", "properties": { "full_id": "w640177230", "osm_id": "640177230", "osm_type": "way", "building": "yes", "name": null, "amenity": null, "brand": null, "wheelchair": null }, "geometry": { "type": "MultiPolygon", "coordinates": [ [ [ [ 110.3806995, -7.2339573 ], [ 110.3806606, -7.234044 ], [ 110.3807456, -7.2340847 ], [ 110.3807494, -7.2340776 ], [ 110.3807874, -7.2339941 ], [ 110.3806995, -7.2339573 ] ] ] ] } },
{ "type": "Feature", "properties": { "full_id": "w640177231", "osm_id": "640177231", "osm_type": "way", "building": "yes", "name": null, "amenity": null, "brand": null, "wheelchair": null }, "geometry": { "type": "MultiPolygon", "coordinates": [ [ [ [ 110.3810395, -7.2339542 ], [ 110.3811104, -7.2339801 ], [ 110.3811534, -7.233864 ], [ 110.3810825, -7.2338382 ], [ 110.3810395, -7.2339542 ] ] ] ] } },
{ "type": "Feature", "properties": { "full_id": "w640177232", "osm_id": "640177232", "osm_type": "way", "building": "yes", "name": null, "amenity": null, "brand": null, "wheelchair": null }, "geometry": { "type": "MultiPolygon", "coordinates": [ [ [ [ 110.3810017, -7.2338115 ], [ 110.3809599, -7.2339241 ], [ 110.3810395, -7.2339542 ], [ 110.3810825, -7.2338382 ], [ 110.3810017, -7.2338115 ] ] ] ] } },
{ "type": "Feature", "properties": { "full_id": "w640177233", "osm_id": "640177233", "osm_type": "way", "building": "yes", "name": null, "amenity": null, "brand": null, "wheelchair": null }, "geometry": { "type": "MultiPolygon", "coordinates": [ [ [ [ 110.3811243, -7.2337112 ], [ 110.3811971, -7.2337343 ], [ 110.3811534, -7.233864 ], [ 110.3810825, -7.2338382 ], [ 110.3811243, -7.2337112 ] ] ] ] } },
{ "type": "Feature", "properties": { "full_id": "w640177234", "osm_id": "640177234", "osm_type": "way", "building": "yes", "name": null, "amenity": null, "brand": null, "wheelchair": null }, "geometry": { "type": "MultiPolygon", "coordinates": [ [ [ [ 110.3810464, -7.2336848 ], [ 110.3810017, -7.2338115 ], [ 110.3810825, -7.2338382 ], [ 110.3811243, -7.2337112 ], [ 110.3810464, -7.2336848 ] ] ] ] } },
{ "type": "Feature", "properties": { "full_id": "w640177235", "osm_id": "640177235", "osm_type": "way", "building": "yes", "name": null, "amenity": null, "brand": null, "wheelchair": null }, "geometry": { "type": "MultiPolygon", "coordinates": [ [ [ [ 110.3808348, -7.2336785 ], [ 110.3808043, -7.2337977 ], [ 110.380882, -7.2338173 ], [ 110.3809125, -7.2336981 ], [ 110.3808348, -7.2336785 ] ] ] ] } },
{ "type": "Feature", "properties": { "full_id": "w640177236", "osm_id": "640177236", "osm_type": "way", "building": "yes", "name": null, "amenity": null, "brand": null, "wheelchair": null }, "geometry": { "type": "MultiPolygon", "coordinates": [ [ [ [ 110.3806989, -7.2336748 ], [ 110.3806656, -7.2337845 ], [ 110.3807771, -7.2338178 ], [ 110.3808006, -7.2337401 ], [ 110.3807519, -7.2337256 ], [ 110.3807616, -7.2336935 ], [ 110.3806989, -7.2336748 ] ] ] ] } },
{ "type": "Feature", "properties": { "full_id": "w640177237", "osm_id": "640177237", "osm_type": "way", "building": "yes", "name": null, "amenity": null, "brand": null, "wheelchair": null }, "geometry": { "type": "MultiPolygon", "coordinates": [ [ [ [ 110.380746, -7.2335732 ], [ 110.3807865, -7.2335896 ], [ 110.380826, -7.233493 ], [ 110.3807855, -7.2334766 ], [ 110.3807759, -7.2335001 ], [ 110.380746, -7.2335732 ] ] ] ] } },
{ "type": "Feature", "properties": { "full_id": "w640177238", "osm_id": "640177238", "osm_type": "way", "building": "yes", "name": null, "amenity": null, "brand": null, "wheelchair": null }, "geometry": { "type": "MultiPolygon", "coordinates": [ [ [ [ 110.3806874, -7.2334645 ], [ 110.3806301, -7.2336046 ], [ 110.3807169, -7.2336395 ], [ 110.380746, -7.2335732 ], [ 110.3807759, -7.2335001 ], [ 110.3806874, -7.2334645 ] ] ] ] } },
{ "type": "Feature", "properties": { "full_id": "w640177239", "osm_id": "640177239", "osm_type": "way", "building": "yes", "name": null, "amenity": null, "brand": null, "wheelchair": null }, "geometry": { "type": "MultiPolygon", "coordinates": [ [ [ [ 110.3804682, -7.2334915 ], [ 110.3805012, -7.2334196 ], [ 110.3806179, -7.2334723 ], [ 110.380585, -7.2335442 ], [ 110.3804682, -7.2334915 ] ] ] ] } },
{ "type": "Feature", "properties": { "full_id": "w640177240", "osm_id": "640177240", "osm_type": "way", "building": "yes", "name": null, "amenity": null, "brand": null, "wheelchair": null }, "geometry": { "type": "MultiPolygon", "coordinates": [ [ [ [ 110.3804265, -7.2335784 ], [ 110.3804682, -7.2334915 ], [ 110.380585, -7.2335442 ], [ 110.3805666, -7.2335857 ], [ 110.3805418, -7.2335738 ], [ 110.3805183, -7.2336223 ], [ 110.3804265, -7.2335784 ] ] ] ] } },
{ "type": "Feature", "properties": { "full_id": "w640177241", "osm_id": "640177241", "osm_type": "way", "building": "yes", "name": null, "amenity": null, "brand": null, "wheelchair": null }, "geometry": { "type": "MultiPolygon", "coordinates": [ [ [ [ 110.3804064, -7.2335669 ], [ 110.3803656, -7.2336461 ], [ 110.3804863, -7.2337074 ], [ 110.3805271, -7.2336282 ], [ 110.3805183, -7.2336223 ], [ 110.3804265, -7.2335784 ], [ 110.3804064, -7.2335669 ] ] ] ] } },
{ "type": "Feature", "properties": { "full_id": "w640177242", "osm_id": "640177242", "osm_type": "way", "building": "yes", "name": null, "amenity": null, "brand": null, "wheelchair": null }, "geometry": { "type": "MultiPolygon", "coordinates": [ [ [ [ 110.3802712, -7.2337306 ], [ 110.3802341, -7.2338027 ], [ 110.3803258, -7.233849 ], [ 110.3803628, -7.233777 ], [ 110.3802712, -7.2337306 ] ] ] ] } },
{ "type": "Feature", "properties": { "full_id": "w640177243", "osm_id": "640177243", "osm_type": "way", "building": "yes", "name": null, "amenity": null, "brand": null, "wheelchair": null }, "geometry": { "type": "MultiPolygon", "coordinates": [ [ [ [ 110.3802985, -7.2335376 ], [ 110.3803344, -7.2334738 ], [ 110.3803985, -7.2335094 ], [ 110.3803626, -7.2335731 ], [ 110.3802985, -7.2335376 ] ] ] ] } },
{ "type": "Feature", "properties": { "full_id": "w640177244", "osm_id": "640177244", "osm_type": "way", "building": "yes", "name": null, "amenity": null, "brand": null, "wheelchair": null }, "geometry": { "type": "MultiPolygon", "coordinates": [ [ [ [ 110.3802845, -7.2335292 ], [ 110.380244, -7.2335996 ], [ 110.3803199, -7.2336426 ], [ 110.3803626, -7.2335731 ], [ 110.3802985, -7.2335376 ], [ 110.3802845, -7.2335292 ] ] ] ] } },
{ "type": "Feature", "properties": { "full_id": "w640177245", "osm_id": "640177245", "osm_type": "way", "building": "yes", "name": null, "amenity": null, "brand": null, "wheelchair": null }, "geometry": { "type": "MultiPolygon", "coordinates": [ [ [ [ 110.3801962, -7.233608 ], [ 110.3801421, -7.2337152 ], [ 110.3802325, -7.2337601 ], [ 110.3802866, -7.2336528 ], [ 110.3801962, -7.233608 ] ] ] ] } },
{ "type": "Feature", "properties": { "full_id": "w640177246", "osm_id": "640177246", "osm_type": "way", "building": "yes", "name": null, "amenity": null, "brand": null, "wheelchair": null }, "geometry": { "type": "MultiPolygon", "coordinates": [ [ [ [ 110.380032, -7.2335825 ], [ 110.3799794, -7.2336855 ], [ 110.3800768, -7.2337344 ], [ 110.3801294, -7.2336314 ], [ 110.380032, -7.2335825 ] ] ] ] } },
{ "type": "Feature", "properties": { "full_id": "w640177247", "osm_id": "640177247", "osm_type": "way", "building": "yes", "name": null, "amenity": null, "brand": null, "wheelchair": null }, "geometry": { "type": "MultiPolygon", "coordinates": [ [ [ [ 110.3801558, -7.2334345 ], [ 110.3801204, -7.2335064 ], [ 110.3802112, -7.2335504 ], [ 110.3802466, -7.2334785 ], [ 110.3801558, -7.2334345 ] ] ] ] } },
{ "type": "Feature", "properties": { "full_id": "w640177248", "osm_id": "640177248", "osm_type": "way", "building": "yes", "name": null, "amenity": null, "brand": null, "wheelchair": null }, "geometry": { "type": "MultiPolygon", "coordinates": [ [ [ [ 110.3802016, -7.2333358 ], [ 110.3801558, -7.2334345 ], [ 110.3802466, -7.2334785 ], [ 110.3802921, -7.2333771 ], [ 110.3802016, -7.2333358 ] ] ] ] } },
{ "type": "Feature", "properties": { "full_id": "w640177249", "osm_id": "640177249", "osm_type": "way", "building": "yes", "name": null, "amenity": null, "brand": null, "wheelchair": null }, "geometry": { "type": "MultiPolygon", "coordinates": [ [ [ [ 110.3802899, -7.2332276 ], [ 110.3802571, -7.2333059 ], [ 110.3803404, -7.2333401 ], [ 110.380389, -7.2332239 ], [ 110.3803057, -7.2331896 ], [ 110.3802899, -7.2332276 ] ] ] ] } },
{ "type": "Feature", "properties": { "full_id": "w640177250", "osm_id": "640177250", "osm_type": "way", "building": "yes", "name": null, "amenity": null, "brand": null, "wheelchair": null }, "geometry": { "type": "MultiPolygon", "coordinates": [ [ [ [ 110.3803379, -7.2331159 ], [ 110.3803565, -7.2330677 ], [ 110.3804355, -7.2330978 ], [ 110.380389, -7.2332239 ], [ 110.3803057, -7.2331896 ], [ 110.3803379, -7.2331159 ] ] ] ] } },
{ "type": "Feature", "properties": { "full_id": "w640177251", "osm_id": "640177251", "osm_type": "way", "building": "yes", "name": null, "amenity": null, "brand": null, "wheelchair": null }, "geometry": { "type": "MultiPolygon", "coordinates": [ [ [ [ 110.3802378, -7.2331129 ], [ 110.3802512, -7.2330806 ], [ 110.3803379, -7.2331159 ], [ 110.3803057, -7.2331896 ], [ 110.3802899, -7.2332276 ], [ 110.3802047, -7.2331928 ], [ 110.3802378, -7.2331129 ] ] ] ] } },
{ "type": "Feature", "properties": { "full_id": "w640177252", "osm_id": "640177252", "osm_type": "way", "building": "yes", "name": null, "amenity": null, "brand": null, "wheelchair": null }, "geometry": { "type": "MultiPolygon", "coordinates": [ [ [ [ 110.3801577, -7.233083 ], [ 110.3802378, -7.2331129 ], [ 110.3802047, -7.2331928 ], [ 110.380201, -7.2332083 ], [ 110.3801216, -7.2331787 ], [ 110.3801332, -7.2331478 ], [ 110.3801577, -7.233083 ] ] ] ] } },
{ "type": "Feature", "properties": { "full_id": "w640177253", "osm_id": "640177253", "osm_type": "way", "building": "yes", "name": null, "amenity": null, "brand": null, "wheelchair": null }, "geometry": { "type": "MultiPolygon", "coordinates": [ [ [ [ 110.3801057, -7.2330113 ], [ 110.3800604, -7.2331173 ], [ 110.3801332, -7.2331478 ], [ 110.3801577, -7.233083 ], [ 110.3801759, -7.2330408 ], [ 110.3801057, -7.2330113 ] ] ] ] } },
{ "type": "Feature", "properties": { "full_id": "w640177254", "osm_id": "640177254", "osm_type": "way", "building": "yes", "name": null, "amenity": null, "brand": null, "wheelchair": null }, "geometry": { "type": "MultiPolygon", "coordinates": [ [ [ [ 110.380006, -7.2333469 ], [ 110.379969, -7.233429 ], [ 110.3800769, -7.2334769 ], [ 110.3801139, -7.2333949 ], [ 110.3800624, -7.233372 ], [ 110.380006, -7.2333469 ] ] ] ] } },
{ "type": "Feature", "properties": { "full_id": "w640177255", "osm_id": "640177255", "osm_type": "way", "building": "yes", "name": null, "amenity": null, "brand": null, "wheelchair": null }, "geometry": { "type": "MultiPolygon", "coordinates": [ [ [ [ 110.3800148, -7.2332047 ], [ 110.3799616, -7.2333268 ], [ 110.380006, -7.2333469 ], [ 110.3800624, -7.233372 ], [ 110.3801164, -7.2332483 ], [ 110.3800148, -7.2332047 ] ] ] ] } },
{ "type": "Feature", "properties": { "full_id": "w640177256", "osm_id": "640177256", "osm_type": "way", "building": "yes", "name": null, "amenity": null, "brand": null, "wheelchair": null }, "geometry": { "type": "MultiPolygon", "coordinates": [ [ [ [ 110.3799188, -7.2330351 ], [ 110.3798751, -7.2331504 ], [ 110.3799781, -7.2331888 ], [ 110.3800219, -7.2330735 ], [ 110.3799188, -7.2330351 ] ] ] ] } },
{ "type": "Feature", "properties": { "full_id": "w640177257", "osm_id": "640177257", "osm_type": "way", "building": "yes", "name": null, "amenity": null, "brand": null, "wheelchair": null }, "geometry": { "type": "MultiPolygon", "coordinates": [ [ [ [ 110.3798617, -7.2332076 ], [ 110.3798031, -7.2333658 ], [ 110.3798937, -7.2333988 ], [ 110.3799523, -7.2332406 ], [ 110.3798617, -7.2332076 ] ] ] ] } },
{ "type": "Feature", "properties": { "full_id": "w640177258", "osm_id": "640177258", "osm_type": "way", "building": "yes", "name": null, "amenity": null, "brand": null, "wheelchair": null }, "geometry": { "type": "MultiPolygon", "coordinates": [ [ [ [ 110.3799181, -7.2334513 ], [ 110.379878, -7.2335362 ], [ 110.3799741, -7.2335809 ], [ 110.3800142, -7.233496 ], [ 110.3799181, -7.2334513 ] ] ] ] } },
{ "type": "Feature", "properties": { "full_id": "w640177259", "osm_id": "640177259", "osm_type": "way", "building": "yes", "name": null, "amenity": null, "brand": null, "wheelchair": null }, "geometry": { "type": "MultiPolygon", "coordinates": [ [ [ [ 110.3799877, -7.232838 ], [ 110.3798798, -7.2328045 ], [ 110.379852, -7.2328925 ], [ 110.3799599, -7.2329261 ], [ 110.3799832, -7.2328524 ], [ 110.3799877, -7.232838 ] ] ] ] } },
{ "type": "Feature", "properties": { "full_id": "w640177260", "osm_id": "640177260", "osm_type": "way", "building": "yes", "name": null, "amenity": null, "brand": null, "wheelchair": null }, "geometry": { "type": "MultiPolygon", "coordinates": [ [ [ [ 110.380027, -7.2327553 ], [ 110.3799158, -7.2327064 ], [ 110.3799431, -7.2326453 ], [ 110.3800133, -7.2326762 ], [ 110.3800295, -7.2326401 ], [ 110.3800704, -7.2326581 ], [ 110.380027, -7.2327553 ] ] ] ] } },
{ "type": "Feature", "properties": { "full_id": "w640177261", "osm_id": "640177261", "osm_type": "way", "building": "yes", "name": null, "amenity": null, "brand": null, "wheelchair": null }, "geometry": { "type": "MultiPolygon", "coordinates": [ [ [ [ 110.3811112, -7.2328124 ], [ 110.3810675, -7.232953 ], [ 110.3811571, -7.2329804 ], [ 110.3812008, -7.2328398 ], [ 110.3811112, -7.2328124 ] ] ] ] } },
{ "type": "Feature", "properties": { "full_id": "w640177262", "osm_id": "640177262", "osm_type": "way", "building": "yes", "name": null, "amenity": null, "brand": null, "wheelchair": null }, "geometry": { "type": "MultiPolygon", "coordinates": [ [ [ [ 110.3816252, -7.2327904 ], [ 110.381598, -7.2328771 ], [ 110.3816693, -7.2328992 ], [ 110.3816724, -7.2328865 ], [ 110.3816912, -7.2328259 ], [ 110.3816973, -7.2328126 ], [ 110.3816252, -7.2327904 ] ] ] ] } },
{ "type": "Feature", "properties": { "full_id": "w640177263", "osm_id": "640177263", "osm_type": "way", "building": "yes", "name": null, "amenity": null, "brand": null, "wheelchair": null }, "geometry": { "type": "MultiPolygon", "coordinates": [ [ [ [ 110.3813614, -7.2327518 ], [ 110.3813545, -7.2328263 ], [ 110.3814551, -7.2328355 ], [ 110.381462, -7.232761 ], [ 110.3813614, -7.2327518 ] ] ] ] } },
{ "type": "Feature", "properties": { "full_id": "w640177264", "osm_id": "640177264", "osm_type": "way", "building": "yes", "name": null, "amenity": null, "brand": null, "wheelchair": null }, "geometry": { "type": "MultiPolygon", "coordinates": [ [ [ [ 110.381944, -7.2327532 ], [ 110.3819104, -7.2328385 ], [ 110.3820003, -7.2328733 ], [ 110.3820339, -7.232788 ], [ 110.381944, -7.2327532 ] ] ] ] } },
{ "type": "Feature", "properties": { "full_id": "w640177265", "osm_id": "640177265", "osm_type": "way", "building": "yes", "name": null, "amenity": null, "brand": null, "wheelchair": null }, "geometry": { "type": "MultiPolygon", "coordinates": [ [ [ [ 110.3819646, -7.2327037 ], [ 110.381944, -7.2327532 ], [ 110.3820339, -7.232788 ], [ 110.3820521, -7.2327391 ], [ 110.3819646, -7.2327037 ] ] ] ] } },
{ "type": "Feature", "properties": { "full_id": "w640177266", "osm_id": "640177266", "osm_type": "way", "building": "yes", "name": null, "amenity": null, "brand": null, "wheelchair": null }, "geometry": { "type": "MultiPolygon", "coordinates": [ [ [ [ 110.381917, -7.2325591 ], [ 110.3818717, -7.232664 ], [ 110.3819646, -7.2327037 ], [ 110.3820103, -7.2325987 ], [ 110.381917, -7.2325591 ] ] ] ] } },
{ "type": "Feature", "properties": { "full_id": "w640177267", "osm_id": "640177267", "osm_type": "way", "building": "yes", "name": null, "amenity": null, "brand": null, "wheelchair": null }, "geometry": { "type": "MultiPolygon", "coordinates": [ [ [ [ 110.3818235, -7.2326891 ], [ 110.3817926, -7.2327639 ], [ 110.3818514, -7.2327878 ], [ 110.3818822, -7.232713 ], [ 110.3818235, -7.2326891 ] ] ] ] } },
{ "type": "Feature", "properties": { "full_id": "w640177268", "osm_id": "640177268", "osm_type": "way", "building": "yes", "name": null, "amenity": null, "brand": null, "wheelchair": null }, "geometry": { "type": "MultiPolygon", "coordinates": [ [ [ [ 110.3817407, -7.2326383 ], [ 110.3816916, -7.2327755 ], [ 110.3817611, -7.2328 ], [ 110.3818102, -7.2326628 ], [ 110.3817407, -7.2326383 ] ] ] ] } },
{ "type": "Feature", "properties": { "full_id": "w640177269", "osm_id": "640177269", "osm_type": "way", "building": "yes", "name": null, "amenity": null, "brand": null, "wheelchair": null }, "geometry": { "type": "MultiPolygon", "coordinates": [ [ [ [ 110.3816131, -7.2326144 ], [ 110.3815655, -7.2327375 ], [ 110.3816614, -7.232774 ], [ 110.381709, -7.232651 ], [ 110.3816131, -7.2326144 ] ] ] ] } },
{ "type": "Feature", "properties": { "full_id": "w640177270", "osm_id": "640177270", "osm_type": "way", "building": "yes", "name": null, "amenity": null, "brand": null, "wheelchair": null }, "geometry": { "type": "MultiPolygon", "coordinates": [ [ [ [ 110.3816653, -7.2324413 ], [ 110.3817332, -7.2324684 ], [ 110.381675, -7.2326115 ], [ 110.3816071, -7.2325844 ], [ 110.3816395, -7.2325047 ], [ 110.3816492, -7.2324808 ], [ 110.3816653, -7.2324413 ] ] ] ] } },
{ "type": "Feature", "properties": { "full_id": "w640177271", "osm_id": "640177271", "osm_type": "way", "building": "yes", "name": null, "amenity": null, "brand": null, "wheelchair": null }, "geometry": { "type": "MultiPolygon", "coordinates": [ [ [ [ 110.3815144, -7.2325908 ], [ 110.3814709, -7.2326963 ], [ 110.3815503, -7.2327284 ], [ 110.3815937, -7.2326229 ], [ 110.3815144, -7.2325908 ] ] ] ] } },
{ "type": "Feature", "properties": { "full_id": "w640177272", "osm_id": "640177272", "osm_type": "way", "building": "yes", "name": null, "amenity": null, "brand": null, "wheelchair": null }, "geometry": { "type": "MultiPolygon", "coordinates": [ [ [ [ 110.3815717, -7.2324738 ], [ 110.3815278, -7.2325696 ], [ 110.3816009, -7.2326026 ], [ 110.3816071, -7.2325844 ], [ 110.3816395, -7.2325047 ], [ 110.3815717, -7.2324738 ] ] ] ] } },
{ "type": "Feature", "properties": { "full_id": "w640177273", "osm_id": "640177273", "osm_type": "way", "building": "yes", "name": null, "amenity": null, "brand": null, "wheelchair": null }, "geometry": { "type": "MultiPolygon", "coordinates": [ [ [ [ 110.3816075, -7.2323662 ], [ 110.3815729, -7.2324498 ], [ 110.3816492, -7.2324808 ], [ 110.3816653, -7.2324413 ], [ 110.3816801, -7.2323958 ], [ 110.3816075, -7.2323662 ] ] ] ] } },
{ "type": "Feature", "properties": { "full_id": "w640177274", "osm_id": "640177274", "osm_type": "way", "building": "yes", "name": null, "amenity": null, "brand": null, "wheelchair": null }, "geometry": { "type": "MultiPolygon", "coordinates": [ [ [ [ 110.3817107, -7.2318534 ], [ 110.3816956, -7.2319316 ], [ 110.3818193, -7.2319551 ], [ 110.3818344, -7.231877 ], [ 110.3817107, -7.2318534 ] ] ] ] } },
{ "type": "Feature", "properties": { "full_id": "w640177275", "osm_id": "640177275", "osm_type": "way", "building": "yes", "name": null, "amenity": null, "brand": null, "wheelchair": null }, "geometry": { "type": "MultiPolygon", "coordinates": [ [ [ [ 110.3816813, -7.232177 ], [ 110.381656, -7.2322659 ], [ 110.3817495, -7.2322921 ], [ 110.3817747, -7.2322032 ], [ 110.3816813, -7.232177 ] ] ] ] } },
{ "type": "Feature", "properties": { "full_id": "w640177276", "osm_id": "640177276", "osm_type": "way", "building": "yes", "name": null, "amenity": null, "brand": null, "wheelchair": null }, "geometry": { "type": "MultiPolygon", "coordinates": [ [ [ [ 110.3817101, -7.2320623 ], [ 110.3816875, -7.2321518 ], [ 110.3817904, -7.2321773 ], [ 110.381813, -7.2320878 ], [ 110.3817101, -7.2320623 ] ] ] ] } },
{ "type": "Feature", "properties": { "full_id": "w640177277", "osm_id": "640177277", "osm_type": "way", "building": "yes", "name": null, "amenity": null, "brand": null, "wheelchair": null }, "geometry": { "type": "MultiPolygon", "coordinates": [ [ [ [ 110.3816014, -7.2321145 ], [ 110.381541, -7.2322861 ], [ 110.3816174, -7.2323126 ], [ 110.3816779, -7.232141 ], [ 110.3816014, -7.2321145 ] ] ] ] } },
{ "type": "Feature", "properties": { "full_id": "w640177278", "osm_id": "640177278", "osm_type": "way", "building": "yes", "name": null, "amenity": null, "brand": null, "wheelchair": null }, "geometry": { "type": "MultiPolygon", "coordinates": [ [ [ [ 110.3815301, -7.2321579 ], [ 110.3814981, -7.2322623 ], [ 110.381421, -7.232239 ], [ 110.381453, -7.2321346 ], [ 110.3815301, -7.2321579 ] ] ] ] } },
{ "type": "Feature", "properties": { "full_id": "w640177279", "osm_id": "640177279", "osm_type": "way", "building": "yes", "name": null, "amenity": null, "brand": null, "wheelchair": null }, "geometry": { "type": "MultiPolygon", "coordinates": [ [ [ [ 110.381453, -7.2321346 ], [ 110.3814735, -7.2320664 ], [ 110.3815554, -7.2320967 ], [ 110.3815301, -7.2321579 ], [ 110.381453, -7.2321346 ] ] ] ] } },
{ "type": "Feature", "properties": { "full_id": "w640177280", "osm_id": "640177280", "osm_type": "way", "building": "yes", "name": null, "amenity": null, "brand": null, "wheelchair": null }, "geometry": { "type": "MultiPolygon", "coordinates": [ [ [ [ 110.381389, -7.2321127 ], [ 110.381453, -7.2321346 ], [ 110.381421, -7.232239 ], [ 110.3813613, -7.2322249 ], [ 110.381389, -7.2321127 ] ] ] ] } },
{ "type": "Feature", "properties": { "full_id": "w640177281", "osm_id": "640177281", "osm_type": "way", "building": "yes", "name": null, "amenity": null, "brand": null, "wheelchair": null }, "geometry": { "type": "MultiPolygon", "coordinates": [ [ [ [ 110.3812566, -7.2321779 ], [ 110.3812547, -7.2322378 ], [ 110.3813624, -7.2322412 ], [ 110.3813613, -7.2322249 ], [ 110.3813643, -7.2321813 ], [ 110.3812566, -7.2321779 ] ] ] ] } },
{ "type": "Feature", "properties": { "full_id": "w640177282", "osm_id": "640177282", "osm_type": "way", "building": "yes", "name": null, "amenity": null, "brand": null, "wheelchair": null }, "geometry": { "type": "MultiPolygon", "coordinates": [ [ [ [ 110.3812581, -7.2321029 ], [ 110.3812566, -7.2321779 ], [ 110.3813643, -7.2321813 ], [ 110.3813661, -7.2321048 ], [ 110.3812581, -7.2321029 ] ] ] ] } },
{ "type": "Feature", "properties": { "full_id": "w640177283", "osm_id": "640177283", "osm_type": "way", "building": "yes", "name": null, "amenity": null, "brand": null, "wheelchair": null }, "geometry": { "type": "MultiPolygon", "coordinates": [ [ [ [ 110.3811299, -7.2320082 ], [ 110.3812053, -7.2320146 ], [ 110.3811943, -7.2321422 ], [ 110.381119, -7.2321358 ], [ 110.3811299, -7.2320082 ] ] ] ] } },
{ "type": "Feature", "properties": { "full_id": "w640177284", "osm_id": "640177284", "osm_type": "way", "building": "yes", "name": null, "amenity": null, "brand": null, "wheelchair": null }, "geometry": { "type": "MultiPolygon", "coordinates": [ [ [ [ 110.3810174, -7.2320139 ], [ 110.3809834, -7.2321131 ], [ 110.381079, -7.2321454 ], [ 110.3811131, -7.2320462 ], [ 110.3810174, -7.2320139 ] ] ] ] } },
{ "type": "Feature", "properties": { "full_id": "w640177285", "osm_id": "640177285", "osm_type": "way", "building": "yes", "name": null, "amenity": null, "brand": null, "wheelchair": null }, "geometry": { "type": "MultiPolygon", "coordinates": [ [ [ [ 110.381048, -7.2319325 ], [ 110.3810174, -7.2320139 ], [ 110.3811131, -7.2320462 ], [ 110.3811299, -7.2320082 ], [ 110.3811447, -7.231966 ], [ 110.381048, -7.2319325 ] ] ] ] } },
{ "type": "Feature", "properties": { "full_id": "w640177286", "osm_id": "640177286", "osm_type": "way", "building": "yes", "name": null, "amenity": null, "brand": null, "wheelchair": null }, "geometry": { "type": "MultiPolygon", "coordinates": [ [ [ [ 110.3813838, -7.2319226 ], [ 110.3813817, -7.2320103 ], [ 110.381469, -7.2320123 ], [ 110.381471, -7.2319246 ], [ 110.3813838, -7.2319226 ] ] ] ] } },
{ "type": "Feature", "properties": { "full_id": "w640177287", "osm_id": "640177287", "osm_type": "way", "building": "yes", "name": null, "amenity": null, "brand": null, "wheelchair": null }, "geometry": { "type": "MultiPolygon", "coordinates": [ [ [ [ 110.3812763, -7.2319451 ], [ 110.3812498, -7.2319448 ], [ 110.3812489, -7.2320387 ], [ 110.3813673, -7.2320398 ], [ 110.3813682, -7.2319459 ], [ 110.3812763, -7.2319451 ] ] ] ] } },
{ "type": "Feature", "properties": { "full_id": "w640177288", "osm_id": "640177288", "osm_type": "way", "building": "yes", "name": null, "amenity": null, "brand": null, "wheelchair": null }, "geometry": { "type": "MultiPolygon", "coordinates": [ [ [ [ 110.3812773, -7.2318552 ], [ 110.3812763, -7.2319451 ], [ 110.3813682, -7.2319459 ], [ 110.3813665, -7.2318562 ], [ 110.3812773, -7.2318552 ] ] ] ] } },
{ "type": "Feature", "properties": { "full_id": "w640177289", "osm_id": "640177289", "osm_type": "way", "building": "yes", "name": null, "amenity": null, "brand": null, "wheelchair": null }, "geometry": { "type": "MultiPolygon", "coordinates": [ [ [ [ 110.3814636, -7.2317264 ], [ 110.3814601, -7.2318434 ], [ 110.3815259, -7.2318453 ], [ 110.3815294, -7.2317283 ], [ 110.3814636, -7.2317264 ] ] ] ] } },
{ "type": "Feature", "properties": { "full_id": "w640177290", "osm_id": "640177290", "osm_type": "way", "building": "yes", "name": null, "amenity": null, "brand": null, "wheelchair": null }, "geometry": { "type": "MultiPolygon", "coordinates": [ [ [ [ 110.3813562, -7.2317363 ], [ 110.3813561, -7.2317203 ], [ 110.3814468, -7.2317197 ], [ 110.3814475, -7.2318127 ], [ 110.3813568, -7.2318134 ], [ 110.3813562, -7.2317363 ] ] ] ] } },
{ "type": "Feature", "properties": { "full_id": "w640177291", "osm_id": "640177291", "osm_type": "way", "building": "yes", "name": null, "amenity": null, "brand": null, "wheelchair": null }, "geometry": { "type": "MultiPolygon", "coordinates": [ [ [ [ 110.3812842, -7.2317343 ], [ 110.3812815, -7.2318354 ], [ 110.3813546, -7.2318374 ], [ 110.3813568, -7.2318134 ], [ 110.3813562, -7.2317363 ], [ 110.3812842, -7.2317343 ] ] ] ] } },
{ "type": "Feature", "properties": { "full_id": "w640177292", "osm_id": "640177292", "osm_type": "way", "building": "yes", "name": null, "amenity": null, "brand": null, "wheelchair": null }, "geometry": { "type": "MultiPolygon", "coordinates": [ [ [ [ 110.3811751, -7.2318177 ], [ 110.3811751, -7.2318623 ], [ 110.3812627, -7.2318624 ], [ 110.3812628, -7.2317391 ], [ 110.3811751, -7.2317391 ], [ 110.3811751, -7.2318177 ] ] ] ] } },
{ "type": "Feature", "properties": { "full_id": "w640177293", "osm_id": "640177293", "osm_type": "way", "building": "yes", "name": null, "amenity": null, "brand": null, "wheelchair": null }, "geometry": { "type": "MultiPolygon", "coordinates": [ [ [ [ 110.3811195, -7.231817 ], [ 110.3811205, -7.2317429 ], [ 110.3811751, -7.2317391 ], [ 110.3811751, -7.2318177 ], [ 110.3811195, -7.231817 ] ] ] ] } },
{ "type": "Feature", "properties": { "full_id": "w640177294", "osm_id": "640177294", "osm_type": "way", "building": "yes", "name": null, "amenity": null, "brand": null, "wheelchair": null }, "geometry": { "type": "MultiPolygon", "coordinates": [ [ [ [ 110.3809762, -7.2316183 ], [ 110.380974, -7.231754 ], [ 110.3810498, -7.2317552 ], [ 110.3810519, -7.2316195 ], [ 110.3809762, -7.2316183 ] ] ] ] } },
{ "type": "Feature", "properties": { "full_id": "w640177295", "osm_id": "640177295", "osm_type": "way", "building": "yes", "name": null, "amenity": null, "brand": null, "wheelchair": null }, "geometry": { "type": "MultiPolygon", "coordinates": [ [ [ [ 110.3811682, -7.2323542 ], [ 110.3812325, -7.2323727 ], [ 110.3811893, -7.2325201 ], [ 110.3810605, -7.232483 ], [ 110.3811037, -7.2323356 ], [ 110.3811682, -7.2323542 ] ] ] ] } },
{ "type": "Feature", "properties": { "full_id": "w640177296", "osm_id": "640177296", "osm_type": "way", "building": "yes", "name": null, "amenity": null, "brand": null, "wheelchair": null }, "geometry": { "type": "MultiPolygon", "coordinates": [ [ [ [ 110.3811081, -7.2323227 ], [ 110.3811362, -7.2322251 ], [ 110.3812001, -7.2322432 ], [ 110.3811682, -7.2323542 ], [ 110.3811037, -7.2323356 ], [ 110.3811081, -7.2323227 ] ] ] ] } },
{ "type": "Feature", "properties": { "full_id": "w640177297", "osm_id": "640177297", "osm_type": "way", "building": "yes", "name": null, "amenity": null, "brand": null, "wheelchair": null }, "geometry": { "type": "MultiPolygon", "coordinates": [ [ [ [ 110.3810326, -7.2323001 ], [ 110.3809831, -7.2324629 ], [ 110.3810605, -7.232483 ], [ 110.3811037, -7.2323356 ], [ 110.3811081, -7.2323227 ], [ 110.3810326, -7.2323001 ] ] ] ] } },
{ "type": "Feature", "properties": { "full_id": "w640177298", "osm_id": "640177298", "osm_type": "way", "building": "yes", "name": null, "amenity": null, "brand": null, "wheelchair": null }, "geometry": { "type": "MultiPolygon", "coordinates": [ [ [ [ 110.3808332, -7.2322327 ], [ 110.3807965, -7.2323844 ], [ 110.3808816, -7.2324047 ], [ 110.3809183, -7.2322529 ], [ 110.3808332, -7.2322327 ] ] ] ] } },
{ "type": "Feature", "properties": { "full_id": "w640177299", "osm_id": "640177299", "osm_type": "way", "building": "yes", "name": null, "amenity": null, "brand": null, "wheelchair": null }, "geometry": { "type": "MultiPolygon", "coordinates": [ [ [ [ 110.3804161, -7.2326505 ], [ 110.3803817, -7.232736 ], [ 110.3804672, -7.2327698 ], [ 110.3805016, -7.2326843 ], [ 110.3804161, -7.2326505 ] ] ] ] } },
{ "type": "Feature", "properties": { "full_id": "w640177300", "osm_id": "640177300", "osm_type": "way", "building": "yes", "name": null, "amenity": null, "brand": null, "wheelchair": null }, "geometry": { "type": "MultiPolygon", "coordinates": [ [ [ [ 110.3804772, -7.2325526 ], [ 110.3804264, -7.2325297 ], [ 110.3803838, -7.2326227 ], [ 110.3804568, -7.2326556 ], [ 110.3804994, -7.2325626 ], [ 110.3804772, -7.2325526 ] ] ] ] } },
{ "type": "Feature", "properties": { "full_id": "w640177301", "osm_id": "640177301", "osm_type": "way", "building": "yes", "name": null, "amenity": null, "brand": null, "wheelchair": null }, "geometry": { "type": "MultiPolygon", "coordinates": [ [ [ [ 110.3805721, -7.2324927 ], [ 110.3805148, -7.2324727 ], [ 110.3804871, -7.2325504 ], [ 110.38051, -7.2325584 ], [ 110.3806308, -7.2326007 ], [ 110.3806585, -7.2325229 ], [ 110.3805721, -7.2324927 ] ] ] ] } },
{ "type": "Feature", "properties": { "full_id": "w640177302", "osm_id": "640177302", "osm_type": "way", "building": "yes", "name": null, "amenity": null, "brand": null, "wheelchair": null }, "geometry": { "type": "MultiPolygon", "coordinates": [ [ [ [ 110.3806159, -7.2323626 ], [ 110.3805701, -7.2324887 ], [ 110.3806565, -7.2325191 ], [ 110.3806992, -7.2323924 ], [ 110.3806159, -7.2323626 ] ] ] ] } },
{ "type": "Feature", "properties": { "full_id": "w640177303", "osm_id": "640177303", "osm_type": "way", "building": "yes", "name": null, "amenity": null, "brand": null, "wheelchair": null }, "geometry": { "type": "MultiPolygon", "coordinates": [ [ [ [ 110.3805834, -7.2322585 ], [ 110.3805533, -7.2323395 ], [ 110.3806159, -7.2323626 ], [ 110.3806992, -7.2323924 ], [ 110.3807308, -7.2323124 ], [ 110.3805834, -7.2322585 ] ] ] ] } },
{ "type": "Feature", "properties": { "full_id": "w640177304", "osm_id": "640177304", "osm_type": "way", "building": "yes", "name": null, "amenity": null, "brand": null, "wheelchair": null }, "geometry": { "type": "MultiPolygon", "coordinates": [ [ [ [ 110.380607, -7.2321983 ], [ 110.3805834, -7.2322585 ], [ 110.3807308, -7.2323124 ], [ 110.3807511, -7.232318 ], [ 110.3807729, -7.2322558 ], [ 110.380607, -7.2321983 ] ] ] ] } },
{ "type": "Feature", "properties": { "full_id": "w640177305", "osm_id": "640177305", "osm_type": "way", "building": "yes", "name": null, "amenity": null, "brand": null, "wheelchair": null }, "geometry": { "type": "MultiPolygon", "coordinates": [ [ [ [ 110.3808803, -7.2320965 ], [ 110.3809406, -7.2320952 ], [ 110.3809372, -7.2319464 ], [ 110.3808769, -7.2319478 ], [ 110.380879, -7.2320387 ], [ 110.3808803, -7.2320965 ] ] ] ] } },
{ "type": "Feature", "properties": { "full_id": "w640177306", "osm_id": "640177306", "osm_type": "way", "building": "yes", "name": null, "amenity": null, "brand": null, "wheelchair": null }, "geometry": { "type": "MultiPolygon", "coordinates": [ [ [ [ 110.3807831, -7.2320385 ], [ 110.380783, -7.2321104 ], [ 110.3808785, -7.2321106 ], [ 110.3808803, -7.2320965 ], [ 110.380879, -7.2320387 ], [ 110.3807831, -7.2320385 ] ] ] ] } },
{ "type": "Feature", "properties": { "full_id": "w640177307", "osm_id": "640177307", "osm_type": "way", "building": "yes", "name": null, "amenity": null, "brand": null, "wheelchair": null }, "geometry": { "type": "MultiPolygon", "coordinates": [ [ [ [ 110.3807845, -7.2319457 ], [ 110.3807831, -7.2320385 ], [ 110.380879, -7.2320387 ], [ 110.3808769, -7.2319478 ], [ 110.3807845, -7.2319457 ] ] ] ] } },
{ "type": "Feature", "properties": { "full_id": "w640177308", "osm_id": "640177308", "osm_type": "way", "building": "yes", "name": null, "amenity": null, "brand": null, "wheelchair": null }, "geometry": { "type": "MultiPolygon", "coordinates": [ [ [ [ 110.3810185, -7.2318089 ], [ 110.3810105, -7.2318998 ], [ 110.3811113, -7.2319085 ], [ 110.3811195, -7.231817 ], [ 110.3810185, -7.2318089 ] ] ] ] } },
{ "type": "Feature", "properties": { "full_id": "w640177309", "osm_id": "640177309", "osm_type": "way", "building": "yes", "name": null, "amenity": null, "brand": null, "wheelchair": null }, "geometry": { "type": "MultiPolygon", "coordinates": [ [ [ [ 110.3808279, -7.2317111 ], [ 110.38081, -7.2317905 ], [ 110.380901, -7.2318107 ], [ 110.3809189, -7.2317313 ], [ 110.3808279, -7.2317111 ] ] ] ] } },
{ "type": "Feature", "properties": { "full_id": "w640177310", "osm_id": "640177310", "osm_type": "way", "building": "yes", "name": null, "amenity": null, "brand": null, "wheelchair": null }, "geometry": { "type": "MultiPolygon", "coordinates": [ [ [ [ 110.3806005, -7.2319861 ], [ 110.3806029, -7.2319237 ], [ 110.3807362, -7.2319287 ], [ 110.3807315, -7.2320515 ], [ 110.3805982, -7.2320465 ], [ 110.3806005, -7.2319861 ] ] ] ] } },
{ "type": "Feature", "properties": { "full_id": "w640177311", "osm_id": "640177311", "osm_type": "way", "building": "yes", "name": null, "amenity": null, "brand": null, "wheelchair": null }, "geometry": { "type": "MultiPolygon", "coordinates": [ [ [ [ 110.3805982, -7.2320465 ], [ 110.3807315, -7.2320515 ], [ 110.3807287, -7.2321415 ], [ 110.380594, -7.2321368 ], [ 110.3805968, -7.2320594 ], [ 110.3805982, -7.2320465 ] ] ] ] } },
{ "type": "Feature", "properties": { "full_id": "w640177312", "osm_id": "640177312", "osm_type": "way", "building": "yes", "name": null, "amenity": null, "brand": null, "wheelchair": null }, "geometry": { "type": "MultiPolygon", "coordinates": [ [ [ [ 110.3805159, -7.2320552 ], [ 110.3805197, -7.231982 ], [ 110.3806005, -7.2319861 ], [ 110.3805982, -7.2320465 ], [ 110.3805968, -7.2320594 ], [ 110.3805159, -7.2320552 ] ] ] ] } },
{ "type": "Feature", "properties": { "full_id": "w640177313", "osm_id": "640177313", "osm_type": "way", "building": "yes", "name": null, "amenity": null, "brand": null, "wheelchair": null }, "geometry": { "type": "MultiPolygon", "coordinates": [ [ [ [ 110.3804977, -7.2320563 ], [ 110.3805159, -7.2320552 ], [ 110.3805968, -7.2320594 ], [ 110.380594, -7.2321368 ], [ 110.3804964, -7.2321336 ], [ 110.3804968, -7.2321074 ], [ 110.3804977, -7.2320563 ] ] ] ] } },
{ "type": "Feature", "properties": { "full_id": "w640177314", "osm_id": "640177314", "osm_type": "way", "building": "yes", "name": null, "amenity": null, "brand": null, "wheelchair": null }, "geometry": { "type": "MultiPolygon", "coordinates": [ [ [ [ 110.3804159, -7.2319712 ], [ 110.380409, -7.2321029 ], [ 110.3804968, -7.2321074 ], [ 110.3804977, -7.2320563 ], [ 110.3805025, -7.2319757 ], [ 110.3804159, -7.2319712 ] ] ] ] } },
{ "type": "Feature", "properties": { "full_id": "w640177315", "osm_id": "640177315", "osm_type": "way", "building": "yes", "name": null, "amenity": null, "brand": null, "wheelchair": null }, "geometry": { "type": "MultiPolygon", "coordinates": [ [ [ [ 110.380027, -7.2327553 ], [ 110.3799877, -7.232838 ], [ 110.3799832, -7.2328524 ], [ 110.3800847, -7.2328969 ], [ 110.3801277, -7.2328001 ], [ 110.380027, -7.2327553 ] ] ] ] } },
{ "type": "Feature", "properties": { "full_id": "w640177316", "osm_id": "640177316", "osm_type": "way", "building": "yes", "name": null, "amenity": null, "brand": null, "wheelchair": null }, "geometry": { "type": "MultiPolygon", "coordinates": [ [ [ [ 110.3802123, -7.2326875 ], [ 110.3801821, -7.232766 ], [ 110.3803195, -7.232818 ], [ 110.3803497, -7.2327395 ], [ 110.3802123, -7.2326875 ] ] ] ] } },
{ "type": "Feature", "properties": { "full_id": "w640177317", "osm_id": "640177317", "osm_type": "way", "building": "yes", "name": null, "amenity": null, "brand": null, "wheelchair": null }, "geometry": { "type": "MultiPolygon", "coordinates": [ [ [ [ 110.3802107, -7.2325778 ], [ 110.3801731, -7.2326703 ], [ 110.3802123, -7.2326875 ], [ 110.3803497, -7.2327395 ], [ 110.380385, -7.2326476 ], [ 110.3802107, -7.2325778 ] ] ] ] } },
{ "type": "Feature", "properties": { "full_id": "w640177318", "osm_id": "640177318", "osm_type": "way", "building": "yes", "name": null, "amenity": null, "brand": null, "wheelchair": null }, "geometry": { "type": "MultiPolygon", "coordinates": [ [ [ [ 110.3802974, -7.2323873 ], [ 110.380237, -7.2325348 ], [ 110.3803277, -7.2325714 ], [ 110.3803881, -7.2324238 ], [ 110.3802974, -7.2323873 ] ] ] ] } },
{ "type": "Feature", "properties": { "full_id": "w640177319", "osm_id": "640177319", "osm_type": "way", "building": "yes", "name": null, "amenity": null, "brand": null, "wheelchair": null }, "geometry": { "type": "MultiPolygon", "coordinates": [ [ [ [ 110.3802045, -7.2322998 ], [ 110.3801533, -7.2324104 ], [ 110.3802255, -7.2324434 ], [ 110.3802768, -7.2323327 ], [ 110.3802045, -7.2322998 ] ] ] ] } },
{ "type": "Feature", "properties": { "full_id": "w640177320", "osm_id": "640177320", "osm_type": "way", "building": "yes", "name": null, "amenity": null, "brand": null, "wheelchair": null }, "geometry": { "type": "MultiPolygon", "coordinates": [ [ [ [ 110.3800221, -7.2324577 ], [ 110.379979, -7.2325531 ], [ 110.3800726, -7.2325948 ], [ 110.3801158, -7.2324994 ], [ 110.3800221, -7.2324577 ] ] ] ] } },
{ "type": "Feature", "properties": { "full_id": "w640177321", "osm_id": "640177321", "osm_type": "way", "building": "yes", "name": null, "amenity": null, "brand": null, "wheelchair": null }, "geometry": { "type": "MultiPolygon", "coordinates": [ [ [ [ 110.3800645, -7.2323164 ], [ 110.3801537, -7.2323587 ], [ 110.3801023, -7.2324655 ], [ 110.3800131, -7.2324232 ], [ 110.3800645, -7.2323164 ] ] ] ] } },
{ "type": "Feature", "properties": { "full_id": "w640177322", "osm_id": "640177322", "osm_type": "way", "building": "yes", "name": null, "amenity": null, "brand": null, "wheelchair": null }, "geometry": { "type": "MultiPolygon", "coordinates": [ [ [ [ 110.3799766, -7.2322707 ], [ 110.3799107, -7.2323973 ], [ 110.3800004, -7.2324433 ], [ 110.3800131, -7.2324232 ], [ 110.3800645, -7.2323164 ], [ 110.3799766, -7.2322707 ] ] ] ] } },
{ "type": "Feature", "properties": { "full_id": "w640177323", "osm_id": "640177323", "osm_type": "way", "building": "yes", "name": null, "amenity": null, "brand": null, "wheelchair": null }, "geometry": { "type": "MultiPolygon", "coordinates": [ [ [ [ 110.3800435, -7.2321319 ], [ 110.3799766, -7.2322707 ], [ 110.3800645, -7.2323164 ], [ 110.3801352, -7.232176 ], [ 110.3800435, -7.2321319 ] ] ] ] } },
{ "type": "Feature", "properties": { "full_id": "w640177324", "osm_id": "640177324", "osm_type": "way", "building": "yes", "name": null, "amenity": null, "brand": null, "wheelchair": null }, "geometry": { "type": "MultiPolygon", "coordinates": [ [ [ [ 110.3798465, -7.2320329 ], [ 110.3798557, -7.232141 ], [ 110.3800435, -7.2321319 ], [ 110.3802054, -7.2321116 ], [ 110.3801961, -7.2320034 ], [ 110.3798465, -7.2320329 ] ] ] ] } },
{ "type": "Feature", "properties": { "full_id": "w640177325", "osm_id": "640177325", "osm_type": "way", "building": "yes", "name": null, "amenity": null, "brand": null, "wheelchair": null }, "geometry": { "type": "MultiPolygon", "coordinates": [ [ [ [ 110.3796413, -7.2322471 ], [ 110.3796045, -7.2323303 ], [ 110.3796904, -7.2323676 ], [ 110.3797271, -7.2322845 ], [ 110.3796413, -7.2322471 ] ] ] ] } },
{ "type": "Feature", "properties": { "full_id": "w640177326", "osm_id": "640177326", "osm_type": "way", "building": "yes", "name": null, "amenity": null, "brand": null, "wheelchair": null }, "geometry": { "type": "MultiPolygon", "coordinates": [ [ [ [ 110.3799868, -7.2316877 ], [ 110.3799601, -7.2318461 ], [ 110.3800314, -7.2318579 ], [ 110.3800371, -7.2318242 ], [ 110.3800632, -7.2318285 ], [ 110.3800842, -7.2317039 ], [ 110.3799868, -7.2316877 ] ] ] ] } },
{ "type": "Feature", "properties": { "full_id": "w640177327", "osm_id": "640177327", "osm_type": "way", "building": "yes", "name": null, "amenity": null, "brand": null, "wheelchair": null }, "geometry": { "type": "MultiPolygon", "coordinates": [ [ [ [ 110.3797916, -7.2326906 ], [ 110.3797453, -7.2328336 ], [ 110.3798264, -7.2328595 ], [ 110.3798727, -7.2327165 ], [ 110.3797916, -7.2326906 ] ] ] ] } },
{ "type": "Feature", "properties": { "full_id": "w640177328", "osm_id": "640177328", "osm_type": "way", "building": "yes", "name": null, "amenity": null, "brand": null, "wheelchair": null }, "geometry": { "type": "MultiPolygon", "coordinates": [ [ [ [ 110.3796844, -7.2326896 ], [ 110.3796487, -7.2327915 ], [ 110.3797331, -7.2328206 ], [ 110.3797688, -7.2327187 ], [ 110.3796844, -7.2326896 ] ] ] ] } },
{ "type": "Feature", "properties": { "full_id": "w640177329", "osm_id": "640177329", "osm_type": "way", "building": "yes", "name": null, "amenity": null, "brand": null, "wheelchair": null }, "geometry": { "type": "MultiPolygon", "coordinates": [ [ [ [ 110.3794958, -7.2326235 ], [ 110.3795496, -7.232508 ], [ 110.3796254, -7.2325428 ], [ 110.3795953, -7.2326077 ], [ 110.3796188, -7.2326185 ], [ 110.3795953, -7.232669 ], [ 110.3794958, -7.2326235 ] ] ] ] } },
{ "type": "Feature", "properties": { "full_id": "w640177330", "osm_id": "640177330", "osm_type": "way", "building": "yes", "name": null, "amenity": null, "brand": null, "wheelchair": null }, "geometry": { "type": "MultiPolygon", "coordinates": [ [ [ [ 110.3794958, -7.2326235 ], [ 110.3794567, -7.2327191 ], [ 110.3795529, -7.2327595 ], [ 110.3795953, -7.232669 ], [ 110.3794958, -7.2326235 ] ] ] ] } },
{ "type": "Feature", "properties": { "full_id": "w640177331", "osm_id": "640177331", "osm_type": "way", "building": "yes", "name": null, "amenity": null, "brand": null, "wheelchair": null }, "geometry": { "type": "MultiPolygon", "coordinates": [ [ [ [ 110.3794982, -7.2328354 ], [ 110.3794699, -7.2329151 ], [ 110.3795303, -7.2329362 ], [ 110.3795587, -7.2328565 ], [ 110.3794982, -7.2328354 ] ] ] ] } },
{ "type": "Feature", "properties": { "full_id": "w640177332", "osm_id": "640177332", "osm_type": "way", "building": "yes", "name": null, "amenity": null, "brand": null, "wheelchair": null }, "geometry": { "type": "MultiPolygon", "coordinates": [ [ [ [ 110.3795121, -7.2329512 ], [ 110.3794628, -7.2330782 ], [ 110.3795419, -7.2331085 ], [ 110.3795912, -7.2329814 ], [ 110.3795121, -7.2329512 ] ] ] ] } },
{ "type": "Feature", "properties": { "full_id": "w640177333", "osm_id": "640177333", "osm_type": "way", "building": "yes", "name": null, "amenity": null, "brand": null, "wheelchair": null }, "geometry": { "type": "MultiPolygon", "coordinates": [ [ [ [ 110.3794138, -7.2329454 ], [ 110.3794654, -7.2329663 ], [ 110.3794183, -7.2330805 ], [ 110.3793667, -7.2330596 ], [ 110.3793906, -7.2330016 ], [ 110.3794138, -7.2329454 ] ] ] ] } },
{ "type": "Feature", "properties": { "full_id": "w640177334", "osm_id": "640177334", "osm_type": "way", "building": "yes", "name": null, "amenity": null, "brand": null, "wheelchair": null }, "geometry": { "type": "MultiPolygon", "coordinates": [ [ [ [ 110.3792864, -7.2329581 ], [ 110.3792473, -7.2330505 ], [ 110.3793508, -7.2330937 ], [ 110.3793667, -7.2330596 ], [ 110.3793906, -7.2330016 ], [ 110.3792864, -7.2329581 ] ] ] ] } },
{ "type": "Feature", "properties": { "full_id": "w640177335", "osm_id": "640177335", "osm_type": "way", "building": "yes", "name": null, "amenity": null, "brand": null, "wheelchair": null }, "geometry": { "type": "MultiPolygon", "coordinates": [ [ [ [ 110.3793228, -7.2328713 ], [ 110.3792864, -7.2329581 ], [ 110.3793906, -7.2330016 ], [ 110.3794138, -7.2329454 ], [ 110.3794296, -7.2329164 ], [ 110.3793228, -7.2328713 ] ] ] ] } },
{ "type": "Feature", "properties": { "full_id": "w640177336", "osm_id": "640177336", "osm_type": "way", "building": "yes", "name": null, "amenity": null, "brand": null, "wheelchair": null }, "geometry": { "type": "MultiPolygon", "coordinates": [ [ [ [ 110.3793712, -7.2325536 ], [ 110.3793516, -7.2325449 ], [ 110.3792943, -7.2326733 ], [ 110.3793835, -7.2327125 ], [ 110.3794408, -7.2325841 ], [ 110.3794266, -7.2325779 ], [ 110.3793712, -7.2325536 ] ] ] ] } },
{ "type": "Feature", "properties": { "full_id": "w640177337", "osm_id": "640177337", "osm_type": "way", "building": "yes", "name": null, "amenity": null, "brand": null, "wheelchair": null }, "geometry": { "type": "MultiPolygon", "coordinates": [ [ [ [ 110.3794171, -7.2324596 ], [ 110.3793712, -7.2325536 ], [ 110.3794266, -7.2325779 ], [ 110.3794716, -7.2324859 ], [ 110.3794171, -7.2324596 ] ] ] ] } },
{ "type": "Feature", "properties": { "full_id": "w640177338", "osm_id": "640177338", "osm_type": "way", "building": "yes", "name": null, "amenity": null, "brand": null, "wheelchair": null }, "geometry": { "type": "MultiPolygon", "coordinates": [ [ [ [ 110.3791718, -7.2324896 ], [ 110.379135, -7.2325698 ], [ 110.3792251, -7.2326105 ], [ 110.3792619, -7.2325303 ], [ 110.3791718, -7.2324896 ] ] ] ] } },
{ "type": "Feature", "properties": { "full_id": "w640177339", "osm_id": "640177339", "osm_type": "way", "building": "yes", "name": null, "amenity": null, "brand": null, "wheelchair": null }, "geometry": { "type": "MultiPolygon", "coordinates": [ [ [ [ 110.3792085, -7.2324087 ], [ 110.3791718, -7.2324896 ], [ 110.3792619, -7.2325303 ], [ 110.3792976, -7.2324474 ], [ 110.3792085, -7.2324087 ] ] ] ] } },
{ "type": "Feature", "properties": { "full_id": "w640177340", "osm_id": "640177340", "osm_type": "way", "building": "yes", "name": null, "amenity": null, "brand": null, "wheelchair": null }, "geometry": { "type": "MultiPolygon", "coordinates": [ [ [ [ 110.3784205, -7.2322775 ], [ 110.3783592, -7.2324141 ], [ 110.3782658, -7.2323728 ], [ 110.3783271, -7.2322363 ], [ 110.3784205, -7.2322775 ] ] ] ] } },
{ "type": "Feature", "properties": { "full_id": "w640177341", "osm_id": "640177341", "osm_type": "way", "building": "yes", "name": null, "amenity": null, "brand": null, "wheelchair": null }, "geometry": { "type": "MultiPolygon", "coordinates": [ [ [ [ 110.3784766, -7.2321424 ], [ 110.3784205, -7.2322775 ], [ 110.3785149, -7.2323187 ], [ 110.3785745, -7.2321857 ], [ 110.3784766, -7.2321424 ] ] ] ] } },
{ "type": "Feature", "properties": { "full_id": "w640177342", "osm_id": "640177342", "osm_type": "way", "building": "yes", "name": null, "amenity": null, "brand": null, "wheelchair": null }, "geometry": { "type": "MultiPolygon", "coordinates": [ [ [ [ 110.378619, -7.2322861 ], [ 110.3786525, -7.2321802 ], [ 110.3787412, -7.2322078 ], [ 110.3787077, -7.2323137 ], [ 110.378619, -7.2322861 ] ] ] ] } },
{ "type": "Feature", "properties": { "full_id": "w640177343", "osm_id": "640177343", "osm_type": "way", "building": "yes", "name": null, "amenity": null, "brand": null, "wheelchair": null }, "geometry": { "type": "MultiPolygon", "coordinates": [ [ [ [ 110.378619, -7.2322861 ], [ 110.3785897, -7.23238 ], [ 110.3786813, -7.232406 ], [ 110.3787077, -7.2323137 ], [ 110.378619, -7.2322861 ] ] ] ] } },
{ "type": "Feature", "properties": { "full_id": "w640177344", "osm_id": "640177344", "osm_type": "way", "building": "yes", "name": null, "amenity": null, "brand": null, "wheelchair": null }, "geometry": { "type": "MultiPolygon", "coordinates": [ [ [ [ 110.3788998, -7.2322328 ], [ 110.3788559, -7.2323264 ], [ 110.3789419, -7.232366 ], [ 110.3789858, -7.2322724 ], [ 110.3788998, -7.2322328 ] ] ] ] } },
{ "type": "Feature", "properties": { "full_id": "w640177345", "osm_id": "640177345", "osm_type": "way", "building": "yes", "name": null, "amenity": null, "brand": null, "wheelchair": null }, "geometry": { "type": "MultiPolygon", "coordinates": [ [ [ [ 110.3790035, -7.2323042 ], [ 110.3789589, -7.23241 ], [ 110.379046, -7.2324462 ], [ 110.3790907, -7.2323404 ], [ 110.3790035, -7.2323042 ] ] ] ] } },
{ "type": "Feature", "properties": { "full_id": "w640177346", "osm_id": "640177346", "osm_type": "way", "building": "yes", "name": null, "amenity": null, "brand": null, "wheelchair": null }, "geometry": { "type": "MultiPolygon", "coordinates": [ [ [ [ 110.3789497, -7.2324325 ], [ 110.3789114, -7.2325296 ], [ 110.3789899, -7.2325601 ], [ 110.3790282, -7.232463 ], [ 110.3789497, -7.2324325 ] ] ] ] } },
{ "type": "Feature", "properties": { "full_id": "w640177347", "osm_id": "640177347", "osm_type": "way", "building": "yes", "name": null, "amenity": null, "brand": null, "wheelchair": null }, "geometry": { "type": "MultiPolygon", "coordinates": [ [ [ [ 110.3788142, -7.2323998 ], [ 110.3787591, -7.2325241 ], [ 110.3788204, -7.2325508 ], [ 110.3788384, -7.2325103 ], [ 110.3788855, -7.2325309 ], [ 110.3789227, -7.2324472 ], [ 110.3788142, -7.2323998 ] ] ] ] } },
{ "type": "Feature", "properties": { "full_id": "w640177348", "osm_id": "640177348", "osm_type": "way", "building": "yes", "name": null, "amenity": null, "brand": null, "wheelchair": null }, "geometry": { "type": "MultiPolygon", "coordinates": [ [ [ [ 110.3787143, -7.2326195 ], [ 110.3786632, -7.2327351 ], [ 110.3787713, -7.2327822 ], [ 110.3788224, -7.2326666 ], [ 110.3787143, -7.2326195 ] ] ] ] } },
{ "type": "Feature", "properties": { "full_id": "w640177349", "osm_id": "640177349", "osm_type": "way", "building": "yes", "name": null, "amenity": null, "brand": null, "wheelchair": null }, "geometry": { "type": "MultiPolygon", "coordinates": [ [ [ [ 110.3788162, -7.2327564 ], [ 110.3788519, -7.2327029 ], [ 110.3789536, -7.2327696 ], [ 110.3789179, -7.2328231 ], [ 110.3788162, -7.2327564 ] ] ] ] } },
{ "type": "Feature", "properties": { "full_id": "w640177350", "osm_id": "640177350", "osm_type": "way", "building": "yes", "name": null, "amenity": null, "brand": null, "wheelchair": null }, "geometry": { "type": "MultiPolygon", "coordinates": [ [ [ [ 110.3788162, -7.2327564 ], [ 110.378781, -7.2328102 ], [ 110.378882, -7.2328757 ], [ 110.3789179, -7.2328231 ], [ 110.3788162, -7.2327564 ] ] ] ] } },
{ "type": "Feature", "properties": { "full_id": "w640177351", "osm_id": "640177351", "osm_type": "way", "building": "yes", "name": null, "amenity": null, "brand": null, "wheelchair": null }, "geometry": { "type": "MultiPolygon", "coordinates": [ [ [ [ 110.3790138, -7.2329133 ], [ 110.3789699, -7.2330083 ], [ 110.3790746, -7.2330559 ], [ 110.3791185, -7.2329608 ], [ 110.3790138, -7.2329133 ] ] ] ] } },
{ "type": "Feature", "properties": { "full_id": "w640177352", "osm_id": "640177352", "osm_type": "way", "building": "yes", "name": null, "amenity": null, "brand": null, "wheelchair": null }, "geometry": { "type": "MultiPolygon", "coordinates": [ [ [ [ 110.3786503, -7.2327601 ], [ 110.3786188, -7.2328206 ], [ 110.3786992, -7.2328618 ], [ 110.3787307, -7.2328013 ], [ 110.3786503, -7.2327601 ] ] ] ] } },
{ "type": "Feature", "properties": { "full_id": "w640177353", "osm_id": "640177353", "osm_type": "way", "building": "yes", "name": null, "amenity": null, "brand": null, "wheelchair": null }, "geometry": { "type": "MultiPolygon", "coordinates": [ [ [ [ 110.378776, -7.2328247 ], [ 110.3787283, -7.2328945 ], [ 110.3788296, -7.2329628 ], [ 110.3788774, -7.2328931 ], [ 110.378776, -7.2328247 ] ] ] ] } },
{ "type": "Feature", "properties": { "full_id": "w640177354", "osm_id": "640177354", "osm_type": "way", "building": "yes", "name": null, "amenity": null, "brand": null, "wheelchair": null }, "geometry": { "type": "MultiPolygon", "coordinates": [ [ [ [ 110.3785686, -7.232891 ], [ 110.3785008, -7.2330124 ], [ 110.3785683, -7.2330495 ], [ 110.3786361, -7.2329282 ], [ 110.3785686, -7.232891 ] ] ] ] } },
{ "type": "Feature", "properties": { "full_id": "w640177355", "osm_id": "640177355", "osm_type": "way", "building": "yes", "name": null, "amenity": null, "brand": null, "wheelchair": null }, "geometry": { "type": "MultiPolygon", "coordinates": [ [ [ [ 110.378435, -7.2328068 ], [ 110.378402, -7.2328778 ], [ 110.3785269, -7.2329349 ], [ 110.3785599, -7.2328638 ], [ 110.378435, -7.2328068 ] ] ] ] } },
{ "type": "Feature", "properties": { "full_id": "w640177356", "osm_id": "640177356", "osm_type": "way", "building": "yes", "name": null, "amenity": null, "brand": null, "wheelchair": null }, "geometry": { "type": "MultiPolygon", "coordinates": [ [ [ [ 110.3781623, -7.2328905 ], [ 110.3782547, -7.2329277 ], [ 110.3782858, -7.2328518 ], [ 110.3781934, -7.2328146 ], [ 110.3781623, -7.2328905 ] ] ] ] } },
{ "type": "Feature", "properties": { "full_id": "w640177357", "osm_id": "640177357", "osm_type": "way", "building": "yes", "name": null, "amenity": null, "brand": null, "wheelchair": null }, "geometry": { "type": "MultiPolygon", "coordinates": [ [ [ [ 110.378127, -7.232752 ], [ 110.3780827, -7.2328599 ], [ 110.3781623, -7.2328905 ], [ 110.3781934, -7.2328146 ], [ 110.378206, -7.2327839 ], [ 110.378127, -7.232752 ] ] ] ] } },
{ "type": "Feature", "properties": { "full_id": "w640177358", "osm_id": "640177358", "osm_type": "way", "building": "yes", "name": null, "amenity": null, "brand": null, "wheelchair": null }, "geometry": { "type": "MultiPolygon", "coordinates": [ [ [ [ 110.37852, -7.2325821 ], [ 110.3784823, -7.232682 ], [ 110.3785767, -7.2327171 ], [ 110.3786144, -7.2326172 ], [ 110.37852, -7.2325821 ] ] ] ] } },
{ "type": "Feature", "properties": { "full_id": "w640177359", "osm_id": "640177359", "osm_type": "way", "building": "yes", "name": null, "amenity": null, "brand": null, "wheelchair": null }, "geometry": { "type": "MultiPolygon", "coordinates": [ [ [ [ 110.3783835, -7.2325156 ], [ 110.3784737, -7.2325468 ], [ 110.3784378, -7.2326488 ], [ 110.3784177, -7.2326419 ], [ 110.3783476, -7.2326176 ], [ 110.3783835, -7.2325156 ] ] ] ] } },
{ "type": "Feature", "properties": { "full_id": "w640177360", "osm_id": "640177360", "osm_type": "way", "building": "yes", "name": null, "amenity": null, "brand": null, "wheelchair": null }, "geometry": { "type": "MultiPolygon", "coordinates": [ [ [ [ 110.3782428, -7.2327069 ], [ 110.3783772, -7.2327545 ], [ 110.3784177, -7.2326419 ], [ 110.3783476, -7.2326176 ], [ 110.3782836, -7.2325932 ], [ 110.3782428, -7.2327069 ] ] ] ] } },
{ "type": "Feature", "properties": { "full_id": "w640177361", "osm_id": "640177361", "osm_type": "way", "building": "yes", "name": null, "amenity": null, "brand": null, "wheelchair": null }, "geometry": { "type": "MultiPolygon", "coordinates": [ [ [ [ 110.3782836, -7.2325932 ], [ 110.378317, -7.2324916 ], [ 110.3783835, -7.2325156 ], [ 110.3783476, -7.2326176 ], [ 110.3782836, -7.2325932 ] ] ] ] } },
{ "type": "Feature", "properties": { "full_id": "w640177362", "osm_id": "640177362", "osm_type": "way", "building": "yes", "name": null, "amenity": null, "brand": null, "wheelchair": null }, "geometry": { "type": "MultiPolygon", "coordinates": [ [ [ [ 110.3781978, -7.2325579 ], [ 110.378158, -7.2326811 ], [ 110.3782428, -7.2327069 ], [ 110.3782836, -7.2325932 ], [ 110.3781978, -7.2325579 ] ] ] ] } },
{ "type": "Feature", "properties": { "full_id": "w640177363", "osm_id": "640177363", "osm_type": "way", "building": "yes", "name": null, "amenity": null, "brand": null, "wheelchair": null }, "geometry": { "type": "MultiPolygon", "coordinates": [ [ [ [ 110.378083, -7.2324746 ], [ 110.3780298, -7.2325968 ], [ 110.3781145, -7.2326331 ], [ 110.3781677, -7.2325109 ], [ 110.378083, -7.2324746 ] ] ] ] } },
{ "type": "Feature", "properties": { "full_id": "w640177364", "osm_id": "640177364", "osm_type": "way", "building": "yes", "name": null, "amenity": null, "brand": null, "wheelchair": null }, "geometry": { "type": "MultiPolygon", "coordinates": [ [ [ [ 110.377331, -7.2327393 ], [ 110.3773587, -7.2326597 ], [ 110.3774815, -7.2327017 ], [ 110.3774539, -7.2327813 ], [ 110.3773681, -7.232752 ], [ 110.377331, -7.2327393 ] ] ] ] } },
{ "type": "Feature", "properties": { "full_id": "w640177365", "osm_id": "640177365", "osm_type": "way", "building": "yes", "name": null, "amenity": null, "brand": null, "wheelchair": null }, "geometry": { "type": "MultiPolygon", "coordinates": [ [ [ [ 110.3773239, -7.2328644 ], [ 110.3774115, -7.2328983 ], [ 110.3774539, -7.2327813 ], [ 110.3773681, -7.232752 ], [ 110.3773239, -7.2328644 ] ] ] ] } },
{ "type": "Feature", "properties": { "full_id": "w640177366", "osm_id": "640177366", "osm_type": "way", "building": "yes", "name": null, "amenity": null, "brand": null, "wheelchair": null }, "geometry": { "type": "MultiPolygon", "coordinates": [ [ [ [ 110.3772701, -7.2327138 ], [ 110.3772277, -7.2328277 ], [ 110.3773239, -7.2328644 ], [ 110.3773681, -7.232752 ], [ 110.377331, -7.2327393 ], [ 110.3772701, -7.2327138 ] ] ] ] } },
{ "type": "Feature", "properties": { "full_id": "w640177367", "osm_id": "640177367", "osm_type": "way", "building": "yes", "name": null, "amenity": null, "brand": null, "wheelchair": null }, "geometry": { "type": "MultiPolygon", "coordinates": [ [ [ [ 110.3768029, -7.232627 ], [ 110.376755, -7.2327092 ], [ 110.3768344, -7.2327548 ], [ 110.3768823, -7.2326726 ], [ 110.3768029, -7.232627 ] ] ] ] } },
{ "type": "Feature", "properties": { "full_id": "w640177368", "osm_id": "640177368", "osm_type": "way", "building": "yes", "name": null, "amenity": null, "brand": null, "wheelchair": null }, "geometry": { "type": "MultiPolygon", "coordinates": [ [ [ [ 110.3769698, -7.2324666 ], [ 110.3770169, -7.2323746 ], [ 110.3770945, -7.2324137 ], [ 110.3770474, -7.2325057 ], [ 110.3769698, -7.2324666 ] ] ] ] } },
{ "type": "Feature", "properties": { "full_id": "w640177369", "osm_id": "640177369", "osm_type": "way", "building": "yes", "name": null, "amenity": null, "brand": null, "wheelchair": null }, "geometry": { "type": "MultiPolygon", "coordinates": [ [ [ [ 110.3769698, -7.2324666 ], [ 110.3769179, -7.2325535 ], [ 110.3769954, -7.2325971 ], [ 110.3770474, -7.2325057 ], [ 110.3769698, -7.2324666 ] ] ] ] } },
{ "type": "Feature", "properties": { "full_id": "w640177370", "osm_id": "640177370", "osm_type": "way", "building": "yes", "name": null, "amenity": null, "brand": null, "wheelchair": null }, "geometry": { "type": "MultiPolygon", "coordinates": [ [ [ [ 110.3769341, -7.2322764 ], [ 110.3768908, -7.2323627 ], [ 110.376956, -7.2323949 ], [ 110.3769993, -7.2323086 ], [ 110.3769341, -7.2322764 ] ] ] ] } },
{ "type": "Feature", "properties": { "full_id": "w640177371", "osm_id": "640177371", "osm_type": "way", "building": "yes", "name": null, "amenity": null, "brand": null, "wheelchair": null }, "geometry": { "type": "MultiPolygon", "coordinates": [ [ [ [ 110.3770073, -7.2321535 ], [ 110.3769857, -7.2322068 ], [ 110.3771095, -7.232256 ], [ 110.3771311, -7.2322027 ], [ 110.3770618, -7.2321751 ], [ 110.3770073, -7.2321535 ] ] ] ] } },
{ "type": "Feature", "properties": { "full_id": "w640177372", "osm_id": "640177372", "osm_type": "way", "building": "yes", "name": null, "amenity": null, "brand": null, "wheelchair": null }, "geometry": { "type": "MultiPolygon", "coordinates": [ [ [ [ 110.3770359, -7.2320226 ], [ 110.3771106, -7.2320516 ], [ 110.3770618, -7.2321751 ], [ 110.3770073, -7.2321535 ], [ 110.3769874, -7.2321454 ], [ 110.3770359, -7.2320226 ] ] ] ] } },
{ "type": "Feature", "properties": { "full_id": "w640177373", "osm_id": "640177373", "osm_type": "way", "building": "yes", "name": null, "amenity": null, "brand": null, "wheelchair": null }, "geometry": { "type": "MultiPolygon", "coordinates": [ [ [ [ 110.3771044, -7.2318412 ], [ 110.3770763, -7.2319222 ], [ 110.3771112, -7.2319341 ], [ 110.3770966, -7.2319761 ], [ 110.3771534, -7.2319954 ], [ 110.377196, -7.2318724 ], [ 110.3771044, -7.2318412 ] ] ] ] } },
{ "type": "Feature", "properties": { "full_id": "w640177374", "osm_id": "640177374", "osm_type": "way", "building": "yes", "name": null, "amenity": null, "brand": null, "wheelchair": null }, "geometry": { "type": "MultiPolygon", "coordinates": [ [ [ [ 110.3769922, -7.2331321 ], [ 110.3769579, -7.233209 ], [ 110.3770562, -7.2332521 ], [ 110.3770905, -7.2331753 ], [ 110.3769922, -7.2331321 ] ] ] ] } },
{ "type": "Feature", "properties": { "full_id": "w640177375", "osm_id": "640177375", "osm_type": "way", "building": "yes", "name": null, "amenity": null, "brand": null, "wheelchair": null }, "geometry": { "type": "MultiPolygon", "coordinates": [ [ [ [ 110.3769035, -7.2332317 ], [ 110.3769838, -7.2332665 ], [ 110.3769169, -7.2334188 ], [ 110.3768365, -7.2333841 ], [ 110.3768727, -7.2333018 ], [ 110.376884, -7.2332759 ], [ 110.3769035, -7.2332317 ] ] ] ] } },
{ "type": "Feature", "properties": { "full_id": "w640177376", "osm_id": "640177376", "osm_type": "way", "building": "yes", "name": null, "amenity": null, "brand": null, "wheelchair": null }, "geometry": { "type": "MultiPolygon", "coordinates": [ [ [ [ 110.376783, -7.23314 ], [ 110.3767488, -7.2332169 ], [ 110.376884, -7.2332759 ], [ 110.3769035, -7.2332317 ], [ 110.3769187, -7.2331993 ], [ 110.376783, -7.23314 ] ] ] ] } },
{ "type": "Feature", "properties": { "full_id": "w640177377", "osm_id": "640177377", "osm_type": "way", "building": "yes", "name": null, "amenity": null, "brand": null, "wheelchair": null }, "geometry": { "type": "MultiPolygon", "coordinates": [ [ [ [ 110.3767353, -7.2332516 ], [ 110.3767014, -7.2333432 ], [ 110.3768357, -7.2333921 ], [ 110.3768365, -7.2333841 ], [ 110.3768727, -7.2333018 ], [ 110.3767353, -7.2332516 ] ] ] ] } },
{ "type": "Feature", "properties": { "full_id": "w640177378", "osm_id": "640177378", "osm_type": "way", "building": "yes", "name": null, "amenity": null, "brand": null, "wheelchair": null }, "geometry": { "type": "MultiPolygon", "coordinates": [ [ [ [ 110.3766415, -7.2331456 ], [ 110.376602, -7.2332392 ], [ 110.3766666, -7.2332659 ], [ 110.376706, -7.2331723 ], [ 110.3766415, -7.2331456 ] ] ] ] } },
{ "type": "Feature", "properties": { "full_id": "w640177379", "osm_id": "640177379", "osm_type": "way", "building": "yes", "name": null, "amenity": null, "brand": null, "wheelchair": null }, "geometry": { "type": "MultiPolygon", "coordinates": [ [ [ [ 110.3764663, -7.2331634 ], [ 110.3764355, -7.233246 ], [ 110.3765012, -7.23327 ], [ 110.3765319, -7.2331875 ], [ 110.3764663, -7.2331634 ] ] ] ] } },
{ "type": "Feature", "properties": { "full_id": "w640177380", "osm_id": "640177380", "osm_type": "way", "building": "yes", "name": null, "amenity": null, "brand": null, "wheelchair": null }, "geometry": { "type": "MultiPolygon", "coordinates": [ [ [ [ 110.376995, -7.2329549 ], [ 110.3771438, -7.2330027 ], [ 110.377118, -7.2330818 ], [ 110.3769692, -7.233034 ], [ 110.376995, -7.2329549 ] ] ] ] } },
{ "type": "Feature", "properties": { "full_id": "w640177381", "osm_id": "640177381", "osm_type": "way", "building": "yes", "name": null, "amenity": null, "brand": null, "wheelchair": null }, "geometry": { "type": "MultiPolygon", "coordinates": [ [ [ [ 110.376924, -7.2328437 ], [ 110.3768738, -7.2330023 ], [ 110.3769692, -7.233034 ], [ 110.376995, -7.2329549 ], [ 110.3770203, -7.2328737 ], [ 110.376924, -7.2328437 ] ] ] ] } },
{ "type": "Feature", "properties": { "full_id": "w640177382", "osm_id": "640177382", "osm_type": "way", "building": "yes", "name": null, "amenity": null, "brand": null, "wheelchair": null }, "geometry": { "type": "MultiPolygon", "coordinates": [ [ [ [ 110.3767181, -7.2329413 ], [ 110.3766728, -7.23307 ], [ 110.3767429, -7.2330943 ], [ 110.3767882, -7.2329656 ], [ 110.3767181, -7.2329413 ] ] ] ] } },
{ "type": "Feature", "properties": { "full_id": "w640177383", "osm_id": "640177383", "osm_type": "way", "building": "yes", "name": null, "amenity": null, "brand": null, "wheelchair": null }, "geometry": { "type": "MultiPolygon", "coordinates": [ [ [ [ 110.376588, -7.2326288 ], [ 110.3766416, -7.232656 ], [ 110.3766728, -7.2325954 ], [ 110.3766193, -7.2325682 ], [ 110.3766061, -7.2325937 ], [ 110.376588, -7.2326288 ] ] ] ] } },
{ "type": "Feature", "properties": { "full_id": "w640177384", "osm_id": "640177384", "osm_type": "way", "building": "yes", "name": null, "amenity": null, "brand": null, "wheelchair": null }, "geometry": { "type": "MultiPolygon", "coordinates": [ [ [ [ 110.3767391, -7.2327242 ], [ 110.376663, -7.2328355 ], [ 110.3767305, -7.232881 ], [ 110.3768067, -7.2327698 ], [ 110.3767391, -7.2327242 ] ] ] ] } },
{ "type": "Feature", "properties": { "full_id": "w640177385", "osm_id": "640177385", "osm_type": "way", "building": "yes", "name": null, "amenity": null, "brand": null, "wheelchair": null }, "geometry": { "type": "MultiPolygon", "coordinates": [ [ [ [ 110.3765189, -7.2328769 ], [ 110.3764853, -7.2329852 ], [ 110.3766396, -7.2330324 ], [ 110.3766732, -7.232924 ], [ 110.3765189, -7.2328769 ] ] ] ] } },
{ "type": "Feature", "properties": { "full_id": "w640177386", "osm_id": "640177386", "osm_type": "way", "building": "yes", "name": null, "amenity": null, "brand": null, "wheelchair": null }, "geometry": { "type": "MultiPolygon", "coordinates": [ [ [ [ 110.3764848, -7.2327123 ], [ 110.3764343, -7.2328326 ], [ 110.3765061, -7.2328623 ], [ 110.3765566, -7.232742 ], [ 110.3764848, -7.2327123 ] ] ] ] } },
{ "type": "Feature", "properties": { "full_id": "w640177387", "osm_id": "640177387", "osm_type": "way", "building": "yes", "name": null, "amenity": null, "brand": null, "wheelchair": null }, "geometry": { "type": "MultiPolygon", "coordinates": [ [ [ [ 110.3765367, -7.2325683 ], [ 110.3764973, -7.2326756 ], [ 110.3765642, -7.2326997 ], [ 110.376588, -7.2326288 ], [ 110.3766061, -7.2325937 ], [ 110.3765367, -7.2325683 ] ] ] ] } },
{ "type": "Feature", "properties": { "full_id": "w640177388", "osm_id": "640177388", "osm_type": "way", "building": "yes", "name": null, "amenity": null, "brand": null, "wheelchair": null }, "geometry": { "type": "MultiPolygon", "coordinates": [ [ [ [ 110.3765941, -7.2323882 ], [ 110.3765645, -7.2324568 ], [ 110.376655, -7.2324953 ], [ 110.3766846, -7.2324267 ], [ 110.3765941, -7.2323882 ] ] ] ] } },
{ "type": "Feature", "properties": { "full_id": "w640177389", "osm_id": "640177389", "osm_type": "way", "building": "yes", "name": null, "amenity": null, "brand": null, "wheelchair": null }, "geometry": { "type": "MultiPolygon", "coordinates": [ [ [ [ 110.3764044, -7.2326526 ], [ 110.3763425, -7.2327931 ], [ 110.3764155, -7.2328247 ], [ 110.3764774, -7.2326842 ], [ 110.3764044, -7.2326526 ] ] ] ] } },
{ "type": "Feature", "properties": { "full_id": "w640177390", "osm_id": "640177390", "osm_type": "way", "building": "yes", "name": null, "amenity": null, "brand": null, "wheelchair": null }, "geometry": { "type": "MultiPolygon", "coordinates": [ [ [ [ 110.3762202, -7.2329625 ], [ 110.3761902, -7.2330405 ], [ 110.376363, -7.2331059 ], [ 110.3764004, -7.2330087 ], [ 110.3763339, -7.2329835 ], [ 110.3763265, -7.2330027 ], [ 110.3762202, -7.2329625 ] ] ] ] } },
{ "type": "Feature", "properties": { "full_id": "w640177391", "osm_id": "640177391", "osm_type": "way", "building": "yes", "name": null, "amenity": null, "brand": null, "wheelchair": null }, "geometry": { "type": "MultiPolygon", "coordinates": [ [ [ [ 110.3763765, -7.232902 ], [ 110.3763339, -7.2329835 ], [ 110.3764004, -7.2330087 ], [ 110.3764213, -7.2330232 ], [ 110.3764612, -7.2329442 ], [ 110.3763765, -7.232902 ] ] ] ] } },
{ "type": "Feature", "properties": { "full_id": "w640177392", "osm_id": "640177392", "osm_type": "way", "building": "yes", "name": null, "amenity": null, "brand": null, "wheelchair": null }, "geometry": { "type": "MultiPolygon", "coordinates": [ [ [ [ 110.3762935, -7.2328538 ], [ 110.3763647, -7.2328874 ], [ 110.3763271, -7.2329658 ], [ 110.3762559, -7.2329322 ], [ 110.3762935, -7.2328538 ] ] ] ] } },
{ "type": "Feature", "properties": { "full_id": "w640177393", "osm_id": "640177393", "osm_type": "way", "building": "yes", "name": null, "amenity": null, "brand": null, "wheelchair": null }, "geometry": { "type": "MultiPolygon", "coordinates": [ [ [ [ 110.3761341, -7.2327706 ], [ 110.3760826, -7.2328664 ], [ 110.3762433, -7.2329513 ], [ 110.3762559, -7.2329322 ], [ 110.3762935, -7.2328538 ], [ 110.3763224, -7.2328041 ], [ 110.3762215, -7.2327508 ], [ 110.3761939, -7.2328023 ], [ 110.3761341, -7.2327706 ] ] ] ] } },
{ "type": "Feature", "properties": { "full_id": "w640177394", "osm_id": "640177394", "osm_type": "way", "building": "yes", "name": null, "amenity": null, "brand": null, "wheelchair": null }, "geometry": { "type": "MultiPolygon", "coordinates": [ [ [ [ 110.3762694, -7.2326571 ], [ 110.3762415, -7.2327242 ], [ 110.3763189, -7.2327558 ], [ 110.3763468, -7.2326887 ], [ 110.3763275, -7.2326809 ], [ 110.3762694, -7.2326571 ] ] ] ] } },
{ "type": "Feature", "properties": { "full_id": "w640177395", "osm_id": "640177395", "osm_type": "way", "building": "yes", "name": null, "amenity": null, "brand": null, "wheelchair": null }, "geometry": { "type": "MultiPolygon", "coordinates": [ [ [ [ 110.3762462, -7.2325518 ], [ 110.3762132, -7.2326332 ], [ 110.3762694, -7.2326571 ], [ 110.3763275, -7.2326809 ], [ 110.3763613, -7.2325976 ], [ 110.3762462, -7.2325518 ] ] ] ] } },
{ "type": "Feature", "properties": { "full_id": "w640177396", "osm_id": "640177396", "osm_type": "way", "building": "yes", "name": null, "amenity": null, "brand": null, "wheelchair": null }, "geometry": { "type": "MultiPolygon", "coordinates": [ [ [ [ 110.3764233, -7.232526 ], [ 110.376387, -7.2326176 ], [ 110.376415, -7.2326285 ], [ 110.3764044, -7.2326526 ], [ 110.3764774, -7.2326842 ], [ 110.3765232, -7.2325649 ], [ 110.3764233, -7.232526 ] ] ] ] } },
{ "type": "Feature", "properties": { "full_id": "w640177397", "osm_id": "640177397", "osm_type": "way", "building": "yes", "name": null, "amenity": null, "brand": null, "wheelchair": null }, "geometry": { "type": "MultiPolygon", "coordinates": [ [ [ [ 110.3764775, -7.232357 ], [ 110.3765742, -7.2323873 ], [ 110.3765265, -7.2325371 ], [ 110.3764298, -7.2325068 ], [ 110.3764775, -7.232357 ] ] ] ] } },
{ "type": "Feature", "properties": { "full_id": "w640177398", "osm_id": "640177398", "osm_type": "way", "building": "yes", "name": null, "amenity": null, "brand": null, "wheelchair": null }, "geometry": { "type": "MultiPolygon", "coordinates": [ [ [ [ 110.3763506, -7.2324825 ], [ 110.3764094, -7.2325079 ], [ 110.3764546, -7.2324047 ], [ 110.3763957, -7.2323793 ], [ 110.3763506, -7.2324825 ] ] ] ] } },
{ "type": "Feature", "properties": { "full_id": "w640177399", "osm_id": "640177399", "osm_type": "way", "building": "yes", "name": null, "amenity": null, "brand": null, "wheelchair": null }, "geometry": { "type": "MultiPolygon", "coordinates": [ [ [ [ 110.3762854, -7.2324499 ], [ 110.3763506, -7.2324825 ], [ 110.3763957, -7.2323793 ], [ 110.3763321, -7.23235 ], [ 110.3762854, -7.2324499 ] ] ] ] } },
{ "type": "Feature", "properties": { "full_id": "w640177400", "osm_id": "640177400", "osm_type": "way", "building": "yes", "name": null, "amenity": null, "brand": null, "wheelchair": null }, "geometry": { "type": "MultiPolygon", "coordinates": [ [ [ [ 110.3762684, -7.2323237 ], [ 110.3762259, -7.232423 ], [ 110.3762854, -7.2324499 ], [ 110.3763321, -7.23235 ], [ 110.3762684, -7.2323237 ] ] ] ] } },
{ "type": "Feature", "properties": { "full_id": "w640177401", "osm_id": "640177401", "osm_type": "way", "building": "yes", "name": null, "amenity": null, "brand": null, "wheelchair": null }, "geometry": { "type": "MultiPolygon", "coordinates": [ [ [ [ 110.3762949, -7.2322596 ], [ 110.3762684, -7.2323237 ], [ 110.3763321, -7.23235 ], [ 110.3763957, -7.2323793 ], [ 110.3764546, -7.2324047 ], [ 110.3764775, -7.232357 ], [ 110.376479, -7.2323402 ], [ 110.376373, -7.2322938 ], [ 110.3762949, -7.2322596 ] ] ] ] } },
{ "type": "Feature", "properties": { "full_id": "w640177402", "osm_id": "640177402", "osm_type": "way", "building": "yes", "name": null, "amenity": null, "brand": null, "wheelchair": null }, "geometry": { "type": "MultiPolygon", "coordinates": [ [ [ [ 110.3763273, -7.2321732 ], [ 110.3763005, -7.232237 ], [ 110.3763556, -7.2322611 ], [ 110.3763818, -7.232194 ], [ 110.3763273, -7.2321732 ] ] ] ] } },
{ "type": "Feature", "properties": { "full_id": "w640177403", "osm_id": "640177403", "osm_type": "way", "building": "yes", "name": null, "amenity": null, "brand": null, "wheelchair": null }, "geometry": { "type": "MultiPolygon", "coordinates": [ [ [ [ 110.3765703, -7.232229 ], [ 110.3764947, -7.2322041 ], [ 110.376463, -7.2322988 ], [ 110.3765387, -7.2323237 ], [ 110.3765703, -7.232229 ] ] ] ] } },
{ "type": "Feature", "properties": { "full_id": "w640177404", "osm_id": "640177404", "osm_type": "way", "building": "yes", "name": null, "amenity": null, "brand": null, "wheelchair": null }, "geometry": { "type": "MultiPolygon", "coordinates": [ [ [ [ 110.3765703, -7.232229 ], [ 110.3765387, -7.2323237 ], [ 110.3765347, -7.2323359 ], [ 110.3766175, -7.2323629 ], [ 110.3766527, -7.2322568 ], [ 110.3765703, -7.232229 ] ] ] ] } },
{ "type": "Feature", "properties": { "full_id": "w640177405", "osm_id": "640177405", "osm_type": "way", "building": "yes", "name": null, "amenity": null, "brand": null, "wheelchair": null }, "geometry": { "type": "MultiPolygon", "coordinates": [ [ [ [ 110.3767028, -7.2322239 ], [ 110.3766467, -7.2323581 ], [ 110.37672, -7.2323882 ], [ 110.3767761, -7.232254 ], [ 110.3767028, -7.2322239 ] ] ] ] } },
{ "type": "Feature", "properties": { "full_id": "w640177406", "osm_id": "640177406", "osm_type": "way", "building": "yes", "name": null, "amenity": null, "brand": null, "wheelchair": null }, "geometry": { "type": "MultiPolygon", "coordinates": [ [ [ [ 110.3765303, -7.2320928 ], [ 110.3764971, -7.2321834 ], [ 110.3766215, -7.2322282 ], [ 110.3766546, -7.2321375 ], [ 110.3765819, -7.2321114 ], [ 110.3765303, -7.2320928 ] ] ] ] } },
{ "type": "Feature", "properties": { "full_id": "w640177407", "osm_id": "640177407", "osm_type": "way", "building": "yes", "name": null, "amenity": null, "brand": null, "wheelchair": null }, "geometry": { "type": "MultiPolygon", "coordinates": [ [ [ [ 110.3767116, -7.2319656 ], [ 110.3767807, -7.2319867 ], [ 110.3767514, -7.232081 ], [ 110.3766823, -7.23206 ], [ 110.3767116, -7.2319656 ] ] ] ] } },
{ "type": "Feature", "properties": { "full_id": "w640177408", "osm_id": "640177408", "osm_type": "way", "building": "yes", "name": null, "amenity": null, "brand": null, "wheelchair": null }, "geometry": { "type": "MultiPolygon", "coordinates": [ [ [ [ 110.3766198, -7.2319986 ], [ 110.376639, -7.2319418 ], [ 110.3767116, -7.2319656 ], [ 110.3766823, -7.23206 ], [ 110.3766546, -7.2321375 ], [ 110.3765819, -7.2321114 ], [ 110.3766198, -7.2319986 ] ] ] ] } },
{ "type": "Feature", "properties": { "full_id": "w640177409", "osm_id": "640177409", "osm_type": "way", "building": "yes", "name": null, "amenity": null, "brand": null, "wheelchair": null }, "geometry": { "type": "MultiPolygon", "coordinates": [ [ [ [ 110.3765218, -7.2319621 ], [ 110.3766198, -7.2319986 ], [ 110.3765819, -7.2321114 ], [ 110.3765303, -7.2320928 ], [ 110.3764788, -7.2320756 ], [ 110.3765151, -7.2319798 ], [ 110.3765218, -7.2319621 ] ] ] ] } },
{ "type": "Feature", "properties": { "full_id": "w640177410", "osm_id": "640177410", "osm_type": "way", "building": "yes", "name": null, "amenity": null, "brand": null, "wheelchair": null }, "geometry": { "type": "MultiPolygon", "coordinates": [ [ [ [ 110.376407, -7.2320502 ], [ 110.3764788, -7.2320756 ], [ 110.3765151, -7.2319798 ], [ 110.3764392, -7.2319547 ], [ 110.376407, -7.2320502 ] ] ] ] } },
{ "type": "Feature", "properties": { "full_id": "w640177411", "osm_id": "640177411", "osm_type": "way", "building": "yes", "name": null, "amenity": null, "brand": null, "wheelchair": null }, "geometry": { "type": "MultiPolygon", "coordinates": [ [ [ [ 110.3763645, -7.2319315 ], [ 110.3763329, -7.2320266 ], [ 110.376407, -7.2320502 ], [ 110.3764392, -7.2319547 ], [ 110.3763645, -7.2319315 ] ] ] ] } },
{ "type": "Feature", "properties": { "full_id": "w640177412", "osm_id": "640177412", "osm_type": "way", "building": "yes", "name": null, "amenity": null, "brand": null, "wheelchair": null }, "geometry": { "type": "MultiPolygon", "coordinates": [ [ [ [ 110.3764392, -7.2319547 ], [ 110.3765151, -7.2319798 ], [ 110.3765218, -7.2319621 ], [ 110.3765534, -7.23186 ], [ 110.3764744, -7.2318358 ], [ 110.3764392, -7.2319547 ] ] ] ] } },
{ "type": "Feature", "properties": { "full_id": "w640177413", "osm_id": "640177413", "osm_type": "way", "building": "yes", "name": null, "amenity": null, "brand": null, "wheelchair": null }, "geometry": { "type": "MultiPolygon", "coordinates": [ [ [ [ 110.3764007, -7.2318144 ], [ 110.3763645, -7.2319315 ], [ 110.3764392, -7.2319547 ], [ 110.3764744, -7.2318358 ], [ 110.3764007, -7.2318144 ] ] ] ] } },
{ "type": "Feature", "properties": { "full_id": "w640177414", "osm_id": "640177414", "osm_type": "way", "building": "yes", "name": null, "amenity": null, "brand": null, "wheelchair": null }, "geometry": { "type": "MultiPolygon", "coordinates": [ [ [ [ 110.3761823, -7.2319191 ], [ 110.3761991, -7.2318096 ], [ 110.3763076, -7.231826 ], [ 110.3762908, -7.2319355 ], [ 110.3761823, -7.2319191 ] ] ] ] } },
{ "type": "Feature", "properties": { "full_id": "w640177415", "osm_id": "640177415", "osm_type": "way", "building": "yes", "name": null, "amenity": null, "brand": null, "wheelchair": null }, "geometry": { "type": "MultiPolygon", "coordinates": [ [ [ [ 110.3761823, -7.2319191 ], [ 110.3761655, -7.2320345 ], [ 110.376271, -7.2320512 ], [ 110.3762908, -7.2319355 ], [ 110.3761823, -7.2319191 ] ] ] ] } },
{ "type": "Feature", "properties": { "full_id": "w640177416", "osm_id": "640177416", "osm_type": "way", "building": "yes", "name": null, "amenity": null, "brand": null, "wheelchair": null }, "geometry": { "type": "MultiPolygon", "coordinates": [ [ [ [ 110.3759726, -7.2319391 ], [ 110.3761178, -7.2319841 ], [ 110.376156, -7.2318626 ], [ 110.3760473, -7.2318289 ], [ 110.3760416, -7.2318471 ], [ 110.3760051, -7.2318358 ], [ 110.3759726, -7.2319391 ] ] ] ] } },
{ "type": "Feature", "properties": { "full_id": "w640177418", "osm_id": "640177418", "osm_type": "way", "building": "yes", "name": null, "amenity": null, "brand": null, "wheelchair": null }, "geometry": { "type": "MultiPolygon", "coordinates": [ [ [ [ 110.3761859, -7.2320649 ], [ 110.3761468, -7.2321463 ], [ 110.3762391, -7.23219 ], [ 110.3762782, -7.2321086 ], [ 110.3761859, -7.2320649 ] ] ] ] } },
{ "type": "Feature", "properties": { "full_id": "w640177419", "osm_id": "640177419", "osm_type": "way", "building": "yes", "name": null, "amenity": null, "brand": null, "wheelchair": null }, "geometry": { "type": "MultiPolygon", "coordinates": [ [ [ [ 110.3760373, -7.2321242 ], [ 110.3759878, -7.232221 ], [ 110.3760886, -7.2322717 ], [ 110.3761381, -7.2321749 ], [ 110.3760373, -7.2321242 ] ] ] ] } },
{ "type": "Feature", "properties": { "full_id": "w640177420", "osm_id": "640177420", "osm_type": "way", "building": "yes", "name": null, "amenity": null, "brand": null, "wheelchair": null }, "geometry": { "type": "MultiPolygon", "coordinates": [ [ [ [ 110.3760094, -7.2324106 ], [ 110.3760893, -7.2324604 ], [ 110.3761452, -7.2323721 ], [ 110.3760652, -7.2323223 ], [ 110.3760094, -7.2324106 ] ] ] ] } },
{ "type": "Feature", "properties": { "full_id": "w640177421", "osm_id": "640177421", "osm_type": "way", "building": "yes", "name": null, "amenity": null, "brand": null, "wheelchair": null }, "geometry": { "type": "MultiPolygon", "coordinates": [ [ [ [ 110.3759459, -7.2323693 ], [ 110.3760094, -7.2324106 ], [ 110.3760652, -7.2323223 ], [ 110.3760018, -7.2322806 ], [ 110.3759459, -7.2323693 ] ] ] ] } },
{ "type": "Feature", "properties": { "full_id": "w640177422", "osm_id": "640177422", "osm_type": "way", "building": "yes", "name": null, "amenity": null, "brand": null, "wheelchair": null }, "geometry": { "type": "MultiPolygon", "coordinates": [ [ [ [ 110.3759418, -7.2322472 ], [ 110.3758893, -7.2323346 ], [ 110.3759459, -7.2323693 ], [ 110.3760018, -7.2322806 ], [ 110.3759418, -7.2322472 ] ] ] ] } },
{ "type": "Feature", "properties": { "full_id": "w640177423", "osm_id": "640177423", "osm_type": "way", "building": "yes", "name": null, "amenity": null, "brand": null, "wheelchair": null }, "geometry": { "type": "MultiPolygon", "coordinates": [ [ [ [ 110.3758028, -7.2324711 ], [ 110.3757313, -7.2325479 ], [ 110.3758845, -7.2326885 ], [ 110.3759561, -7.2326117 ], [ 110.3758028, -7.2324711 ] ] ] ] } },
{ "type": "Feature", "properties": { "full_id": "w640177424", "osm_id": "640177424", "osm_type": "way", "building": "yes", "name": null, "amenity": null, "brand": null, "wheelchair": null }, "geometry": { "type": "MultiPolygon", "coordinates": [ [ [ [ 110.3758982, -7.2325292 ], [ 110.375956, -7.2325786 ], [ 110.3760396, -7.2324824 ], [ 110.3759819, -7.232433 ], [ 110.3758982, -7.2325292 ] ] ] ] } },
{ "type": "Feature", "properties": { "full_id": "w640177425", "osm_id": "640177425", "osm_type": "way", "building": "yes", "name": null, "amenity": null, "brand": null, "wheelchair": null }, "geometry": { "type": "MultiPolygon", "coordinates": [ [ [ [ 110.3759124, -7.2323776 ], [ 110.3758546, -7.2324495 ], [ 110.3758339, -7.2324752 ], [ 110.3758982, -7.2325292 ], [ 110.3759819, -7.232433 ], [ 110.3759124, -7.2323776 ] ] ] ] } },
{ "type": "Feature", "properties": { "full_id": "w640177426", "osm_id": "640177426", "osm_type": "way", "building": "yes", "name": null, "amenity": null, "brand": null, "wheelchair": null }, "geometry": { "type": "MultiPolygon", "coordinates": [ [ [ [ 110.3758227, -7.232331 ], [ 110.3757846, -7.2324186 ], [ 110.3758546, -7.2324495 ], [ 110.37589, -7.2323598 ], [ 110.3758227, -7.232331 ] ] ] ] } },
{ "type": "Feature", "properties": { "full_id": "w640177427", "osm_id": "640177427", "osm_type": "way", "building": "yes", "name": null, "amenity": null, "brand": null, "wheelchair": null }, "geometry": { "type": "MultiPolygon", "coordinates": [ [ [ [ 110.3756985, -7.2322553 ], [ 110.3756507, -7.2323574 ], [ 110.3757585, -7.2324071 ], [ 110.3757873, -7.2323457 ], [ 110.375746, -7.2323267 ], [ 110.375765, -7.232286 ], [ 110.3757183, -7.2322645 ], [ 110.3756985, -7.2322553 ] ] ] ] } },
{ "type": "Feature", "properties": { "full_id": "w640177428", "osm_id": "640177428", "osm_type": "way", "building": "yes", "name": null, "amenity": null, "brand": null, "wheelchair": null }, "geometry": { "type": "MultiPolygon", "coordinates": [ [ [ [ 110.3757776, -7.2320326 ], [ 110.3758113, -7.2319531 ], [ 110.3758976, -7.2319891 ], [ 110.3758639, -7.2320686 ], [ 110.3757776, -7.2320326 ] ] ] ] } },
{ "type": "Feature", "properties": { "full_id": "w640177429", "osm_id": "640177429", "osm_type": "way", "building": "yes", "name": null, "amenity": null, "brand": null, "wheelchair": null }, "geometry": { "type": "MultiPolygon", "coordinates": [ [ [ [ 110.3757686, -7.2320515 ], [ 110.3757776, -7.2320326 ], [ 110.3758639, -7.2320686 ], [ 110.3758257, -7.232167 ], [ 110.3757372, -7.2321336 ], [ 110.3757686, -7.2320515 ] ] ] ] } },
{ "type": "Feature", "properties": { "full_id": "w640177430", "osm_id": "640177430", "osm_type": "way", "building": "yes", "name": null, "amenity": null, "brand": null, "wheelchair": null }, "geometry": { "type": "MultiPolygon", "coordinates": [ [ [ [ 110.3756913, -7.23202 ], [ 110.3756524, -7.232114 ], [ 110.3757306, -7.2321459 ], [ 110.3757372, -7.2321336 ], [ 110.3757686, -7.2320515 ], [ 110.3756913, -7.23202 ] ] ] ] } },
{ "type": "Feature", "properties": { "full_id": "w640177431", "osm_id": "640177431", "osm_type": "way", "building": "yes", "name": null, "amenity": null, "brand": null, "wheelchair": null }, "geometry": { "type": "MultiPolygon", "coordinates": [ [ [ [ 110.3755785, -7.2320863 ], [ 110.3754993, -7.2321588 ], [ 110.375616, -7.2322844 ], [ 110.3756952, -7.2322119 ], [ 110.3755785, -7.2320863 ] ] ] ] } },
{ "type": "Feature", "properties": { "full_id": "w640177432", "osm_id": "640177432", "osm_type": "way", "building": "yes", "name": null, "amenity": null, "brand": null, "wheelchair": null }, "geometry": { "type": "MultiPolygon", "coordinates": [ [ [ [ 110.3753887, -7.23194 ], [ 110.3753194, -7.2320093 ], [ 110.3753539, -7.2320433 ], [ 110.3753751, -7.2320221 ], [ 110.375453, -7.2320988 ], [ 110.3755011, -7.2320507 ], [ 110.3753887, -7.23194 ] ] ] ] } },
{ "type": "Feature", "properties": { "full_id": "w640177433", "osm_id": "640177433", "osm_type": "way", "building": "yes", "name": null, "amenity": null, "brand": null, "wheelchair": null }, "geometry": { "type": "MultiPolygon", "coordinates": [ [ [ [ 110.3754298, -7.2318191 ], [ 110.3753887, -7.23194 ], [ 110.3755153, -7.2319894 ], [ 110.3755604, -7.2318662 ], [ 110.3754298, -7.2318191 ] ] ] ] } },
{ "type": "Feature", "properties": { "full_id": "w640177434", "osm_id": "640177434", "osm_type": "way", "building": "yes", "name": null, "amenity": null, "brand": null, "wheelchair": null }, "geometry": { "type": "MultiPolygon", "coordinates": [ [ [ [ 110.3751308, -7.2319451 ], [ 110.3750686, -7.2319837 ], [ 110.3751303, -7.2320816 ], [ 110.3751925, -7.232043 ], [ 110.3751308, -7.2319451 ] ] ] ] } },
{ "type": "Feature", "properties": { "full_id": "w640180031", "osm_id": "640180031", "osm_type": "way", "building": "yes", "name": null, "amenity": null, "brand": null, "wheelchair": null }, "geometry": { "type": "MultiPolygon", "coordinates": [ [ [ [ 110.3763661, -7.2356955 ], [ 110.3763964, -7.2359219 ], [ 110.3764618, -7.2359133 ], [ 110.3764316, -7.2356869 ], [ 110.3763661, -7.2356955 ] ] ] ] } },
{ "type": "Feature", "properties": { "full_id": "w1079487511", "osm_id": "1079487511", "osm_type": "way", "building": "yes", "name": null, "amenity": null, "brand": null, "wheelchair": null }, "geometry": { "type": "MultiPolygon", "coordinates": [ [ [ [ 110.3729787, -7.2238983 ], [ 110.3730082, -7.2238354 ], [ 110.3731007, -7.223878 ], [ 110.3730713, -7.2239409 ], [ 110.3729787, -7.2238983 ] ] ] ] } },
{ "type": "Feature", "properties": { "full_id": "w1079494620", "osm_id": "1079494620", "osm_type": "way", "building": "yes", "name": null, "amenity": null, "brand": null, "wheelchair": null }, "geometry": { "type": "MultiPolygon", "coordinates": [ [ [ [ 110.3742219, -7.2241724 ], [ 110.3742072, -7.2243041 ], [ 110.3741095, -7.2242933 ], [ 110.3741242, -7.2241616 ], [ 110.3742219, -7.2241724 ] ] ] ] } },
{ "type": "Feature", "properties": { "full_id": "w1079494621", "osm_id": "1079494621", "osm_type": "way", "building": "yes", "name": null, "amenity": null, "brand": null, "wheelchair": null }, "geometry": { "type": "MultiPolygon", "coordinates": [ [ [ [ 110.3733797, -7.2247604 ], [ 110.3734021, -7.2246938 ], [ 110.3735362, -7.224739 ], [ 110.3735138, -7.2248057 ], [ 110.3733797, -7.2247604 ] ] ] ] } },
{ "type": "Feature", "properties": { "full_id": "w1079494622", "osm_id": "1079494622", "osm_type": "way", "building": "yes", "name": null, "amenity": null, "brand": null, "wheelchair": null }, "geometry": { "type": "MultiPolygon", "coordinates": [ [ [ [ 110.3736453, -7.2244265 ], [ 110.3736547, -7.2243001 ], [ 110.3737339, -7.2243059 ], [ 110.3737245, -7.2244323 ], [ 110.3736453, -7.2244265 ] ] ] ] } },
{ "type": "Feature", "properties": { "full_id": "w1079494623", "osm_id": "1079494623", "osm_type": "way", "building": "yes", "name": null, "amenity": null, "brand": null, "wheelchair": null }, "geometry": { "type": "MultiPolygon", "coordinates": [ [ [ [ 110.3732, -7.2247485 ], [ 110.3732617, -7.2246447 ], [ 110.3733199, -7.2246787 ], [ 110.3732582, -7.2247825 ], [ 110.3732, -7.2247485 ] ] ] ] } },
{ "type": "Feature", "properties": { "full_id": "w1079495148", "osm_id": "1079495148", "osm_type": "way", "building": "yes", "name": null, "amenity": null, "brand": null, "wheelchair": null }, "geometry": { "type": "MultiPolygon", "coordinates": [ [ [ [ 110.3735668, -7.2224661 ], [ 110.3736151, -7.2225246 ], [ 110.3735665, -7.222564 ], [ 110.3735183, -7.2225055 ], [ 110.3735668, -7.2224661 ] ] ] ] } },
{ "type": "Feature", "properties": { "full_id": "w1079495149", "osm_id": "1079495149", "osm_type": "way", "building": "yes", "name": null, "amenity": null, "brand": null, "wheelchair": null }, "geometry": { "type": "MultiPolygon", "coordinates": [ [ [ [ 110.3738987, -7.2232371 ], [ 110.3740369, -7.223243 ], [ 110.3740325, -7.2233414 ], [ 110.3738944, -7.2233354 ], [ 110.3738987, -7.2232371 ] ] ] ] } },
{ "type": "Feature", "properties": { "full_id": "w1079495150", "osm_id": "1079495150", "osm_type": "way", "building": "yes", "name": null, "amenity": null, "brand": null, "wheelchair": null }, "geometry": { "type": "MultiPolygon", "coordinates": [ [ [ [ 110.3744003, -7.224968 ], [ 110.3744132, -7.2249142 ], [ 110.3745205, -7.2249395 ], [ 110.3745076, -7.2249933 ], [ 110.3744003, -7.224968 ] ] ] ] } },
{ "type": "Feature", "properties": { "full_id": "w1079495151", "osm_id": "1079495151", "osm_type": "way", "building": "yes", "name": null, "amenity": null, "brand": null, "wheelchair": null }, "geometry": { "type": "MultiPolygon", "coordinates": [ [ [ [ 110.3743641, -7.2245821 ], [ 110.3743058, -7.2245539 ], [ 110.3743581, -7.2244475 ], [ 110.3744164, -7.2244757 ], [ 110.3743641, -7.2245821 ] ] ] ] } },
{ "type": "Feature", "properties": { "full_id": "w1079495152", "osm_id": "1079495152", "osm_type": "way", "building": "yes", "name": null, "amenity": null, "brand": null, "wheelchair": null }, "geometry": { "type": "MultiPolygon", "coordinates": [ [ [ [ 110.3736238, -7.2253418 ], [ 110.3735584, -7.2253236 ], [ 110.3735893, -7.2252145 ], [ 110.3736547, -7.2252327 ], [ 110.3736238, -7.2253418 ] ] ] ] } },
{ "type": "Feature", "properties": { "full_id": "w1079495153", "osm_id": "1079495153", "osm_type": "way", "building": "yes", "name": null, "amenity": null, "brand": null, "wheelchair": null }, "geometry": { "type": "MultiPolygon", "coordinates": [ [ [ [ 110.372901, -7.2247471 ], [ 110.3729868, -7.2247844 ], [ 110.3729649, -7.2248339 ], [ 110.3728791, -7.2247967 ], [ 110.372901, -7.2247471 ] ] ] ] } },
{ "type": "Feature", "properties": { "full_id": "w1082959187", "osm_id": "1082959187", "osm_type": "way", "building": "yes", "name": null, "amenity": null, "brand": null, "wheelchair": null }, "geometry": { "type": "MultiPolygon", "coordinates": [ [ [ [ 110.3797822, -7.2295554 ], [ 110.379872, -7.2296006 ], [ 110.3798427, -7.229658 ], [ 110.3797528, -7.2296128 ], [ 110.3797822, -7.2295554 ] ] ] ] } },
{ "type": "Feature", "properties": { "full_id": "w1082959188", "osm_id": "1082959188", "osm_type": "way", "building": "yes", "name": null, "amenity": null, "brand": null, "wheelchair": null }, "geometry": { "type": "MultiPolygon", "coordinates": [ [ [ [ 110.3787969, -7.2298131 ], [ 110.3788538, -7.2297332 ], [ 110.3789138, -7.2297753 ], [ 110.3788569, -7.2298552 ], [ 110.3787969, -7.2298131 ] ] ] ] } },
{ "type": "Feature", "properties": { "full_id": "w1082959189", "osm_id": "1082959189", "osm_type": "way", "building": "yes", "name": null, "amenity": null, "brand": null, "wheelchair": null }, "geometry": { "type": "MultiPolygon", "coordinates": [ [ [ [ 110.378665, -7.2297097 ], [ 110.3787173, -7.2296498 ], [ 110.3787631, -7.2296892 ], [ 110.3787108, -7.229749 ], [ 110.378665, -7.2297097 ] ] ] ] } },
{ "type": "Feature", "properties": { "full_id": "w1082959190", "osm_id": "1082959190", "osm_type": "way", "building": "yes", "name": null, "amenity": null, "brand": null, "wheelchair": null }, "geometry": { "type": "MultiPolygon", "coordinates": [ [ [ [ 110.3797232, -7.2291203 ], [ 110.3797871, -7.229144 ], [ 110.3797617, -7.2292118 ], [ 110.3796977, -7.2291882 ], [ 110.3797232, -7.2291203 ] ] ] ] } },
{ "type": "Feature", "properties": { "full_id": "w1082959191", "osm_id": "1082959191", "osm_type": "way", "building": "yes", "name": null, "amenity": null, "brand": null, "wheelchair": null }, "geometry": { "type": "MultiPolygon", "coordinates": [ [ [ [ 110.3794992, -7.2293052 ], [ 110.3795803, -7.2293452 ], [ 110.3795596, -7.2293867 ], [ 110.3794784, -7.2293468 ], [ 110.3794992, -7.2293052 ] ] ] ] } },
{ "type": "Feature", "properties": { "full_id": "w1082959192", "osm_id": "1082959192", "osm_type": "way", "building": "yes", "name": null, "amenity": null, "brand": null, "wheelchair": null }, "geometry": { "type": "MultiPolygon", "coordinates": [ [ [ [ 110.3789842, -7.2292108 ], [ 110.3790508, -7.2292417 ], [ 110.3789917, -7.2293667 ], [ 110.3789252, -7.2293358 ], [ 110.3789842, -7.2292108 ] ] ] ] } },
{ "type": "Feature", "properties": { "full_id": "w1082959193", "osm_id": "1082959193", "osm_type": "way", "building": "yes", "name": null, "amenity": null, "brand": null, "wheelchair": null }, "geometry": { "type": "MultiPolygon", "coordinates": [ [ [ [ 110.3789138, -7.2297753 ], [ 110.3789667, -7.2298111 ], [ 110.3789129, -7.2298918 ], [ 110.3788569, -7.2298552 ], [ 110.3789138, -7.2297753 ] ] ] ] } },
{ "type": "Feature", "properties": { "full_id": "w1082959194", "osm_id": "1082959194", "osm_type": "way", "building": "yes", "name": null, "amenity": null, "brand": null, "wheelchair": null }, "geometry": { "type": "MultiPolygon", "coordinates": [ [ [ [ 110.3796628, -7.2285775 ], [ 110.3797181, -7.2285612 ], [ 110.3797476, -7.2286596 ], [ 110.3796923, -7.2286759 ], [ 110.3796628, -7.2285775 ] ] ] ] } },
{ "type": "Feature", "properties": { "full_id": "w1082959195", "osm_id": "1082959195", "osm_type": "way", "building": "yes", "name": null, "amenity": null, "brand": null, "wheelchair": null }, "geometry": { "type": "MultiPolygon", "coordinates": [ [ [ [ 110.3798318, -7.2287864 ], [ 110.3798546, -7.2288808 ], [ 110.3798055, -7.2288925 ], [ 110.3797827, -7.228798 ], [ 110.3798318, -7.2287864 ] ] ] ] } },
{ "type": "Feature", "properties": { "full_id": "w1082959196", "osm_id": "1082959196", "osm_type": "way", "building": "yes", "name": null, "amenity": null, "brand": null, "wheelchair": null }, "geometry": { "type": "MultiPolygon", "coordinates": [ [ [ [ 110.3789084, -7.2296545 ], [ 110.3790446, -7.2297343 ], [ 110.3790135, -7.2297864 ], [ 110.3788774, -7.2297066 ], [ 110.3789084, -7.2296545 ] ] ] ] } },
{ "type": "Feature", "properties": { "full_id": "w1082959197", "osm_id": "1082959197", "osm_type": "way", "building": "yes", "name": null, "amenity": null, "brand": null, "wheelchair": null }, "geometry": { "type": "MultiPolygon", "coordinates": [ [ [ [ 110.3785336, -7.2300337 ], [ 110.3784926, -7.2299884 ], [ 110.3785972, -7.2298953 ], [ 110.3786382, -7.2299406 ], [ 110.3785336, -7.2300337 ] ] ] ] } },
{ "type": "Feature", "properties": { "full_id": "w1082959198", "osm_id": "1082959198", "osm_type": "way", "building": "yes", "name": null, "amenity": null, "brand": null, "wheelchair": null }, "geometry": { "type": "MultiPolygon", "coordinates": [ [ [ [ 110.3782466, -7.2297137 ], [ 110.3782966, -7.2296657 ], [ 110.3783505, -7.229721 ], [ 110.3783005, -7.229769 ], [ 110.3782466, -7.2297137 ] ] ] ] } },
{ "type": "Feature", "properties": { "full_id": "w1082959199", "osm_id": "1082959199", "osm_type": "way", "building": "yes", "name": null, "amenity": null, "brand": null, "wheelchair": null }, "geometry": { "type": "MultiPolygon", "coordinates": [ [ [ [ 110.3784478, -7.229906 ], [ 110.378374, -7.2299964 ], [ 110.3783041, -7.2299403 ], [ 110.3783779, -7.2298499 ], [ 110.3784478, -7.229906 ] ] ] ] } },
{ "type": "Feature", "properties": { "full_id": "w1082959200", "osm_id": "1082959200", "osm_type": "way", "building": "yes", "name": null, "amenity": null, "brand": null, "wheelchair": null }, "geometry": { "type": "MultiPolygon", "coordinates": [ [ [ [ 110.3783914, -7.2297137 ], [ 110.3784357, -7.2296733 ], [ 110.3784944, -7.2297365 ], [ 110.3784501, -7.2297769 ], [ 110.3783914, -7.2297137 ] ] ] ] } },
{ "type": "Feature", "properties": { "full_id": "w1082959201", "osm_id": "1082959201", "osm_type": "way", "building": "yes", "name": null, "amenity": null, "brand": null, "wheelchair": null }, "geometry": { "type": "MultiPolygon", "coordinates": [ [ [ [ 110.3784699, -7.2298222 ], [ 110.3785149, -7.2297885 ], [ 110.3785927, -7.229891 ], [ 110.3785477, -7.2299246 ], [ 110.3784699, -7.2298222 ] ] ] ] } },
{ "type": "Feature", "properties": { "full_id": "w1082959202", "osm_id": "1082959202", "osm_type": "way", "building": "yes", "name": null, "amenity": null, "brand": null, "wheelchair": null }, "geometry": { "type": "MultiPolygon", "coordinates": [ [ [ [ 110.3785468, -7.2297768 ], [ 110.3786429, -7.2297091 ], [ 110.3786819, -7.2297636 ], [ 110.3785858, -7.2298313 ], [ 110.3785468, -7.2297768 ] ] ] ] } },
{ "type": "Feature", "properties": { "full_id": "w1082959203", "osm_id": "1082959203", "osm_type": "way", "building": "yes", "name": null, "amenity": null, "brand": null, "wheelchair": null }, "geometry": { "type": "MultiPolygon", "coordinates": [ [ [ [ 110.3791572, -7.229089 ], [ 110.3792148, -7.229118 ], [ 110.3791682, -7.2292091 ], [ 110.3791106, -7.2291802 ], [ 110.3791572, -7.229089 ] ] ] ] } },
{ "type": "Feature", "properties": { "full_id": "w1082959204", "osm_id": "1082959204", "osm_type": "way", "building": "yes", "name": null, "amenity": null, "brand": null, "wheelchair": null }, "geometry": { "type": "MultiPolygon", "coordinates": [ [ [ [ 110.3793802, -7.228649 ], [ 110.3793821, -7.2285931 ], [ 110.3794625, -7.2285957 ], [ 110.3794606, -7.2286517 ], [ 110.3793802, -7.228649 ] ] ] ] } },
{ "type": "Feature", "properties": { "full_id": "w1082959205", "osm_id": "1082959205", "osm_type": "way", "building": "yes", "name": null, "amenity": null, "brand": null, "wheelchair": null }, "geometry": { "type": "MultiPolygon", "coordinates": [ [ [ [ 110.3792766, -7.2286254 ], [ 110.3793691, -7.2286254 ], [ 110.3793691, -7.2287478 ], [ 110.3792766, -7.2287478 ], [ 110.3792766, -7.2286254 ] ] ] ] } },
{ "type": "Feature", "properties": { "full_id": "w1082959206", "osm_id": "1082959206", "osm_type": "way", "building": "yes", "name": null, "amenity": null, "brand": null, "wheelchair": null }, "geometry": { "type": "MultiPolygon", "coordinates": [ [ [ [ 110.3792142, -7.2293891 ], [ 110.3791726, -7.2294842 ], [ 110.3790898, -7.2294485 ], [ 110.3791313, -7.2293534 ], [ 110.3792142, -7.2293891 ] ] ] ] } },
{ "type": "Feature", "properties": { "full_id": "w1082959207", "osm_id": "1082959207", "osm_type": "way", "building": "yes", "name": null, "amenity": null, "brand": null, "wheelchair": null }, "geometry": { "type": "MultiPolygon", "coordinates": [ [ [ [ 110.3795515, -7.2291749 ], [ 110.3796243, -7.2292102 ], [ 110.3795948, -7.22927 ], [ 110.379522, -7.2292347 ], [ 110.3795515, -7.2291749 ] ] ] ] } },
{ "type": "Feature", "properties": { "full_id": "w1082959208", "osm_id": "1082959208", "osm_type": "way", "building": "yes", "name": null, "amenity": null, "brand": null, "wheelchair": null }, "geometry": { "type": "MultiPolygon", "coordinates": [ [ [ [ 110.3792772, -7.2297649 ], [ 110.3793224, -7.2297866 ], [ 110.3792902, -7.2298525 ], [ 110.379245, -7.2298308 ], [ 110.3792772, -7.2297649 ] ] ] ] } },
{ "type": "Feature", "properties": { "full_id": "w1082959209", "osm_id": "1082959209", "osm_type": "way", "building": "yes", "name": null, "amenity": null, "brand": null, "wheelchair": null }, "geometry": { "type": "MultiPolygon", "coordinates": [ [ [ [ 110.3794168, -7.2300709 ], [ 110.3795012, -7.2301148 ], [ 110.379462, -7.2301891 ], [ 110.3793776, -7.2301452 ], [ 110.3794168, -7.2300709 ] ] ] ] } },
{ "type": "Feature", "properties": { "full_id": "w1082959210", "osm_id": "1082959210", "osm_type": "way", "building": "yes", "name": null, "amenity": null, "brand": null, "wheelchair": null }, "geometry": { "type": "MultiPolygon", "coordinates": [ [ [ [ 110.3787147, -7.2299977 ], [ 110.3787837, -7.2299212 ], [ 110.3788403, -7.2299715 ], [ 110.3787712, -7.230048 ], [ 110.3787147, -7.2299977 ] ] ] ] } },
{ "type": "Feature", "properties": { "full_id": "w1082959211", "osm_id": "1082959211", "osm_type": "way", "building": "yes", "name": null, "amenity": null, "brand": null, "wheelchair": null }, "geometry": { "type": "MultiPolygon", "coordinates": [ [ [ [ 110.379056, -7.2295574 ], [ 110.379109, -7.2295834 ], [ 110.379055, -7.2296916 ], [ 110.3790352, -7.2296819 ], [ 110.3790282, -7.2296961 ], [ 110.3789949, -7.2296798 ], [ 110.379056, -7.2295574 ] ] ] ] } },
{ "type": "Feature", "properties": { "full_id": "w1082959212", "osm_id": "1082959212", "osm_type": "way", "building": "yes", "name": null, "amenity": null, "brand": null, "wheelchair": null }, "geometry": { "type": "MultiPolygon", "coordinates": [ [ [ [ 110.3789942, -7.2299159 ], [ 110.3790901, -7.2299525 ], [ 110.3790674, -7.230011 ], [ 110.3789716, -7.2299744 ], [ 110.3789942, -7.2299159 ] ] ] ] } },
{ "type": "Feature", "properties": { "full_id": "w1082959213", "osm_id": "1082959213", "osm_type": "way", "building": "yes", "name": null, "amenity": null, "brand": null, "wheelchair": null }, "geometry": { "type": "MultiPolygon", "coordinates": [ [ [ [ 110.3791116, -7.229878 ], [ 110.3791373, -7.2298907 ], [ 110.3791098, -7.2299453 ], [ 110.3790841, -7.2299325 ], [ 110.3791116, -7.229878 ] ] ] ] } },
{ "type": "Feature", "properties": { "full_id": "w1082959214", "osm_id": "1082959214", "osm_type": "way", "building": "yes", "name": null, "amenity": null, "brand": null, "wheelchair": null }, "geometry": { "type": "MultiPolygon", "coordinates": [ [ [ [ 110.3791686, -7.2299359 ], [ 110.3792451, -7.2299671 ], [ 110.3792095, -7.2300529 ], [ 110.379133, -7.2300217 ], [ 110.3791686, -7.2299359 ] ] ] ] } },
{ "type": "Feature", "properties": { "full_id": "w1082959215", "osm_id": "1082959215", "osm_type": "way", "building": "yes", "name": null, "amenity": null, "brand": null, "wheelchair": null }, "geometry": { "type": "MultiPolygon", "coordinates": [ [ [ [ 110.3791197, -7.2300337 ], [ 110.3792189, -7.2300816 ], [ 110.3791989, -7.2301225 ], [ 110.3790996, -7.2300746 ], [ 110.3791197, -7.2300337 ] ] ] ] } },
{ "type": "Feature", "properties": { "full_id": "w1082959216", "osm_id": "1082959216", "osm_type": "way", "building": "yes", "name": null, "amenity": null, "brand": null, "wheelchair": null }, "geometry": { "type": "MultiPolygon", "coordinates": [ [ [ [ 110.3789815, -7.229997 ], [ 110.3790955, -7.2300436 ], [ 110.3790532, -7.2301456 ], [ 110.3789392, -7.230099 ], [ 110.3789815, -7.229997 ] ] ] ] } },
{ "type": "Feature", "properties": { "full_id": "w1082959217", "osm_id": "1082959217", "osm_type": "way", "building": "yes", "name": null, "amenity": null, "brand": null, "wheelchair": null }, "geometry": { "type": "MultiPolygon", "coordinates": [ [ [ [ 110.3794576, -7.2298574 ], [ 110.3794855, -7.2298111 ], [ 110.3795921, -7.2298743 ], [ 110.3795642, -7.2299206 ], [ 110.3794576, -7.2298574 ] ] ] ] } },
{ "type": "Feature", "properties": { "full_id": "w1082959218", "osm_id": "1082959218", "osm_type": "way", "building": "yes", "name": null, "amenity": null, "brand": null, "wheelchair": null }, "geometry": { "type": "MultiPolygon", "coordinates": [ [ [ [ 110.3796212, -7.2298361 ], [ 110.37965, -7.2297846 ], [ 110.3797298, -7.2298285 ], [ 110.379701, -7.22988 ], [ 110.3796212, -7.2298361 ] ] ] ] } },
{ "type": "Feature", "properties": { "full_id": "w1082959219", "osm_id": "1082959219", "osm_type": "way", "building": "yes", "name": null, "amenity": null, "brand": null, "wheelchair": null }, "geometry": { "type": "MultiPolygon", "coordinates": [ [ [ [ 110.3797675, -7.2298064 ], [ 110.379811, -7.2298356 ], [ 110.3797557, -7.229917 ], [ 110.3797121, -7.2298878 ], [ 110.3797675, -7.2298064 ] ] ] ] } },
{ "type": "Feature", "properties": { "full_id": "w1082959220", "osm_id": "1082959220", "osm_type": "way", "building": "yes", "name": null, "amenity": null, "brand": null, "wheelchair": null }, "geometry": { "type": "MultiPolygon", "coordinates": [ [ [ [ 110.3791974, -7.2299172 ], [ 110.3792242, -7.2298674 ], [ 110.3793047, -7.22991 ], [ 110.3792779, -7.2299598 ], [ 110.3791974, -7.2299172 ] ] ] ] } },
{ "type": "Feature", "properties": { "full_id": "w1082959221", "osm_id": "1082959221", "osm_type": "way", "building": "yes", "name": null, "amenity": null, "brand": null, "wheelchair": null }, "geometry": { "type": "MultiPolygon", "coordinates": [ [ [ [ 110.3792779, -7.2299864 ], [ 110.3793664, -7.2300264 ], [ 110.3793318, -7.2301019 ], [ 110.3792433, -7.230062 ], [ 110.3792779, -7.2299864 ] ] ] ] } },
{ "type": "Feature", "properties": { "full_id": "w1082959222", "osm_id": "1082959222", "osm_type": "way", "building": "yes", "name": null, "amenity": null, "brand": null, "wheelchair": null }, "geometry": { "type": "MultiPolygon", "coordinates": [ [ [ [ 110.3795582, -7.2301621 ], [ 110.3796, -7.2301797 ], [ 110.3795611, -7.2302702 ], [ 110.3795193, -7.2302525 ], [ 110.3795582, -7.2301621 ] ] ] ] } },
{ "type": "Feature", "properties": { "full_id": "w1082959223", "osm_id": "1082959223", "osm_type": "way", "building": "yes", "name": null, "amenity": null, "brand": null, "wheelchair": null }, "geometry": { "type": "MultiPolygon", "coordinates": [ [ [ [ 110.3793289, -7.2302299 ], [ 110.3793811, -7.230253 ], [ 110.3793475, -7.2303275 ], [ 110.3792953, -7.2303044 ], [ 110.3793289, -7.2302299 ] ] ] ] } },
{ "type": "Feature", "properties": { "full_id": "w1082959224", "osm_id": "1082959224", "osm_type": "way", "building": "yes", "name": null, "amenity": null, "brand": null, "wheelchair": null }, "geometry": { "type": "MultiPolygon", "coordinates": [ [ [ [ 110.3792658, -7.2300915 ], [ 110.3793071, -7.2301182 ], [ 110.3792494, -7.230206 ], [ 110.3792081, -7.2301793 ], [ 110.3792658, -7.2300915 ] ] ] ] } },
{ "type": "Feature", "properties": { "full_id": "w1082959225", "osm_id": "1082959225", "osm_type": "way", "building": "yes", "name": null, "amenity": null, "brand": null, "wheelchair": null }, "geometry": { "type": "MultiPolygon", "coordinates": [ [ [ [ 110.3803816, -7.230639 ], [ 110.3804186, -7.2306693 ], [ 110.3803549, -7.2307458 ], [ 110.3803179, -7.2307155 ], [ 110.3803816, -7.230639 ] ] ] ] } },
{ "type": "Feature", "properties": { "full_id": "w1082959226", "osm_id": "1082959226", "osm_type": "way", "building": "yes", "name": null, "amenity": null, "brand": null, "wheelchair": null }, "geometry": { "type": "MultiPolygon", "coordinates": [ [ [ [ 110.3793322, -7.2293658 ], [ 110.3794075, -7.2294017 ], [ 110.3793418, -7.2295374 ], [ 110.3792665, -7.2295015 ], [ 110.3793322, -7.2293658 ] ] ] ] } },
{ "type": "Feature", "properties": { "full_id": "w1082959227", "osm_id": "1082959227", "osm_type": "way", "building": "yes", "name": null, "amenity": null, "brand": null, "wheelchair": null }, "geometry": { "type": "MultiPolygon", "coordinates": [ [ [ [ 110.3794315, -7.2294157 ], [ 110.3794601, -7.2293643 ], [ 110.3795439, -7.2294102 ], [ 110.3795153, -7.2294616 ], [ 110.3794315, -7.2294157 ] ] ] ] } },
{ "type": "Feature", "properties": { "full_id": "w1082959228", "osm_id": "1082959228", "osm_type": "way", "building": "yes", "name": null, "amenity": null, "brand": null, "wheelchair": null }, "geometry": { "type": "MultiPolygon", "coordinates": [ [ [ [ 110.3793241, -7.2296225 ], [ 110.3794066, -7.2296624 ], [ 110.3793857, -7.2297051 ], [ 110.3793032, -7.2296652 ], [ 110.3793241, -7.2296225 ] ] ] ] } },
{ "type": "Feature", "properties": { "full_id": "w1082959229", "osm_id": "1082959229", "osm_type": "way", "building": "yes", "name": null, "amenity": null, "brand": null, "wheelchair": null }, "geometry": { "type": "MultiPolygon", "coordinates": [ [ [ [ 110.3794133, -7.2296591 ], [ 110.3794965, -7.229699 ], [ 110.379474, -7.2297452 ], [ 110.3793908, -7.2297053 ], [ 110.3794133, -7.2296591 ] ] ] ] } },
{ "type": "Feature", "properties": { "full_id": "w1082959230", "osm_id": "1082959230", "osm_type": "way", "building": "yes", "name": null, "amenity": null, "brand": null, "wheelchair": null }, "geometry": { "type": "MultiPolygon", "coordinates": [ [ [ [ 110.3794878, -7.2298055 ], [ 110.3795315, -7.2297158 ], [ 110.3796146, -7.2297558 ], [ 110.3795709, -7.2298454 ], [ 110.3794878, -7.2298055 ] ] ] ] } },
{ "type": "Feature", "properties": { "full_id": "w1082959231", "osm_id": "1082959231", "osm_type": "way", "building": "yes", "name": null, "amenity": null, "brand": null, "wheelchair": null }, "geometry": { "type": "MultiPolygon", "coordinates": [ [ [ [ 110.3798354, -7.2296678 ], [ 110.3798997, -7.2297139 ], [ 110.3798536, -7.2297773 ], [ 110.3798341, -7.2297633 ], [ 110.3798145, -7.2297902 ], [ 110.3797697, -7.2297581 ], [ 110.3798354, -7.2296678 ] ] ] ] } },
{ "type": "Feature", "properties": { "full_id": "w1082959232", "osm_id": "1082959232", "osm_type": "way", "building": "yes", "name": null, "amenity": null, "brand": null, "wheelchair": null }, "geometry": { "type": "MultiPolygon", "coordinates": [ [ [ [ 110.3799141, -7.2297393 ], [ 110.3799658, -7.2296876 ], [ 110.3800282, -7.229749 ], [ 110.3799764, -7.2298007 ], [ 110.3799141, -7.2297393 ] ] ] ] } },
{ "type": "Feature", "properties": { "full_id": "w1082959233", "osm_id": "1082959233", "osm_type": "way", "building": "yes", "name": null, "amenity": null, "brand": null, "wheelchair": null }, "geometry": { "type": "MultiPolygon", "coordinates": [ [ [ [ 110.3799921, -7.2298095 ], [ 110.3801617, -7.2296319 ], [ 110.3802383, -7.2297039 ], [ 110.3801793, -7.2297657 ], [ 110.3801916, -7.2297773 ], [ 110.3801564, -7.2298141 ], [ 110.3801441, -7.2298026 ], [ 110.3800687, -7.2298815 ], [ 110.3799921, -7.2298095 ] ] ] ] } },
{ "type": "Feature", "properties": { "full_id": "w1082959234", "osm_id": "1082959234", "osm_type": "way", "building": "yes", "name": null, "amenity": null, "brand": null, "wheelchair": null }, "geometry": { "type": "MultiPolygon", "coordinates": [ [ [ [ 110.3803119, -7.2297656 ], [ 110.3803575, -7.2297237 ], [ 110.380386, -7.2297541 ], [ 110.3803404, -7.2297961 ], [ 110.3803119, -7.2297656 ] ] ] ] } },
{ "type": "Feature", "properties": { "full_id": "w1082959235", "osm_id": "1082959235", "osm_type": "way", "building": "yes", "name": null, "amenity": null, "brand": null, "wheelchair": null }, "geometry": { "type": "MultiPolygon", "coordinates": [ [ [ [ 110.3802402, -7.229572 ], [ 110.3802951, -7.2296226 ], [ 110.3802548, -7.2296657 ], [ 110.3801999, -7.2296151 ], [ 110.3802402, -7.229572 ] ] ] ] } },
{ "type": "Feature", "properties": { "full_id": "w1082959236", "osm_id": "1082959236", "osm_type": "way", "building": "yes", "name": null, "amenity": null, "brand": null, "wheelchair": null }, "geometry": { "type": "MultiPolygon", "coordinates": [ [ [ [ 110.3803317, -7.2296059 ], [ 110.3803666, -7.2296381 ], [ 110.3802958, -7.2297136 ], [ 110.3802609, -7.2296814 ], [ 110.3803317, -7.2296059 ] ] ] ] } },
{ "type": "Feature", "properties": { "full_id": "w1082959237", "osm_id": "1082959237", "osm_type": "way", "building": "yes", "name": null, "amenity": null, "brand": null, "wheelchair": null }, "geometry": { "type": "MultiPolygon", "coordinates": [ [ [ [ 110.380324, -7.2295886 ], [ 110.3803847, -7.2295273 ], [ 110.3805308, -7.2296697 ], [ 110.3804702, -7.229731 ], [ 110.380324, -7.2295886 ] ] ] ] } },
{ "type": "Feature", "properties": { "full_id": "w1082959238", "osm_id": "1082959238", "osm_type": "way", "building": "yes", "name": null, "amenity": null, "brand": null, "wheelchair": null }, "geometry": { "type": "MultiPolygon", "coordinates": [ [ [ [ 110.3803951, -7.22986 ], [ 110.3804547, -7.2299398 ], [ 110.3803193, -7.2300395 ], [ 110.3802596, -7.2299598 ], [ 110.3803951, -7.22986 ] ] ] ] } },
{ "type": "Feature", "properties": { "full_id": "w1082959239", "osm_id": "1082959239", "osm_type": "way", "building": "yes", "name": null, "amenity": null, "brand": null, "wheelchair": null }, "geometry": { "type": "MultiPolygon", "coordinates": [ [ [ [ 110.3801087, -7.2299525 ], [ 110.3801541, -7.2299096 ], [ 110.3802091, -7.2299668 ], [ 110.3801637, -7.2300097 ], [ 110.3801087, -7.2299525 ] ] ] ] } },
{ "type": "Feature", "properties": { "full_id": "w1082959240", "osm_id": "1082959240", "osm_type": "way", "building": "yes", "name": null, "amenity": null, "brand": null, "wheelchair": null }, "geometry": { "type": "MultiPolygon", "coordinates": [ [ [ [ 110.3797714, -7.2299731 ], [ 110.3798223, -7.2298805 ], [ 110.3799269, -7.229937 ], [ 110.379876, -7.2300297 ], [ 110.3797714, -7.2299731 ] ] ] ] } },
{ "type": "Feature", "properties": { "full_id": "w1082959241", "osm_id": "1082959241", "osm_type": "way", "building": "yes", "name": null, "amenity": null, "brand": null, "wheelchair": null }, "geometry": { "type": "MultiPolygon", "coordinates": [ [ [ [ 110.3796387, -7.2302439 ], [ 110.3797017, -7.2302751 ], [ 110.3796751, -7.2303278 ], [ 110.3796121, -7.2302966 ], [ 110.3796387, -7.2302439 ] ] ] ] } },
{ "type": "Feature", "properties": { "full_id": "w1082959242", "osm_id": "1082959242", "osm_type": "way", "building": "yes", "name": null, "amenity": null, "brand": null, "wheelchair": null }, "geometry": { "type": "MultiPolygon", "coordinates": [ [ [ [ 110.3797037, -7.2301833 ], [ 110.3797434, -7.2302064 ], [ 110.3797092, -7.2302643 ], [ 110.3796695, -7.2302412 ], [ 110.3797037, -7.2301833 ] ] ] ] } },
{ "type": "Feature", "properties": { "full_id": "w1082959243", "osm_id": "1082959243", "osm_type": "way", "building": "yes", "name": null, "amenity": null, "brand": null, "wheelchair": null }, "geometry": { "type": "MultiPolygon", "coordinates": [ [ [ [ 110.3797061, -7.2300852 ], [ 110.3798023, -7.2301324 ], [ 110.3797685, -7.2302002 ], [ 110.3796723, -7.2301529 ], [ 110.3797061, -7.2300852 ] ] ] ] } },
{ "type": "Feature", "properties": { "full_id": "w1085355979", "osm_id": "1085355979", "osm_type": "way", "building": "yes", "name": null, "amenity": null, "brand": null, "wheelchair": null }, "geometry": { "type": "MultiPolygon", "coordinates": [ [ [ [ 110.3759635, -7.2281975 ], [ 110.3760187, -7.2282165 ], [ 110.3759943, -7.2282863 ], [ 110.3759391, -7.2282673 ], [ 110.3759635, -7.2281975 ] ] ] ] } },
{ "type": "Feature", "properties": { "full_id": "w1085355980", "osm_id": "1085355980", "osm_type": "way", "building": "yes", "name": null, "amenity": null, "brand": null, "wheelchair": null }, "geometry": { "type": "MultiPolygon", "coordinates": [ [ [ [ 110.3759091, -7.2279974 ], [ 110.3759788, -7.2278697 ], [ 110.3760421, -7.2279037 ], [ 110.3759724, -7.2280315 ], [ 110.3759091, -7.2279974 ] ] ] ] } },
{ "type": "Feature", "properties": { "full_id": "w1085355981", "osm_id": "1085355981", "osm_type": "way", "building": "yes", "name": null, "amenity": null, "brand": null, "wheelchair": null }, "geometry": { "type": "MultiPolygon", "coordinates": [ [ [ [ 110.3760257, -7.2277859 ], [ 110.3760995, -7.2278271 ], [ 110.376061, -7.2278949 ], [ 110.3759872, -7.2278537 ], [ 110.3760257, -7.2277859 ] ] ] ] } },
{ "type": "Feature", "properties": { "full_id": "w1085355983", "osm_id": "1085355983", "osm_type": "way", "building": "yes", "name": null, "amenity": null, "brand": null, "wheelchair": null }, "geometry": { "type": "MultiPolygon", "coordinates": [ [ [ [ 110.3749805, -7.2296804 ], [ 110.3749721, -7.2296999 ], [ 110.3749152, -7.2296757 ], [ 110.3749236, -7.2296565 ], [ 110.3749043, -7.2296483 ], [ 110.3749532, -7.2295353 ], [ 110.3750417, -7.229573 ], [ 110.3749929, -7.2296857 ], [ 110.3749805, -7.2296804 ] ] ] ] } },
{ "type": "Feature", "properties": { "full_id": "w1085355985", "osm_id": "1085355985", "osm_type": "way", "building": "yes", "name": null, "amenity": null, "brand": null, "wheelchair": null }, "geometry": { "type": "MultiPolygon", "coordinates": [ [ [ [ 110.375555, -7.2288888 ], [ 110.3756715, -7.2288912 ], [ 110.3756689, -7.2290189 ], [ 110.3755523, -7.2290165 ], [ 110.375555, -7.2288888 ] ] ] ] } },
{ "type": "Feature", "properties": { "full_id": "w1085355986", "osm_id": "1085355986", "osm_type": "way", "building": "yes", "name": null, "amenity": null, "brand": null, "wheelchair": null }, "geometry": { "type": "MultiPolygon", "coordinates": [ [ [ [ 110.3764608, -7.2279797 ], [ 110.3765373, -7.2280224 ], [ 110.3764829, -7.228118 ], [ 110.3764065, -7.2280753 ], [ 110.3764608, -7.2279797 ] ] ] ] } },
{ "type": "Feature", "properties": { "full_id": "w1085355987", "osm_id": "1085355987", "osm_type": "way", "building": "yes", "name": null, "amenity": null, "brand": null, "wheelchair": null }, "geometry": { "type": "MultiPolygon", "coordinates": [ [ [ [ 110.3761987, -7.2284109 ], [ 110.3762698, -7.2284541 ], [ 110.3762147, -7.2285433 ], [ 110.3761436, -7.2285001 ], [ 110.3761987, -7.2284109 ] ] ] ] } },
{ "type": "Feature", "properties": { "full_id": "w1085355988", "osm_id": "1085355988", "osm_type": "way", "building": "yes", "name": null, "amenity": null, "brand": null, "wheelchair": null }, "geometry": { "type": "MultiPolygon", "coordinates": [ [ [ [ 110.3759086, -7.2284344 ], [ 110.3758105, -7.2285354 ], [ 110.375796, -7.2285216 ], [ 110.3757818, -7.2285362 ], [ 110.3757477, -7.2285036 ], [ 110.3758599, -7.2283879 ], [ 110.3759086, -7.2284344 ] ] ] ] } },
{ "type": "Feature", "properties": { "full_id": "w1085356011", "osm_id": "1085356011", "osm_type": "way", "building": "yes", "name": null, "amenity": null, "brand": null, "wheelchair": null }, "geometry": { "type": "MultiPolygon", "coordinates": [ [ [ [ 110.3752801, -7.2287531 ], [ 110.3752552, -7.2286498 ], [ 110.3753933, -7.2286391 ], [ 110.3754075, -7.2287345 ], [ 110.3752801, -7.2287531 ] ] ] ] } },
{ "type": "Feature", "properties": { "full_id": "w1085356012", "osm_id": "1085356012", "osm_type": "way", "building": "yes", "name": null, "amenity": null, "brand": null, "wheelchair": null }, "geometry": { "type": "MultiPolygon", "coordinates": [ [ [ [ 110.3752854, -7.2285429 ], [ 110.3753807, -7.2285402 ], [ 110.375383, -7.2286219 ], [ 110.3752878, -7.2286245 ], [ 110.3752854, -7.2285429 ] ] ] ] } },
{ "type": "Feature", "properties": { "full_id": "w1085356013", "osm_id": "1085356013", "osm_type": "way", "building": "yes", "name": null, "amenity": null, "brand": null, "wheelchair": null }, "geometry": { "type": "MultiPolygon", "coordinates": [ [ [ [ 110.3756127, -7.2282036 ], [ 110.3755631, -7.2282994 ], [ 110.3755193, -7.2282771 ], [ 110.375569, -7.2281814 ], [ 110.3756127, -7.2282036 ] ] ] ] } },
{ "type": "Feature", "properties": { "full_id": "w1085356014", "osm_id": "1085356014", "osm_type": "way", "building": "yes", "name": null, "amenity": null, "brand": null, "wheelchair": null }, "geometry": { "type": "MultiPolygon", "coordinates": [ [ [ [ 110.3757535, -7.2278684 ], [ 110.3757804, -7.227824 ], [ 110.375834, -7.2278559 ], [ 110.3758071, -7.2279003 ], [ 110.3757535, -7.2278684 ] ] ] ] } },
{ "type": "Feature", "properties": { "full_id": "w1085356015", "osm_id": "1085356015", "osm_type": "way", "building": "yes", "name": null, "amenity": null, "brand": null, "wheelchair": null }, "geometry": { "type": "MultiPolygon", "coordinates": [ [ [ [ 110.3759102, -7.2277326 ], [ 110.3758732, -7.2278029 ], [ 110.3758572, -7.2277947 ], [ 110.3758333, -7.2278401 ], [ 110.3757806, -7.2278128 ], [ 110.3758414, -7.227697 ], [ 110.3759102, -7.2277326 ] ] ] ] } },
{ "type": "Feature", "properties": { "full_id": "w1085356016", "osm_id": "1085356016", "osm_type": "way", "building": "yes", "name": null, "amenity": null, "brand": null, "wheelchair": null }, "geometry": { "type": "MultiPolygon", "coordinates": [ [ [ [ 110.3760644, -7.2280539 ], [ 110.3760946, -7.2279984 ], [ 110.3761743, -7.228041 ], [ 110.3761441, -7.2280966 ], [ 110.3760644, -7.2280539 ] ] ] ] } },
{ "type": "Feature", "properties": { "full_id": "w1085356017", "osm_id": "1085356017", "osm_type": "way", "building": "yes", "name": null, "amenity": null, "brand": null, "wheelchair": null }, "geometry": { "type": "MultiPolygon", "coordinates": [ [ [ [ 110.3761397, -7.2278883 ], [ 110.3762143, -7.227929 ], [ 110.3761701, -7.2280089 ], [ 110.3760955, -7.2279681 ], [ 110.3761397, -7.2278883 ] ] ] ] } },
{ "type": "Feature", "properties": { "full_id": "w1085356018", "osm_id": "1085356018", "osm_type": "way", "building": "yes", "name": null, "amenity": null, "brand": null, "wheelchair": null }, "geometry": { "type": "MultiPolygon", "coordinates": [ [ [ [ 110.3766253, -7.2282635 ], [ 110.3766828, -7.2283007 ], [ 110.3766278, -7.2283845 ], [ 110.3765703, -7.2283473 ], [ 110.3766253, -7.2282635 ] ] ] ] } },
{ "type": "Feature", "properties": { "full_id": "w1085356019", "osm_id": "1085356019", "osm_type": "way", "building": "yes", "name": null, "amenity": null, "brand": null, "wheelchair": null }, "geometry": { "type": "MultiPolygon", "coordinates": [ [ [ [ 110.3762618, -7.2280466 ], [ 110.3763056, -7.228069 ], [ 110.3762573, -7.2281621 ], [ 110.3762135, -7.2281398 ], [ 110.3762618, -7.2280466 ] ] ] ] } },
{ "type": "Feature", "properties": { "full_id": "w1085356020", "osm_id": "1085356020", "osm_type": "way", "building": "yes", "name": null, "amenity": null, "brand": null, "wheelchair": null }, "geometry": { "type": "MultiPolygon", "coordinates": [ [ [ [ 110.3759184, -7.2285043 ], [ 110.3759532, -7.2285401 ], [ 110.3759157, -7.228576 ], [ 110.3758809, -7.2285402 ], [ 110.3759184, -7.2285043 ] ] ] ] } },
{ "type": "Feature", "properties": { "full_id": "w1085356021", "osm_id": "1085356021", "osm_type": "way", "building": "yes", "name": null, "amenity": null, "brand": null, "wheelchair": null }, "geometry": { "type": "MultiPolygon", "coordinates": [ [ [ [ 110.3762805, -7.2286054 ], [ 110.3763543, -7.22866 ], [ 110.3763194, -7.2287064 ], [ 110.3762457, -7.2286518 ], [ 110.3762805, -7.2286054 ] ] ] ] } },
{ "type": "Feature", "properties": { "full_id": "w1085356022", "osm_id": "1085356022", "osm_type": "way", "building": "yes", "name": null, "amenity": null, "brand": null, "wheelchair": null }, "geometry": { "type": "MultiPolygon", "coordinates": [ [ [ [ 110.3763609, -7.2279179 ], [ 110.3764542, -7.2279693 ], [ 110.3763972, -7.2280713 ], [ 110.3763038, -7.2280199 ], [ 110.3763609, -7.2279179 ] ] ] ] } },
{ "type": "Feature", "properties": { "full_id": "w1085356023", "osm_id": "1085356023", "osm_type": "way", "building": "yes", "name": null, "amenity": null, "brand": null, "wheelchair": null }, "geometry": { "type": "MultiPolygon", "coordinates": [ [ [ [ 110.3762551, -7.2278817 ], [ 110.3763097, -7.2279114 ], [ 110.3762721, -7.2279793 ], [ 110.3762175, -7.2279495 ], [ 110.3762551, -7.2278817 ] ] ] ] } },
{ "type": "Feature", "properties": { "full_id": "w1085356024", "osm_id": "1085356024", "osm_type": "way", "building": "yes", "name": null, "amenity": null, "brand": null, "wheelchair": null }, "geometry": { "type": "MultiPolygon", "coordinates": [ [ [ [ 110.3760874, -7.2279974 ], [ 110.3760324, -7.2280972 ], [ 110.3759772, -7.2280672 ], [ 110.3760322, -7.2279675 ], [ 110.3760874, -7.2279974 ] ] ] ] } },
{ "type": "Feature", "properties": { "full_id": "w1085356025", "osm_id": "1085356025", "osm_type": "way", "building": "yes", "name": null, "amenity": null, "brand": null, "wheelchair": null }, "geometry": { "type": "MultiPolygon", "coordinates": [ [ [ [ 110.3757267, -7.2285283 ], [ 110.3757763, -7.2285362 ], [ 110.3757642, -7.2286121 ], [ 110.3756315, -7.2285948 ], [ 110.3756357, -7.2285629 ], [ 110.3756597, -7.2285661 ], [ 110.3756636, -7.2285442 ], [ 110.3757224, -7.2285546 ], [ 110.3757267, -7.2285283 ] ] ] ] } },
{ "type": "Feature", "properties": { "full_id": "w1085356026", "osm_id": "1085356026", "osm_type": "way", "building": "yes", "name": null, "amenity": null, "brand": null, "wheelchair": null }, "geometry": { "type": "MultiPolygon", "coordinates": [ [ [ [ 110.3757776, -7.2286573 ], [ 110.3758488, -7.2286603 ], [ 110.3758447, -7.2287561 ], [ 110.3757736, -7.2287531 ], [ 110.3757776, -7.2286573 ] ] ] ] } },
{ "type": "Feature", "properties": { "full_id": "w1085356027", "osm_id": "1085356027", "osm_type": "way", "building": "yes", "name": null, "amenity": null, "brand": null, "wheelchair": null }, "geometry": { "type": "MultiPolygon", "coordinates": [ [ [ [ 110.3759508, -7.228636 ], [ 110.3759124, -7.2286697 ], [ 110.3758814, -7.228635 ], [ 110.3759199, -7.2286013 ], [ 110.3759508, -7.228636 ] ] ] ] } },
{ "type": "Feature", "properties": { "full_id": "w1085356028", "osm_id": "1085356028", "osm_type": "way", "building": "yes", "name": null, "amenity": null, "brand": null, "wheelchair": null }, "geometry": { "type": "MultiPolygon", "coordinates": [ [ [ [ 110.3758554, -7.2285416 ], [ 110.3759091, -7.2285961 ], [ 110.3758654, -7.2286383 ], [ 110.3758118, -7.2285838 ], [ 110.3758554, -7.2285416 ] ] ] ] } },
{ "type": "Feature", "properties": { "full_id": "w1085356029", "osm_id": "1085356029", "osm_type": "way", "building": "yes", "name": null, "amenity": null, "brand": null, "wheelchair": null }, "geometry": { "type": "MultiPolygon", "coordinates": [ [ [ [ 110.3761585, -7.2282781 ], [ 110.3762443, -7.2283167 ], [ 110.3762099, -7.2283922 ], [ 110.376124, -7.2283536 ], [ 110.3761585, -7.2282781 ] ] ] ] } },
{ "type": "Feature", "properties": { "full_id": "w1085356030", "osm_id": "1085356030", "osm_type": "way", "building": "yes", "name": null, "amenity": null, "brand": null, "wheelchair": null }, "geometry": { "type": "MultiPolygon", "coordinates": [ [ [ [ 110.3764174, -7.2284171 ], [ 110.3765086, -7.228473 ], [ 110.376475, -7.2285269 ], [ 110.3763838, -7.228471 ], [ 110.3764174, -7.2284171 ] ] ] ] } },
{ "type": "Feature", "properties": { "full_id": "w1085356031", "osm_id": "1085356031", "osm_type": "way", "building": "yes", "name": null, "amenity": null, "brand": null, "wheelchair": null }, "geometry": { "type": "MultiPolygon", "coordinates": [ [ [ [ 110.3762441, -7.228044 ], [ 110.3762031, -7.2281183 ], [ 110.3761814, -7.2281065 ], [ 110.3761739, -7.2281201 ], [ 110.3761495, -7.2281069 ], [ 110.376198, -7.2280189 ], [ 110.3762441, -7.228044 ] ] ] ] } },
{ "type": "Feature", "properties": { "full_id": "w1085356032", "osm_id": "1085356032", "osm_type": "way", "building": "yes", "name": null, "amenity": null, "brand": null, "wheelchair": null }, "geometry": { "type": "MultiPolygon", "coordinates": [ [ [ [ 110.3766071, -7.2282635 ], [ 110.3765361, -7.2283712 ], [ 110.3764773, -7.2283331 ], [ 110.3765484, -7.2282253 ], [ 110.3766071, -7.2282635 ] ] ] ] } },
{ "type": "Feature", "properties": { "full_id": "w1085356033", "osm_id": "1085356033", "osm_type": "way", "building": "yes", "name": null, "amenity": null, "brand": null, "wheelchair": null }, "geometry": { "type": "MultiPolygon", "coordinates": [ [ [ [ 110.3764581, -7.2282339 ], [ 110.3764688, -7.2282173 ], [ 110.3764926, -7.2282324 ], [ 110.376446, -7.2283049 ], [ 110.3763809, -7.2282636 ], [ 110.3764169, -7.2282078 ], [ 110.3764581, -7.2282339 ] ] ] ] } },
{ "type": "Feature", "properties": { "full_id": "w1085356034", "osm_id": "1085356034", "osm_type": "way", "building": "yes", "name": null, "amenity": null, "brand": null, "wheelchair": null }, "geometry": { "type": "MultiPolygon", "coordinates": [ [ [ [ 110.3763261, -7.2280759 ], [ 110.3764361, -7.2281411 ], [ 110.3763998, -7.2282014 ], [ 110.3762898, -7.2281362 ], [ 110.3763261, -7.2280759 ] ] ] ] } },
{ "type": "Feature", "properties": { "full_id": "w1085356035", "osm_id": "1085356035", "osm_type": "way", "building": "yes", "name": null, "amenity": null, "brand": null, "wheelchair": null }, "geometry": { "type": "MultiPolygon", "coordinates": [ [ [ [ 110.3764603, -7.2281331 ], [ 110.3765372, -7.2281757 ], [ 110.376505, -7.2282329 ], [ 110.3764281, -7.2281903 ], [ 110.3764603, -7.2281331 ] ] ] ] } },
{ "type": "Feature", "properties": { "full_id": "w1085356036", "osm_id": "1085356036", "osm_type": "way", "building": "yes", "name": null, "amenity": null, "brand": null, "wheelchair": null }, "geometry": { "type": "MultiPolygon", "coordinates": [ [ [ [ 110.3766138, -7.2280847 ], [ 110.3765563, -7.228179 ], [ 110.3764841, -7.2281358 ], [ 110.3765416, -7.2280415 ], [ 110.3766138, -7.2280847 ] ] ] ] } },
{ "type": "Feature", "properties": { "full_id": "w1085356037", "osm_id": "1085356037", "osm_type": "way", "building": "yes", "name": null, "amenity": null, "brand": null, "wheelchair": null }, "geometry": { "type": "MultiPolygon", "coordinates": [ [ [ [ 110.3754035, -7.2284178 ], [ 110.3755242, -7.2284524 ], [ 110.3754991, -7.2285386 ], [ 110.3753784, -7.228504 ], [ 110.3754035, -7.2284178 ] ] ] ] } },
{ "type": "Feature", "properties": { "full_id": "w1085784278", "osm_id": "1085784278", "osm_type": "way", "building": "yes", "name": null, "amenity": null, "brand": null, "wheelchair": null }, "geometry": { "type": "MultiPolygon", "coordinates": [ [ [ [ 110.3762028, -7.231128 ], [ 110.3762406, -7.2311398 ], [ 110.3762118, -7.2312303 ], [ 110.3761739, -7.2312184 ], [ 110.3762028, -7.231128 ] ] ] ] } },
{ "type": "Feature", "properties": { "full_id": "w1085784279", "osm_id": "1085784279", "osm_type": "way", "building": "yes", "name": null, "amenity": null, "brand": null, "wheelchair": null }, "geometry": { "type": "MultiPolygon", "coordinates": [ [ [ [ 110.3734428, -7.2281517 ], [ 110.3735053, -7.2281734 ], [ 110.3734639, -7.2282906 ], [ 110.3734014, -7.2282689 ], [ 110.3734428, -7.2281517 ] ] ] ] } },
{ "type": "Feature", "properties": { "full_id": "w1085784280", "osm_id": "1085784280", "osm_type": "way", "building": "yes", "name": null, "amenity": null, "brand": null, "wheelchair": null }, "geometry": { "type": "MultiPolygon", "coordinates": [ [ [ [ 110.3743058, -7.2290551 ], [ 110.3742447, -7.2290485 ], [ 110.3742513, -7.2289889 ], [ 110.3743124, -7.2289955 ], [ 110.3743058, -7.2290551 ] ] ] ] } },
{ "type": "Feature", "properties": { "full_id": "w1085784281", "osm_id": "1085784281", "osm_type": "way", "building": "yes", "name": null, "amenity": null, "brand": null, "wheelchair": null }, "geometry": { "type": "MultiPolygon", "coordinates": [ [ [ [ 110.3743668, -7.2290618 ], [ 110.3743058, -7.2290551 ], [ 110.3743124, -7.2289955 ], [ 110.3743734, -7.2290022 ], [ 110.3743668, -7.2290618 ] ] ] ] } },
{ "type": "Feature", "properties": { "full_id": "w1085784282", "osm_id": "1085784282", "osm_type": "way", "building": "yes", "name": null, "amenity": null, "brand": null, "wheelchair": null }, "geometry": { "type": "MultiPolygon", "coordinates": [ [ [ [ 110.3744278, -7.2290684 ], [ 110.3743668, -7.2290618 ], [ 110.3743734, -7.2290022 ], [ 110.3744344, -7.2290088 ], [ 110.3744278, -7.2290684 ] ] ] ] } },
{ "type": "Feature", "properties": { "full_id": "w1085784283", "osm_id": "1085784283", "osm_type": "way", "building": "yes", "name": null, "amenity": null, "brand": null, "wheelchair": null }, "geometry": { "type": "MultiPolygon", "coordinates": [ [ [ [ 110.374267, -7.2289821 ], [ 110.3742099, -7.2289753 ], [ 110.3742185, -7.2289044 ], [ 110.3742756, -7.2289113 ], [ 110.374267, -7.2289821 ] ] ] ] } },
{ "type": "Feature", "properties": { "full_id": "w1085784284", "osm_id": "1085784284", "osm_type": "way", "building": "yes", "name": null, "amenity": null, "brand": null, "wheelchair": null }, "geometry": { "type": "MultiPolygon", "coordinates": [ [ [ [ 110.3743242, -7.2289889 ], [ 110.374267, -7.2289821 ], [ 110.3742756, -7.2289113 ], [ 110.3743328, -7.2289181 ], [ 110.3743242, -7.2289889 ] ] ] ] } },
{ "type": "Feature", "properties": { "full_id": "w1085784285", "osm_id": "1085784285", "osm_type": "way", "building": "yes", "name": null, "amenity": null, "brand": null, "wheelchair": null }, "geometry": { "type": "MultiPolygon", "coordinates": [ [ [ [ 110.3743814, -7.2289958 ], [ 110.3743242, -7.2289889 ], [ 110.3743328, -7.2289181 ], [ 110.37439, -7.2289249 ], [ 110.3743814, -7.2289958 ] ] ] ] } },
{ "type": "Feature", "properties": { "full_id": "w1085784286", "osm_id": "1085784286", "osm_type": "way", "building": "yes", "name": null, "amenity": null, "brand": null, "wheelchair": null }, "geometry": { "type": "MultiPolygon", "coordinates": [ [ [ [ 110.3744385, -7.2290026 ], [ 110.3743814, -7.2289958 ], [ 110.37439, -7.2289249 ], [ 110.3744471, -7.2289317 ], [ 110.3744385, -7.2290026 ] ] ] ] } },
{ "type": "Feature", "properties": { "full_id": "w1085784294", "osm_id": "1085784294", "osm_type": "way", "building": "yes", "name": null, "amenity": null, "brand": null, "wheelchair": null }, "geometry": { "type": "MultiPolygon", "coordinates": [ [ [ [ 110.3758239, -7.2310767 ], [ 110.3759117, -7.231122 ], [ 110.3758702, -7.2312013 ], [ 110.3757824, -7.2311561 ], [ 110.3758239, -7.2310767 ] ] ] ] } },
{ "type": "Feature", "properties": { "full_id": "w1085784295", "osm_id": "1085784295", "osm_type": "way", "building": "yes", "name": null, "amenity": null, "brand": null, "wheelchair": null }, "geometry": { "type": "MultiPolygon", "coordinates": [ [ [ [ 110.3758266, -7.2312543 ], [ 110.3759205, -7.2312963 ], [ 110.3758832, -7.2313783 ], [ 110.3757893, -7.2313364 ], [ 110.3758266, -7.2312543 ] ] ] ] } },
{ "type": "Feature", "properties": { "full_id": "w1085784296", "osm_id": "1085784296", "osm_type": "way", "building": "yes", "name": null, "amenity": null, "brand": null, "wheelchair": null }, "geometry": { "type": "MultiPolygon", "coordinates": [ [ [ [ 110.3737562, -7.2271096 ], [ 110.3738114, -7.2270198 ], [ 110.3739405, -7.2270979 ], [ 110.3738853, -7.2271877 ], [ 110.3737562, -7.2271096 ] ] ] ] } },
{ "type": "Feature", "properties": { "full_id": "w1085784297", "osm_id": "1085784297", "osm_type": "way", "building": "yes", "name": null, "amenity": null, "brand": null, "wheelchair": null }, "geometry": { "type": "MultiPolygon", "coordinates": [ [ [ [ 110.3739162, -7.2271618 ], [ 110.3739529, -7.2270977 ], [ 110.3740739, -7.2271658 ], [ 110.3740373, -7.2272299 ], [ 110.3739162, -7.2271618 ] ] ] ] } },
{ "type": "Feature", "properties": { "full_id": "w1085784298", "osm_id": "1085784298", "osm_type": "way", "building": "yes", "name": null, "amenity": null, "brand": null, "wheelchair": null }, "geometry": { "type": "MultiPolygon", "coordinates": [ [ [ [ 110.3735514, -7.2272537 ], [ 110.3736183, -7.2271398 ], [ 110.373853, -7.2272756 ], [ 110.3737861, -7.2273894 ], [ 110.3735514, -7.2272537 ] ] ] ] } },
{ "type": "Feature", "properties": { "full_id": "w1085784309", "osm_id": "1085784309", "osm_type": "way", "building": "yes", "name": null, "amenity": null, "brand": null, "wheelchair": null }, "geometry": { "type": "MultiPolygon", "coordinates": [ [ [ [ 110.3759915, -7.2310195 ], [ 110.3760261, -7.2309459 ], [ 110.3761177, -7.2309883 ], [ 110.3760831, -7.2310619 ], [ 110.3759915, -7.2310195 ] ] ] ] } },
{ "type": "Feature", "properties": { "full_id": "w1085784310", "osm_id": "1085784310", "osm_type": "way", "building": "yes", "name": null, "amenity": null, "brand": null, "wheelchair": null }, "geometry": { "type": "MultiPolygon", "coordinates": [ [ [ [ 110.375669, -7.2313016 ], [ 110.3756839, -7.2312486 ], [ 110.375791, -7.2312783 ], [ 110.3757761, -7.2313313 ], [ 110.375669, -7.2313016 ] ] ] ] } },
{ "type": "Feature", "properties": { "full_id": "w1085784311", "osm_id": "1085784311", "osm_type": "way", "building": "yes", "name": null, "amenity": null, "brand": null, "wheelchair": null }, "geometry": { "type": "MultiPolygon", "coordinates": [ [ [ [ 110.37561, -7.2311805 ], [ 110.3756741, -7.2311983 ], [ 110.3756325, -7.2313459 ], [ 110.3755684, -7.2313282 ], [ 110.37561, -7.2311805 ] ] ] ] } },
{ "type": "Feature", "properties": { "full_id": "w1085784312", "osm_id": "1085784312", "osm_type": "way", "building": "yes", "name": null, "amenity": null, "brand": null, "wheelchair": null }, "geometry": { "type": "MultiPolygon", "coordinates": [ [ [ [ 110.3754289, -7.2308293 ], [ 110.3755218, -7.2308961 ], [ 110.3754383, -7.2310102 ], [ 110.3753455, -7.2309434 ], [ 110.3754289, -7.2308293 ] ] ] ] } },
{ "type": "Feature", "properties": { "full_id": "w1085784313", "osm_id": "1085784313", "osm_type": "way", "building": "yes", "name": null, "amenity": null, "brand": null, "wheelchair": null }, "geometry": { "type": "MultiPolygon", "coordinates": [ [ [ [ 110.3753796, -7.2307869 ], [ 110.3752935, -7.2309046 ], [ 110.3752154, -7.2308484 ], [ 110.3753015, -7.2307307 ], [ 110.3753796, -7.2307869 ] ] ] ] } },
{ "type": "Feature", "properties": { "full_id": "w1085784314", "osm_id": "1085784314", "osm_type": "way", "building": "yes", "name": null, "amenity": null, "brand": null, "wheelchair": null }, "geometry": { "type": "MultiPolygon", "coordinates": [ [ [ [ 110.3756773, -7.2302113 ], [ 110.375734, -7.2302633 ], [ 110.3756487, -7.230355 ], [ 110.3755919, -7.230303 ], [ 110.3756773, -7.2302113 ] ] ] ] } },
{ "type": "Feature", "properties": { "full_id": "w1085784315", "osm_id": "1085784315", "osm_type": "way", "building": "yes", "name": null, "amenity": null, "brand": null, "wheelchair": null }, "geometry": { "type": "MultiPolygon", "coordinates": [ [ [ [ 110.3751379, -7.2302113 ], [ 110.3752041, -7.2301145 ], [ 110.3753919, -7.2302409 ], [ 110.3753257, -7.2303377 ], [ 110.3751379, -7.2302113 ] ] ] ] } },
{ "type": "Feature", "properties": { "full_id": "w1085784316", "osm_id": "1085784316", "osm_type": "way", "building": "yes", "name": null, "amenity": null, "brand": null, "wheelchair": null }, "geometry": { "type": "MultiPolygon", "coordinates": [ [ [ [ 110.3749032, -7.2300583 ], [ 110.3749711, -7.2299594 ], [ 110.3751562, -7.2300844 ], [ 110.3750883, -7.2301833 ], [ 110.3749032, -7.2300583 ] ] ] ] } },
{ "type": "Feature", "properties": { "full_id": "w1085784317", "osm_id": "1085784317", "osm_type": "way", "building": "yes", "name": null, "amenity": null, "brand": null, "wheelchair": null }, "geometry": { "type": "MultiPolygon", "coordinates": [ [ [ [ 110.3748174, -7.2301368 ], [ 110.374913, -7.2302203 ], [ 110.374685, -7.2304771 ], [ 110.3745894, -7.2303935 ], [ 110.3748174, -7.2301368 ] ] ] ] } },
{ "type": "Feature", "properties": { "full_id": "w1085784318", "osm_id": "1085784318", "osm_type": "way", "building": "yes", "name": null, "amenity": null, "brand": null, "wheelchair": null }, "geometry": { "type": "MultiPolygon", "coordinates": [ [ [ [ 110.3750803, -7.230327 ], [ 110.3751749, -7.2304039 ], [ 110.3749322, -7.230698 ], [ 110.3748375, -7.2306211 ], [ 110.3750803, -7.230327 ] ] ] ] } },
{ "type": "Feature", "properties": { "full_id": "w1085784319", "osm_id": "1085784319", "osm_type": "way", "building": "yes", "name": null, "amenity": null, "brand": null, "wheelchair": null }, "geometry": { "type": "MultiPolygon", "coordinates": [ [ [ [ 110.3750874, -7.2310532 ], [ 110.3751855, -7.2311171 ], [ 110.3749963, -7.2314028 ], [ 110.3748983, -7.2313389 ], [ 110.3750874, -7.2310532 ] ] ] ] } },
{ "type": "Feature", "properties": { "full_id": "w1085784320", "osm_id": "1085784320", "osm_type": "way", "building": "yes", "name": null, "amenity": null, "brand": null, "wheelchair": null }, "geometry": { "type": "MultiPolygon", "coordinates": [ [ [ [ 110.3748385, -7.2309012 ], [ 110.374905, -7.2309503 ], [ 110.3748035, -7.2310854 ], [ 110.374737, -7.2310363 ], [ 110.3748385, -7.2309012 ] ] ] ] } },
{ "type": "Feature", "properties": { "full_id": "w1085784321", "osm_id": "1085784321", "osm_type": "way", "building": "yes", "name": null, "amenity": null, "brand": null, "wheelchair": null }, "geometry": { "type": "MultiPolygon", "coordinates": [ [ [ [ 110.3734978, -7.2303749 ], [ 110.3735263, -7.2303001 ], [ 110.3736255, -7.2303373 ], [ 110.373597, -7.2304122 ], [ 110.3734978, -7.2303749 ] ] ] ] } },
{ "type": "Feature", "properties": { "full_id": "w1085784322", "osm_id": "1085784322", "osm_type": "way", "building": "yes", "name": null, "amenity": null, "brand": null, "wheelchair": null }, "geometry": { "type": "MultiPolygon", "coordinates": [ [ [ [ 110.3731692, -7.2305798 ], [ 110.3733067, -7.2306244 ], [ 110.37319, -7.2309783 ], [ 110.3730525, -7.2309337 ], [ 110.3731692, -7.2305798 ] ] ] ] } },
{ "type": "Feature", "properties": { "full_id": "w1085784323", "osm_id": "1085784323", "osm_type": "way", "building": "yes", "name": null, "amenity": null, "brand": null, "wheelchair": null }, "geometry": { "type": "MultiPolygon", "coordinates": [ [ [ [ 110.373004, -7.2304691 ], [ 110.3730837, -7.2305564 ], [ 110.3728819, -7.2307377 ], [ 110.3728023, -7.2306504 ], [ 110.373004, -7.2304691 ] ] ] ] } },
{ "type": "Feature", "properties": { "full_id": "w1085784324", "osm_id": "1085784324", "osm_type": "way", "building": "yes", "name": null, "amenity": null, "brand": null, "wheelchair": null }, "geometry": { "type": "MultiPolygon", "coordinates": [ [ [ [ 110.3733744, -7.23018 ], [ 110.3733472, -7.230074 ], [ 110.3735873, -7.2300135 ], [ 110.3736144, -7.2301195 ], [ 110.3733744, -7.23018 ] ] ] ] } },
{ "type": "Feature", "properties": { "full_id": "w1393215549", "osm_id": "1393215549", "osm_type": "way", "building": "yes", "name": null, "amenity": null, "brand": null, "wheelchair": null }, "geometry": { "type": "MultiPolygon", "coordinates": [ [ [ [ 110.3748114, -7.2276494 ], [ 110.3748506, -7.2276058 ], [ 110.3749046, -7.2276535 ], [ 110.3748653, -7.2276972 ], [ 110.3748114, -7.2276494 ] ] ] ] } },
{ "type": "Feature", "properties": { "full_id": "w1393215551", "osm_id": "1393215551", "osm_type": "way", "building": "yes", "name": null, "amenity": null, "brand": null, "wheelchair": null }, "geometry": { "type": "MultiPolygon", "coordinates": [ [ [ [ 110.3746122, -7.2284285 ], [ 110.3748319, -7.2284984 ], [ 110.3747273, -7.2288217 ], [ 110.3745076, -7.2287518 ], [ 110.3746122, -7.2284285 ] ] ] ] } },
{ "type": "Feature", "properties": { "full_id": "w1393215552", "osm_id": "1393215552", "osm_type": "way", "building": "yes", "name": null, "amenity": null, "brand": null, "wheelchair": null }, "geometry": { "type": "MultiPolygon", "coordinates": [ [ [ [ 110.374639, -7.2290997 ], [ 110.3747047, -7.2291026 ], [ 110.374702, -7.2291614 ], [ 110.3746364, -7.2291585 ], [ 110.374639, -7.2290997 ] ] ] ] } },
{ "type": "Feature", "properties": { "full_id": "w1393215553", "osm_id": "1393215553", "osm_type": "way", "building": "yes", "name": null, "amenity": null, "brand": null, "wheelchair": null }, "geometry": { "type": "MultiPolygon", "coordinates": [ [ [ [ 110.3745351, -7.229095 ], [ 110.374639, -7.2290997 ], [ 110.3746364, -7.2291585 ], [ 110.3745324, -7.2291538 ], [ 110.3745351, -7.229095 ] ] ] ] } },
{ "type": "Feature", "properties": { "full_id": "w1393215554", "osm_id": "1393215554", "osm_type": "way", "building": "yes", "name": null, "amenity": null, "brand": null, "wheelchair": null }, "geometry": { "type": "MultiPolygon", "coordinates": [ [ [ [ 110.3744757, -7.2281494 ], [ 110.3745181, -7.2282003 ], [ 110.3744719, -7.2282382 ], [ 110.3744294, -7.2281873 ], [ 110.3744757, -7.2281494 ] ] ] ] } },
{ "type": "Feature", "properties": { "full_id": "w1393215555", "osm_id": "1393215555", "osm_type": "way", "building": "yes", "name": null, "amenity": null, "brand": null, "wheelchair": null }, "geometry": { "type": "MultiPolygon", "coordinates": [ [ [ [ 110.3745191, -7.2281138 ], [ 110.3745615, -7.2281648 ], [ 110.3745181, -7.2282003 ], [ 110.3744757, -7.2281494 ], [ 110.3745191, -7.2281138 ] ] ] ] } },
{ "type": "Feature", "properties": { "full_id": "w1393215556", "osm_id": "1393215556", "osm_type": "way", "building": "yes", "name": null, "amenity": null, "brand": null, "wheelchair": null }, "geometry": { "type": "MultiPolygon", "coordinates": [ [ [ [ 110.3745637, -7.2280773 ], [ 110.3746061, -7.2281283 ], [ 110.3745615, -7.2281648 ], [ 110.3745191, -7.2281138 ], [ 110.3745637, -7.2280773 ] ] ] ] } },
{ "type": "Feature", "properties": { "full_id": "w1393215557", "osm_id": "1393215557", "osm_type": "way", "building": "yes", "name": null, "amenity": null, "brand": null, "wheelchair": null }, "geometry": { "type": "MultiPolygon", "coordinates": [ [ [ [ 110.3746533, -7.2280896 ], [ 110.3746061, -7.2281283 ], [ 110.3745637, -7.2280773 ], [ 110.3746109, -7.2280387 ], [ 110.3746533, -7.2280896 ] ] ] ] } },
{ "type": "Feature", "properties": { "full_id": "w1393215558", "osm_id": "1393215558", "osm_type": "way", "building": "yes", "name": null, "amenity": null, "brand": null, "wheelchair": null }, "geometry": { "type": "MultiPolygon", "coordinates": [ [ [ [ 110.3746596, -7.2279961 ], [ 110.3746935, -7.2280586 ], [ 110.3746479, -7.228083 ], [ 110.374614, -7.2280205 ], [ 110.3746596, -7.2279961 ] ] ] ] } },
{ "type": "Feature", "properties": { "full_id": "w1393215559", "osm_id": "1393215559", "osm_type": "way", "building": "yes", "name": null, "amenity": null, "brand": null, "wheelchair": null }, "geometry": { "type": "MultiPolygon", "coordinates": [ [ [ [ 110.3747022, -7.2279733 ], [ 110.3747362, -7.2280358 ], [ 110.3746935, -7.2280586 ], [ 110.3746596, -7.2279961 ], [ 110.3747022, -7.2279733 ] ] ] ] } },
{ "type": "Feature", "properties": { "full_id": "w1393215560", "osm_id": "1393215560", "osm_type": "way", "building": "yes", "name": null, "amenity": null, "brand": null, "wheelchair": null }, "geometry": { "type": "MultiPolygon", "coordinates": [ [ [ [ 110.374785, -7.2280097 ], [ 110.3747362, -7.2280358 ], [ 110.3747022, -7.2279733 ], [ 110.374751, -7.2279472 ], [ 110.374785, -7.2280097 ] ] ] ] } },
{ "type": "Feature", "properties": { "full_id": "w1393215561", "osm_id": "1393215561", "osm_type": "way", "building": "yes", "name": null, "amenity": null, "brand": null, "wheelchair": null }, "geometry": { "type": "MultiPolygon", "coordinates": [ [ [ [ 110.3748342, -7.2279874 ], [ 110.374785, -7.2280097 ], [ 110.3747551, -7.2279449 ], [ 110.3748043, -7.2279226 ], [ 110.3748342, -7.2279874 ] ] ] ] } },
{ "type": "Feature", "properties": { "full_id": "w1393215562", "osm_id": "1393215562", "osm_type": "way", "building": "yes", "name": null, "amenity": null, "brand": null, "wheelchair": null }, "geometry": { "type": "MultiPolygon", "coordinates": [ [ [ [ 110.3746133, -7.2278699 ], [ 110.3746672, -7.2279176 ], [ 110.3746264, -7.227963 ], [ 110.3745724, -7.2279153 ], [ 110.3746133, -7.2278699 ] ] ] ] } },
{ "type": "Feature", "properties": { "full_id": "w1393215563", "osm_id": "1393215563", "osm_type": "way", "building": "yes", "name": null, "amenity": null, "brand": null, "wheelchair": null }, "geometry": { "type": "MultiPolygon", "coordinates": [ [ [ [ 110.3748578, -7.2277056 ], [ 110.3748653, -7.2276972 ], [ 110.3749046, -7.2276535 ], [ 110.3749498, -7.2276935 ], [ 110.374903, -7.2277455 ], [ 110.3748578, -7.2277056 ] ] ] ] } },
{ "type": "Feature", "properties": { "full_id": "w1393215564", "osm_id": "1393215564", "osm_type": "way", "building": "yes", "name": null, "amenity": null, "brand": null, "wheelchair": null }, "geometry": { "type": "MultiPolygon", "coordinates": [ [ [ [ 110.374829, -7.2277376 ], [ 110.3748742, -7.2277776 ], [ 110.3748316, -7.227825 ], [ 110.3747864, -7.227785 ], [ 110.3748247, -7.2277423 ], [ 110.374829, -7.2277376 ] ] ] ] } },
{ "type": "Feature", "properties": { "full_id": "w1393215565", "osm_id": "1393215565", "osm_type": "way", "building": "yes", "name": null, "amenity": null, "brand": null, "wheelchair": null }, "geometry": { "type": "MultiPolygon", "coordinates": [ [ [ [ 110.3748578, -7.2277056 ], [ 110.374903, -7.2277455 ], [ 110.3748742, -7.2277776 ], [ 110.374829, -7.2277376 ], [ 110.3748578, -7.2277056 ] ] ] ] } },
{ "type": "Feature", "properties": { "full_id": "w1393215566", "osm_id": "1393215566", "osm_type": "way", "building": "yes", "name": null, "amenity": null, "brand": null, "wheelchair": null }, "geometry": { "type": "MultiPolygon", "coordinates": [ [ [ [ 110.3747018, -7.2277713 ], [ 110.3747558, -7.227819 ], [ 110.374724, -7.2278543 ], [ 110.3746701, -7.2278066 ], [ 110.3747018, -7.2277713 ] ] ] ] } },
{ "type": "Feature", "properties": { "full_id": "w1393215567", "osm_id": "1393215567", "osm_type": "way", "building": "yes", "name": null, "amenity": null, "brand": null, "wheelchair": null }, "geometry": { "type": "MultiPolygon", "coordinates": [ [ [ [ 110.3747314, -7.2277384 ], [ 110.3747854, -7.2277861 ], [ 110.3747558, -7.227819 ], [ 110.3747018, -7.2277713 ], [ 110.3747314, -7.2277384 ] ] ] ] } },
{ "type": "Feature", "properties": { "full_id": "w1393215568", "osm_id": "1393215568", "osm_type": "way", "building": "yes", "name": null, "amenity": null, "brand": null, "wheelchair": null }, "geometry": { "type": "MultiPolygon", "coordinates": [ [ [ [ 110.3747708, -7.2276946 ], [ 110.3748247, -7.2277423 ], [ 110.3747864, -7.227785 ], [ 110.3747854, -7.2277861 ], [ 110.3747314, -7.2277384 ], [ 110.3747708, -7.2276946 ] ] ] ] } },
{ "type": "Feature", "properties": { "full_id": "w1393215569", "osm_id": "1393215569", "osm_type": "way", "building": "yes", "name": null, "amenity": null, "brand": null, "wheelchair": null }, "geometry": { "type": "MultiPolygon", "coordinates": [ [ [ [ 110.3748114, -7.2276494 ], [ 110.3748653, -7.2276972 ], [ 110.3748578, -7.2277056 ], [ 110.374829, -7.2277376 ], [ 110.3748247, -7.2277423 ], [ 110.3747708, -7.2276946 ], [ 110.3748114, -7.2276494 ] ] ] ] } },
{ "type": "Feature", "properties": { "full_id": "w1393215570", "osm_id": "1393215570", "osm_type": "way", "building": "yes", "name": null, "amenity": null, "brand": null, "wheelchair": null }, "geometry": { "type": "MultiPolygon", "coordinates": [ [ [ [ 110.3742019, -7.2280447 ], [ 110.374266, -7.2281047 ], [ 110.3742069, -7.2281668 ], [ 110.3741428, -7.2281068 ], [ 110.3742019, -7.2280447 ] ] ] ] } },
{ "type": "Feature", "properties": { "full_id": "w1393215571", "osm_id": "1393215571", "osm_type": "way", "building": "yes", "name": null, "amenity": null, "brand": null, "wheelchair": null }, "geometry": { "type": "MultiPolygon", "coordinates": [ [ [ [ 110.3742429, -7.2280016 ], [ 110.3743069, -7.2280616 ], [ 110.374266, -7.2281047 ], [ 110.3742019, -7.2280447 ], [ 110.3742429, -7.2280016 ] ] ] ] } },
{ "type": "Feature", "properties": { "full_id": "w1393215572", "osm_id": "1393215572", "osm_type": "way", "building": "yes", "name": null, "amenity": null, "brand": null, "wheelchair": null }, "geometry": { "type": "MultiPolygon", "coordinates": [ [ [ [ 110.3742799, -7.2279627 ], [ 110.3743439, -7.2280227 ], [ 110.3743069, -7.2280616 ], [ 110.3742429, -7.2280016 ], [ 110.3742799, -7.2279627 ] ] ] ] } },
{ "type": "Feature", "properties": { "full_id": "w1393215573", "osm_id": "1393215573", "osm_type": "way", "building": "yes", "name": null, "amenity": null, "brand": null, "wheelchair": null }, "geometry": { "type": "MultiPolygon", "coordinates": [ [ [ [ 110.3743125, -7.2279284 ], [ 110.3743766, -7.2279884 ], [ 110.3743439, -7.2280227 ], [ 110.3742799, -7.2279627 ], [ 110.3743125, -7.2279284 ] ] ] ] } },
{ "type": "Feature", "properties": { "full_id": "w1393215574", "osm_id": "1393215574", "osm_type": "way", "building": "yes", "name": null, "amenity": null, "brand": null, "wheelchair": null }, "geometry": { "type": "MultiPolygon", "coordinates": [ [ [ [ 110.3743515, -7.2278874 ], [ 110.3744156, -7.2279474 ], [ 110.3743766, -7.2279884 ], [ 110.3743125, -7.2279284 ], [ 110.3743515, -7.2278874 ] ] ] ] } },
{ "type": "Feature", "properties": { "full_id": "w1393215575", "osm_id": "1393215575", "osm_type": "way", "building": "yes", "name": null, "amenity": null, "brand": null, "wheelchair": null }, "geometry": { "type": "MultiPolygon", "coordinates": [ [ [ [ 110.3743959, -7.2278408 ], [ 110.3744599, -7.2279008 ], [ 110.3744156, -7.2279474 ], [ 110.3743515, -7.2278874 ], [ 110.3743959, -7.2278408 ] ] ] ] } },
{ "type": "Feature", "properties": { "full_id": "w1393215576", "osm_id": "1393215576", "osm_type": "way", "building": "yes", "name": null, "amenity": null, "brand": null, "wheelchair": null }, "geometry": { "type": "MultiPolygon", "coordinates": [ [ [ [ 110.3744283, -7.2278066 ], [ 110.3744924, -7.2278666 ], [ 110.3744599, -7.2279008 ], [ 110.3743959, -7.2278408 ], [ 110.3744283, -7.2278066 ] ] ] ] } },
{ "type": "Feature", "properties": { "full_id": "w1393215577", "osm_id": "1393215577", "osm_type": "way", "building": "yes", "name": null, "amenity": null, "brand": null, "wheelchair": null }, "geometry": { "type": "MultiPolygon", "coordinates": [ [ [ [ 110.3744661, -7.227767 ], [ 110.3745301, -7.2278269 ], [ 110.3744924, -7.2278666 ], [ 110.3744283, -7.2278066 ], [ 110.3744661, -7.227767 ] ] ] ] } },
{ "type": "Feature", "properties": { "full_id": "w1393215578", "osm_id": "1393215578", "osm_type": "way", "building": "yes", "name": null, "amenity": null, "brand": null, "wheelchair": null }, "geometry": { "type": "MultiPolygon", "coordinates": [ [ [ [ 110.3745045, -7.2277266 ], [ 110.3745685, -7.2277866 ], [ 110.3745301, -7.2278269 ], [ 110.3744661, -7.227767 ], [ 110.3745045, -7.2277266 ] ] ] ] } },
{ "type": "Feature", "properties": { "full_id": "w1393215579", "osm_id": "1393215579", "osm_type": "way", "building": "yes", "name": null, "amenity": null, "brand": null, "wheelchair": null }, "geometry": { "type": "MultiPolygon", "coordinates": [ [ [ [ 110.3745432, -7.2276859 ], [ 110.3746073, -7.2277458 ], [ 110.3745685, -7.2277866 ], [ 110.3745045, -7.2277266 ], [ 110.3745432, -7.2276859 ] ] ] ] } },
{ "type": "Feature", "properties": { "full_id": "w1393215580", "osm_id": "1393215580", "osm_type": "way", "building": "yes", "name": null, "amenity": null, "brand": null, "wheelchair": null }, "geometry": { "type": "MultiPolygon", "coordinates": [ [ [ [ 110.3745766, -7.2276508 ], [ 110.3746406, -7.2277108 ], [ 110.3746073, -7.2277458 ], [ 110.3745432, -7.2276859 ], [ 110.3745766, -7.2276508 ] ] ] ] } },
{ "type": "Feature", "properties": { "full_id": "w1393215581", "osm_id": "1393215581", "osm_type": "way", "building": "yes", "name": null, "amenity": null, "brand": null, "wheelchair": null }, "geometry": { "type": "MultiPolygon", "coordinates": [ [ [ [ 110.3746555, -7.2275678 ], [ 110.3747195, -7.2276278 ], [ 110.3746708, -7.227679 ], [ 110.3746068, -7.227619 ], [ 110.3746555, -7.2275678 ] ] ] ] } },
{ "type": "Feature", "properties": { "full_id": "w1393215582", "osm_id": "1393215582", "osm_type": "way", "building": "yes", "name": null, "amenity": null, "brand": null, "wheelchair": null }, "geometry": { "type": "MultiPolygon", "coordinates": [ [ [ [ 110.3746888, -7.2275328 ], [ 110.3747528, -7.2275928 ], [ 110.3747195, -7.2276278 ], [ 110.3746555, -7.2275678 ], [ 110.3746888, -7.2275328 ] ] ] ] } },
{ "type": "Feature", "properties": { "full_id": "w1393215583", "osm_id": "1393215583", "osm_type": "way", "building": "yes", "name": null, "amenity": null, "brand": null, "wheelchair": null }, "geometry": { "type": "MultiPolygon", "coordinates": [ [ [ [ 110.3747316, -7.2274879 ], [ 110.3747956, -7.2275478 ], [ 110.3747528, -7.2275928 ], [ 110.3746888, -7.2275328 ], [ 110.3747316, -7.2274879 ] ] ] ] } },
{ "type": "Feature", "properties": { "full_id": "w1393215584", "osm_id": "1393215584", "osm_type": "way", "building": "yes", "name": null, "amenity": null, "brand": null, "wheelchair": null }, "geometry": { "type": "MultiPolygon", "coordinates": [ [ [ [ 110.3751813, -7.2278031 ], [ 110.3752345, -7.2277865 ], [ 110.3752564, -7.2278552 ], [ 110.3752032, -7.2278718 ], [ 110.3751813, -7.2278031 ] ] ] ] } },
{ "type": "Feature", "properties": { "full_id": "w1393215585", "osm_id": "1393215585", "osm_type": "way", "building": "yes", "name": null, "amenity": null, "brand": null, "wheelchair": null }, "geometry": { "type": "MultiPolygon", "coordinates": [ [ [ [ 110.3751349, -7.2278177 ], [ 110.3751813, -7.2278031 ], [ 110.3752032, -7.2278718 ], [ 110.3751567, -7.2278864 ], [ 110.3751349, -7.2278177 ] ] ] ] } },
{ "type": "Feature", "properties": { "full_id": "w1393215586", "osm_id": "1393215586", "osm_type": "way", "building": "yes", "name": null, "amenity": null, "brand": null, "wheelchair": null }, "geometry": { "type": "MultiPolygon", "coordinates": [ [ [ [ 110.3750804, -7.2278347 ], [ 110.3751349, -7.2278177 ], [ 110.3751567, -7.2278864 ], [ 110.3751023, -7.2279034 ], [ 110.3750804, -7.2278347 ] ] ] ] } },
{ "type": "Feature", "properties": { "full_id": "w1393215587", "osm_id": "1393215587", "osm_type": "way", "building": "yes", "name": null, "amenity": null, "brand": null, "wheelchair": null }, "geometry": { "type": "MultiPolygon", "coordinates": [ [ [ [ 110.3750332, -7.2278495 ], [ 110.3750804, -7.2278347 ], [ 110.3751023, -7.2279034 ], [ 110.3750551, -7.2279182 ], [ 110.3750332, -7.2278495 ] ] ] ] } },
{ "type": "Feature", "properties": { "full_id": "w1393215588", "osm_id": "1393215588", "osm_type": "way", "building": "yes", "name": null, "amenity": null, "brand": null, "wheelchair": null }, "geometry": { "type": "MultiPolygon", "coordinates": [ [ [ [ 110.3749838, -7.227865 ], [ 110.3750332, -7.2278495 ], [ 110.3750551, -7.2279182 ], [ 110.3750056, -7.2279337 ], [ 110.3749838, -7.227865 ] ] ] ] } },
{ "type": "Feature", "properties": { "full_id": "w1393215589", "osm_id": "1393215589", "osm_type": "way", "building": "yes", "name": null, "amenity": null, "brand": null, "wheelchair": null }, "geometry": { "type": "MultiPolygon", "coordinates": [ [ [ [ 110.3749308, -7.2278816 ], [ 110.3749838, -7.227865 ], [ 110.3750056, -7.2279337 ], [ 110.3749527, -7.2279503 ], [ 110.3749308, -7.2278816 ] ] ] ] } },
{ "type": "Feature", "properties": { "full_id": "w1393215590", "osm_id": "1393215590", "osm_type": "way", "building": "yes", "name": null, "amenity": null, "brand": null, "wheelchair": null }, "geometry": { "type": "MultiPolygon", "coordinates": [ [ [ [ 110.3748731, -7.2278997 ], [ 110.3749308, -7.2278816 ], [ 110.3749527, -7.2279503 ], [ 110.374895, -7.2279684 ], [ 110.3748731, -7.2278997 ] ] ] ] } },
{ "type": "Feature", "properties": { "full_id": "w1393215591", "osm_id": "1393215591", "osm_type": "way", "building": "yes", "name": null, "amenity": null, "brand": null, "wheelchair": null }, "geometry": { "type": "MultiPolygon", "coordinates": [ [ [ [ 110.3748123, -7.2279187 ], [ 110.3748731, -7.2278997 ], [ 110.374895, -7.2279684 ], [ 110.3748342, -7.2279874 ], [ 110.3748123, -7.2279187 ] ] ] ] } },
{ "type": "Feature", "properties": { "full_id": "w1393255268", "osm_id": "1393255268", "osm_type": "way", "building": "yes", "name": null, "amenity": null, "brand": null, "wheelchair": null }, "geometry": { "type": "MultiPolygon", "coordinates": [ [ [ [ 110.3753574, -7.2329799 ], [ 110.3754175, -7.2330143 ], [ 110.375366, -7.2331031 ], [ 110.3753058, -7.2330688 ], [ 110.3752948, -7.2330877 ], [ 110.3750642, -7.232956 ], [ 110.3751267, -7.2328482 ], [ 110.3753574, -7.2329799 ] ] ] ] } },
{ "type": "Feature", "properties": { "full_id": "w1393255269", "osm_id": "1393255269", "osm_type": "way", "building": "yes", "name": null, "amenity": null, "brand": null, "wheelchair": null }, "geometry": { "type": "MultiPolygon", "coordinates": [ [ [ [ 110.374203002, -7.234018622 ], [ 110.374266695425007, -7.233944310476049 ], [ 110.3743061, -7.2339635 ], [ 110.3742595, -7.2340576 ], [ 110.3740329, -7.2339471 ], [ 110.374053916664479, -7.233904614699752 ], [ 110.374203002, -7.234018622 ] ] ] ] } },
{ "type": "Feature", "properties": { "full_id": "w1393255270", "osm_id": "1393255270", "osm_type": "way", "building": "yes", "name": null, "amenity": null, "brand": null, "wheelchair": null }, "geometry": { "type": "MultiPolygon", "coordinates": [ [ [ [ 110.3746133, -7.2278699 ], [ 110.374653, -7.2278256 ], [ 110.374707, -7.2278733 ], [ 110.3746672, -7.2279176 ], [ 110.3746133, -7.2278699 ] ] ] ] } },
{ "type": "Feature", "properties": { "full_id": "w1393255271", "osm_id": "1393255271", "osm_type": "way", "building": "yes", "name": null, "amenity": null, "brand": null, "wheelchair": null }, "geometry": { "type": "MultiPolygon", "coordinates": [ [ [ [ 110.3738996, -7.226393 ], [ 110.3738773, -7.2263783 ], [ 110.3740463, -7.2261268 ], [ 110.3742307, -7.2262488 ], [ 110.3740617, -7.2265003 ], [ 110.3740385, -7.2264849 ], [ 110.3740189, -7.2265141 ], [ 110.37388, -7.2264222 ], [ 110.3738996, -7.226393 ] ] ] ] } },
{ "type": "Feature", "properties": { "full_id": "w1393255272", "osm_id": "1393255272", "osm_type": "way", "building": "yes", "name": null, "amenity": null, "brand": null, "wheelchair": null }, "geometry": { "type": "MultiPolygon", "coordinates": [ [ [ [ 110.3729997, -7.2257419 ], [ 110.372942, -7.2258295 ], [ 110.3728528, -7.2257718 ], [ 110.3729105, -7.2256841 ], [ 110.3729982, -7.2255508 ], [ 110.3730874, -7.2256086 ], [ 110.3729997, -7.2257419 ] ] ] ] } },
{ "type": "Feature", "properties": { "full_id": "w1393255273", "osm_id": "1393255273", "osm_type": "way", "building": "yes", "name": null, "amenity": null, "brand": null, "wheelchair": null }, "geometry": { "type": "MultiPolygon", "coordinates": [ [ [ [ 110.3725054, -7.225558 ], [ 110.372656, -7.2253292 ], [ 110.3727228, -7.2253725 ], [ 110.3725722, -7.2256013 ], [ 110.3725054, -7.225558 ] ] ] ] } },
{ "type": "Feature", "properties": { "full_id": "w1393255274", "osm_id": "1393255274", "osm_type": "way", "building": "yes", "name": null, "amenity": null, "brand": null, "wheelchair": null }, "geometry": { "type": "MultiPolygon", "coordinates": [ [ [ [ 110.3728499, -7.2254548 ], [ 110.3729551, -7.2255229 ], [ 110.3728974, -7.2256105 ], [ 110.3727922, -7.2255424 ], [ 110.372694, -7.2254788 ], [ 110.3727516, -7.2253911 ], [ 110.3728499, -7.2254548 ] ] ] ] } },
{ "type": "Feature", "properties": { "full_id": "w1393255275", "osm_id": "1393255275", "osm_type": "way", "building": "yes", "name": null, "amenity": null, "brand": null, "wheelchair": null }, "geometry": { "type": "MultiPolygon", "coordinates": [ [ [ [ 110.3727637, -7.225589 ], [ 110.3728689, -7.2256572 ], [ 110.3728112, -7.2257448 ], [ 110.372706, -7.2256767 ], [ 110.3726078, -7.225613 ], [ 110.3726654, -7.2255254 ], [ 110.3727637, -7.225589 ] ] ] ] } },
{ "type": "Feature", "properties": { "full_id": "w1393255276", "osm_id": "1393255276", "osm_type": "way", "building": "yes", "name": null, "amenity": null, "brand": null, "wheelchair": null }, "geometry": { "type": "MultiPolygon", "coordinates": [ [ [ [ 110.3723167, -7.225797 ], [ 110.3724676, -7.2255676 ], [ 110.3724897, -7.2255819 ], [ 110.3725565, -7.2256252 ], [ 110.3724056, -7.2258545 ], [ 110.3723167, -7.225797 ] ] ] ] } },
{ "type": "Feature", "properties": { "full_id": "w1393255277", "osm_id": "1393255277", "osm_type": "way", "building": "yes", "name": null, "amenity": null, "brand": null, "wheelchair": null }, "geometry": { "type": "MultiPolygon", "coordinates": [ [ [ [ 110.3723004, -7.2260143 ], [ 110.3722025, -7.2261631 ], [ 110.372069, -7.2260767 ], [ 110.3721669, -7.2259279 ], [ 110.3722721, -7.2257681 ], [ 110.3723167, -7.225797 ], [ 110.3724056, -7.2258545 ], [ 110.3723004, -7.2260143 ] ] ] ] } },
{ "type": "Feature", "properties": { "full_id": "w1393255278", "osm_id": "1393255278", "osm_type": "way", "building": "yes", "name": null, "amenity": null, "brand": null, "wheelchair": null }, "geometry": { "type": "MultiPolygon", "coordinates": [ [ [ [ 110.3722025, -7.2261631 ], [ 110.3723004, -7.2260143 ], [ 110.372429, -7.2260976 ], [ 110.3723311, -7.2262464 ], [ 110.3722981, -7.226225 ], [ 110.3722517, -7.2262955 ], [ 110.3721562, -7.2262336 ], [ 110.3722025, -7.2261631 ] ] ] ] } },
{ "type": "Feature", "properties": { "full_id": "w1393255279", "osm_id": "1393255279", "osm_type": "way", "building": "yes", "name": null, "amenity": null, "brand": null, "wheelchair": null }, "geometry": { "type": "MultiPolygon", "coordinates": [ [ [ [ 110.3725152, -7.2259666 ], [ 110.3726362, -7.2260449 ], [ 110.3724521, -7.2263247 ], [ 110.3723311, -7.2262464 ], [ 110.372429, -7.2260976 ], [ 110.3725152, -7.2259666 ] ] ] ] } },
{ "type": "Feature", "properties": { "full_id": "w1393255280", "osm_id": "1393255280", "osm_type": "way", "building": "yes", "name": null, "amenity": null, "brand": null, "wheelchair": null }, "geometry": { "type": "MultiPolygon", "coordinates": [ [ [ [ 110.3726969, -7.2256906 ], [ 110.3728178, -7.2257689 ], [ 110.3726362, -7.2260449 ], [ 110.3725152, -7.2259666 ], [ 110.3726969, -7.2256906 ] ] ] ] } },
{ "type": "Feature", "properties": { "full_id": "w1393274489", "osm_id": "1393274489", "osm_type": "way", "building": "yes", "name": null, "amenity": null, "brand": null, "wheelchair": null }, "geometry": { "type": "MultiPolygon", "coordinates": [ [ [ [ 110.3755148, -7.2327125 ], [ 110.3755664, -7.2327504 ], [ 110.3755242, -7.232807 ], [ 110.3754726, -7.2327691 ], [ 110.3755148, -7.2327125 ] ] ] ] } },
{ "type": "Feature", "properties": { "full_id": "w1393274490", "osm_id": "1393274490", "osm_type": "way", "building": "yes", "name": null, "amenity": null, "brand": null, "wheelchair": null }, "geometry": { "type": "MultiPolygon", "coordinates": [ [ [ [ 110.3756355, -7.2328236 ], [ 110.375675, -7.2328775 ], [ 110.3756144, -7.2329213 ], [ 110.3755748, -7.2328674 ], [ 110.3756355, -7.2328236 ] ] ] ] } },
{ "type": "Feature", "properties": { "full_id": "w1393274492", "osm_id": "1393274492", "osm_type": "way", "building": "yes", "name": null, "amenity": null, "brand": null, "wheelchair": null }, "geometry": { "type": "MultiPolygon", "coordinates": [ [ [ [ 110.3777853, -7.2344174 ], [ 110.3778659, -7.2344615 ], [ 110.3779141, -7.2344879 ], [ 110.3778892, -7.2345327 ], [ 110.377841, -7.2345063 ], [ 110.3778116, -7.2345593 ], [ 110.377731, -7.2345152 ], [ 110.3777853, -7.2344174 ] ] ] ] } },
{ "type": "Feature", "properties": { "full_id": "w1393274493", "osm_id": "1393274493", "osm_type": "way", "building": "yes", "name": null, "amenity": null, "brand": null, "wheelchair": null }, "geometry": { "type": "MultiPolygon", "coordinates": [ [ [ [ 110.3777853, -7.2344174 ], [ 110.377731, -7.2345152 ], [ 110.3776464, -7.234469 ], [ 110.3777007, -7.2343712 ], [ 110.3777853, -7.2344174 ] ] ] ] } },
{ "type": "Feature", "properties": { "full_id": "w1393274494", "osm_id": "1393274494", "osm_type": "way", "building": "yes", "name": null, "amenity": null, "brand": null, "wheelchair": null }, "geometry": { "type": "MultiPolygon", "coordinates": [ [ [ [ 110.3774297, -7.2343508 ], [ 110.3773464, -7.2343138 ], [ 110.3773882, -7.2342213 ], [ 110.3774714, -7.2342584 ], [ 110.3775513, -7.2342939 ], [ 110.3775096, -7.2343864 ], [ 110.3774297, -7.2343508 ] ] ] ] } },
{ "type": "Feature", "properties": { "full_id": "w1393274495", "osm_id": "1393274495", "osm_type": "way", "building": "yes", "name": null, "amenity": null, "brand": null, "wheelchair": null }, "geometry": { "type": "MultiPolygon", "coordinates": [ [ [ [ 110.3774935, -7.2342096 ], [ 110.3775734, -7.2342452 ], [ 110.3775513, -7.2342939 ], [ 110.3774714, -7.2342584 ], [ 110.3774935, -7.2342096 ] ] ] ] } },
{ "type": "Feature", "properties": { "full_id": "w1393274496", "osm_id": "1393274496", "osm_type": "way", "building": "yes", "name": null, "amenity": null, "brand": null, "wheelchair": null }, "geometry": { "type": "MultiPolygon", "coordinates": [ [ [ [ 110.3773112, -7.2339525 ], [ 110.377399, -7.2339937 ], [ 110.3773718, -7.2340508 ], [ 110.377284, -7.2340095 ], [ 110.3773112, -7.2339525 ] ] ] ] } },
{ "type": "Feature", "properties": { "full_id": "w1393274497", "osm_id": "1393274497", "osm_type": "way", "building": "yes", "name": null, "amenity": null, "brand": null, "wheelchair": null }, "geometry": { "type": "MultiPolygon", "coordinates": [ [ [ [ 110.3774708, -7.2340802 ], [ 110.3776458, -7.234158 ], [ 110.3776009, -7.2342574 ], [ 110.3775734, -7.2342452 ], [ 110.3774935, -7.2342096 ], [ 110.3774259, -7.2341796 ], [ 110.3774708, -7.2340802 ] ] ] ] } },
{ "type": "Feature", "properties": { "full_id": "w1393274498", "osm_id": "1393274498", "osm_type": "way", "building": "yes", "name": null, "amenity": null, "brand": null, "wheelchair": null }, "geometry": { "type": "MultiPolygon", "coordinates": [ [ [ [ 110.3767493, -7.2337185 ], [ 110.376739, -7.2337475 ], [ 110.3766697, -7.2337231 ], [ 110.37668, -7.2336942 ], [ 110.3767091, -7.2336127 ], [ 110.3767784, -7.2336371 ], [ 110.3767493, -7.2337185 ] ] ] ] } },
{ "type": "Feature", "properties": { "full_id": "w1393274499", "osm_id": "1393274499", "osm_type": "way", "building": "yes", "name": null, "amenity": null, "brand": null, "wheelchair": null }, "geometry": { "type": "MultiPolygon", "coordinates": [ [ [ [ 110.3765442, -7.2336048 ], [ 110.3765165, -7.2336609 ], [ 110.3764616, -7.2336343 ], [ 110.3764893, -7.2335782 ], [ 110.3764683, -7.233568 ], [ 110.3764978, -7.2335081 ], [ 110.3765737, -7.233545 ], [ 110.3765442, -7.2336048 ] ] ] ] } },
{ "type": "Feature", "properties": { "full_id": "w1393274500", "osm_id": "1393274500", "osm_type": "way", "building": "yes", "name": null, "amenity": null, "brand": null, "wheelchair": null }, "geometry": { "type": "MultiPolygon", "coordinates": [ [ [ [ 110.3763449, -7.2335081 ], [ 110.3763744, -7.2334483 ], [ 110.3764978, -7.2335081 ], [ 110.3764683, -7.233568 ], [ 110.3763449, -7.2335081 ] ] ] ] } },
{ "type": "Feature", "properties": { "full_id": "w1393274501", "osm_id": "1393274501", "osm_type": "way", "building": "yes", "name": null, "amenity": null, "brand": null, "wheelchair": null }, "geometry": { "type": "MultiPolygon", "coordinates": [ [ [ [ 110.3768045, -7.2337379 ], [ 110.3767811, -7.2338034 ], [ 110.3767259, -7.233784 ], [ 110.376739, -7.2337475 ], [ 110.3767493, -7.2337185 ], [ 110.3768045, -7.2337379 ] ] ] ] } },
{ "type": "Feature", "properties": { "full_id": "w1393274502", "osm_id": "1393274502", "osm_type": "way", "building": "yes", "name": null, "amenity": null, "brand": null, "wheelchair": null }, "geometry": { "type": "MultiPolygon", "coordinates": [ [ [ [ 110.3768244, -7.2336824 ], [ 110.3769739, -7.2337349 ], [ 110.3769307, -7.233856 ], [ 110.3767811, -7.2338034 ], [ 110.3768045, -7.2337379 ], [ 110.3768244, -7.2336824 ] ] ] ] } },
{ "type": "Feature", "properties": { "full_id": "w1393274503", "osm_id": "1393274503", "osm_type": "way", "building": "yes", "name": null, "amenity": null, "brand": null, "wheelchair": null }, "geometry": { "type": "MultiPolygon", "coordinates": [ [ [ [ 110.3761726, -7.2332593 ], [ 110.3762152, -7.2333181 ], [ 110.3761126, -7.2333913 ], [ 110.37607, -7.2333325 ], [ 110.3761726, -7.2332593 ] ] ] ] } },
{ "type": "Feature", "properties": { "full_id": "w1393274504", "osm_id": "1393274504", "osm_type": "way", "building": "yes", "name": null, "amenity": null, "brand": null, "wheelchair": null }, "geometry": { "type": "MultiPolygon", "coordinates": [ [ [ [ 110.3761248, -7.2331934 ], [ 110.3760222, -7.2332666 ], [ 110.3759743, -7.2332004 ], [ 110.3760769, -7.2331273 ], [ 110.3761248, -7.2331934 ] ] ] ] } },
{ "type": "Feature", "properties": { "full_id": "w1393274505", "osm_id": "1393274505", "osm_type": "way", "building": "yes", "name": null, "amenity": null, "brand": null, "wheelchair": null }, "geometry": { "type": "MultiPolygon", "coordinates": [ [ [ [ 110.3761726, -7.2332593 ], [ 110.37607, -7.2333325 ], [ 110.3760222, -7.2332666 ], [ 110.3761248, -7.2331934 ], [ 110.3761726, -7.2332593 ] ] ] ] } },
{ "type": "Feature", "properties": { "full_id": "w1393280328", "osm_id": "1393280328", "osm_type": "way", "building": "yes", "name": null, "amenity": null, "brand": null, "wheelchair": null }, "geometry": { "type": "MultiPolygon", "coordinates": [ [ [ [ 110.3753941, -7.2273874 ], [ 110.3754517, -7.2274214 ], [ 110.3754001, -7.2275074 ], [ 110.3753425, -7.2274734 ], [ 110.3753941, -7.2273874 ] ] ] ] } },
{ "type": "Feature", "properties": { "full_id": "w1393280329", "osm_id": "1393280329", "osm_type": "way", "building": "yes", "name": null, "amenity": null, "brand": null, "wheelchair": null }, "geometry": { "type": "MultiPolygon", "coordinates": [ [ [ [ 110.3753941, -7.2273874 ], [ 110.3753425, -7.2274734 ], [ 110.3753203, -7.2275105 ], [ 110.3752532, -7.2274709 ], [ 110.3753269, -7.2273478 ], [ 110.3753941, -7.2273874 ] ] ] ] } },
{ "type": "Feature", "properties": { "full_id": "w1393280331", "osm_id": "1393280331", "osm_type": "way", "building": "yes", "name": null, "amenity": null, "brand": null, "wheelchair": null }, "geometry": { "type": "MultiPolygon", "coordinates": [ [ [ [ 110.3746115, -7.2270654 ], [ 110.3744922, -7.227261 ], [ 110.3744123, -7.2272131 ], [ 110.3744174, -7.2272048 ], [ 110.3745317, -7.2270175 ], [ 110.3746115, -7.2270654 ] ] ] ] } },
{ "type": "Feature", "properties": { "full_id": "w1393280336", "osm_id": "1393280336", "osm_type": "way", "building": "yes", "name": null, "amenity": null, "brand": null, "wheelchair": null }, "geometry": { "type": "MultiPolygon", "coordinates": [ [ [ [ 110.3787482, -7.2234473 ], [ 110.3787591, -7.2234321 ], [ 110.3789011, -7.2235324 ], [ 110.3788544, -7.2235974 ], [ 110.3787124, -7.2234971 ], [ 110.3786571, -7.223458 ], [ 110.3786929, -7.2234082 ], [ 110.3787482, -7.2234473 ] ] ] ] } },
{ "type": "Feature", "properties": { "full_id": "w1393280337", "osm_id": "1393280337", "osm_type": "way", "building": "yes", "name": null, "amenity": null, "brand": null, "wheelchair": null }, "geometry": { "type": "MultiPolygon", "coordinates": [ [ [ [ 110.3788729, -7.2236189 ], [ 110.3789018, -7.2235607 ], [ 110.379095, -7.2236551 ], [ 110.379066, -7.2237134 ], [ 110.3788729, -7.2236189 ] ] ] ] } },
{ "type": "Feature", "properties": { "full_id": "w1393280338", "osm_id": "1393280338", "osm_type": "way", "building": "yes", "name": null, "amenity": null, "brand": null, "wheelchair": null }, "geometry": { "type": "MultiPolygon", "coordinates": [ [ [ [ 110.3787428, -7.2234207 ], [ 110.3787835, -7.2233639 ], [ 110.3789418, -7.2234757 ], [ 110.3789011, -7.2235324 ], [ 110.3787591, -7.2234321 ], [ 110.3787428, -7.2234207 ] ] ] ] } },
{ "type": "Feature", "properties": { "full_id": "w1393280339", "osm_id": "1393280339", "osm_type": "way", "building": "yes", "name": null, "amenity": null, "brand": null, "wheelchair": null }, "geometry": { "type": "MultiPolygon", "coordinates": [ [ [ [ 110.3754785, -7.2226836 ], [ 110.3755443, -7.2225662 ], [ 110.3756087, -7.2226018 ], [ 110.3756793, -7.2226407 ], [ 110.3756244, -7.2227388 ], [ 110.3755537, -7.2226999 ], [ 110.3755429, -7.2227192 ], [ 110.3754785, -7.2226836 ] ] ] ] } },
{ "type": "Feature", "properties": { "full_id": "w1393280340", "osm_id": "1393280340", "osm_type": "way", "building": "yes", "name": null, "amenity": null, "brand": null, "wheelchair": null }, "geometry": { "type": "MultiPolygon", "coordinates": [ [ [ [ 110.3756802, -7.2225858 ], [ 110.3757703, -7.2226084 ], [ 110.3757602, -7.222648 ], [ 110.3756701, -7.2226254 ], [ 110.3756802, -7.2225858 ] ] ] ] } },
{ "type": "Feature", "properties": { "full_id": "w1393280341", "osm_id": "1393280341", "osm_type": "way", "building": "yes", "name": null, "amenity": null, "brand": null, "wheelchair": null }, "geometry": { "type": "MultiPolygon", "coordinates": [ [ [ [ 110.3757984, -7.222498 ], [ 110.3757703, -7.2226084 ], [ 110.3756802, -7.2225858 ], [ 110.3757083, -7.2224754 ], [ 110.3757984, -7.222498 ] ] ] ] } },
{ "type": "Feature", "properties": { "full_id": "w1393280342", "osm_id": "1393280342", "osm_type": "way", "building": "yes", "name": null, "amenity": null, "brand": null, "wheelchair": null }, "geometry": { "type": "MultiPolygon", "coordinates": [ [ [ [ 110.3759024, -7.2226543 ], [ 110.3757226, -7.2229257 ], [ 110.3756331, -7.2228674 ], [ 110.3758128, -7.222596 ], [ 110.3759024, -7.2226543 ] ] ] ] } },
{ "type": "Feature", "properties": { "full_id": "w1393280343", "osm_id": "1393280343", "osm_type": "way", "building": "yes", "name": null, "amenity": null, "brand": null, "wheelchair": null }, "geometry": { "type": "MultiPolygon", "coordinates": [ [ [ [ 110.375325, -7.2227827 ], [ 110.3754036, -7.2226424 ], [ 110.3754785, -7.2226836 ], [ 110.3755429, -7.2227192 ], [ 110.3754642, -7.2228595 ], [ 110.375325, -7.2227827 ] ] ] ] } },
{ "type": "Feature", "properties": { "full_id": "w1393280344", "osm_id": "1393280344", "osm_type": "way", "building": "yes", "name": null, "amenity": null, "brand": null, "wheelchair": null }, "geometry": { "type": "MultiPolygon", "coordinates": [ [ [ [ 110.375325, -7.2227827 ], [ 110.3754642, -7.2228595 ], [ 110.3753677, -7.2230318 ], [ 110.3752284, -7.222955 ], [ 110.375325, -7.2227827 ] ] ] ] } },
{ "type": "Feature", "properties": { "full_id": "w1393280363", "osm_id": "1393280363", "osm_type": "way", "building": "yes", "name": null, "amenity": null, "brand": null, "wheelchair": null }, "geometry": { "type": "MultiPolygon", "coordinates": [ [ [ [ 110.3778783, -7.2288987 ], [ 110.3778939, -7.2288675 ], [ 110.3780595, -7.2289494 ], [ 110.3779728, -7.2291221 ], [ 110.3778072, -7.2290403 ], [ 110.3778214, -7.2290119 ], [ 110.3777278, -7.2289656 ], [ 110.3777846, -7.2288524 ], [ 110.3778783, -7.2288987 ] ] ] ] } },
{ "type": "Feature", "properties": { "full_id": "w1393280364", "osm_id": "1393280364", "osm_type": "way", "building": "yes", "name": null, "amenity": null, "brand": null, "wheelchair": null }, "geometry": { "type": "MultiPolygon", "coordinates": [ [ [ [ 110.3776679, -7.2287325 ], [ 110.3777388, -7.2287843 ], [ 110.3776745, -7.2288709 ], [ 110.3776036, -7.228819 ], [ 110.3776679, -7.2287325 ] ] ] ] } },
{ "type": "Feature", "properties": { "full_id": "w1393280365", "osm_id": "1393280365", "osm_type": "way", "building": "yes", "name": null, "amenity": null, "brand": null, "wheelchair": null }, "geometry": { "type": "MultiPolygon", "coordinates": [ [ [ [ 110.3776679, -7.2287325 ], [ 110.3776036, -7.228819 ], [ 110.3775512, -7.2288895 ], [ 110.3774425, -7.2288099 ], [ 110.3775591, -7.2286529 ], [ 110.3776679, -7.2287325 ] ] ] ] } },
{ "type": "Feature", "properties": { "full_id": "w1393280366", "osm_id": "1393280366", "osm_type": "way", "building": "yes", "name": null, "amenity": null, "brand": null, "wheelchair": null }, "geometry": { "type": "MultiPolygon", "coordinates": [ [ [ [ 110.3773407, -7.2290624 ], [ 110.377454, -7.2291369 ], [ 110.3774048, -7.2292106 ], [ 110.3772915, -7.2291361 ], [ 110.3773407, -7.2290624 ] ] ] ] } },
{ "type": "Feature", "properties": { "full_id": "w1393280367", "osm_id": "1393280367", "osm_type": "way", "building": "yes", "name": null, "amenity": null, "brand": null, "wheelchair": null }, "geometry": { "type": "MultiPolygon", "coordinates": [ [ [ [ 110.3777209, -7.2292081 ], [ 110.3776565, -7.2293212 ], [ 110.3775257, -7.2292479 ], [ 110.3775901, -7.2291348 ], [ 110.3777209, -7.2292081 ] ] ] ] } },
{ "type": "Feature", "properties": { "full_id": "w1393280368", "osm_id": "1393280368", "osm_type": "way", "building": "yes", "name": null, "amenity": null, "brand": null, "wheelchair": null }, "geometry": { "type": "MultiPolygon", "coordinates": [ [ [ [ 110.3770251, -7.2292122 ], [ 110.3770777, -7.2292584 ], [ 110.377019, -7.2293242 ], [ 110.3769664, -7.229278 ], [ 110.3770251, -7.2292122 ] ] ] ] } },
{ "type": "Feature", "properties": { "full_id": "w1393280369", "osm_id": "1393280369", "osm_type": "way", "building": "yes", "name": null, "amenity": null, "brand": null, "wheelchair": null }, "geometry": { "type": "MultiPolygon", "coordinates": [ [ [ [ 110.3769826, -7.2291749 ], [ 110.3770251, -7.2292122 ], [ 110.3769664, -7.229278 ], [ 110.3769473, -7.2292993 ], [ 110.3769048, -7.229262 ], [ 110.3769826, -7.2291749 ] ] ] ] } },
{ "type": "Feature", "properties": { "full_id": "w1393280370", "osm_id": "1393280370", "osm_type": "way", "building": "yes", "name": null, "amenity": null, "brand": null, "wheelchair": null }, "geometry": { "type": "MultiPolygon", "coordinates": [ [ [ [ 110.3771563, -7.2296798 ], [ 110.3770946, -7.2297742 ], [ 110.3770141, -7.2297225 ], [ 110.3770758, -7.229628 ], [ 110.3771563, -7.2296798 ] ] ] ] } },
{ "type": "Feature", "properties": { "full_id": "w1393280371", "osm_id": "1393280371", "osm_type": "way", "building": "yes", "name": null, "amenity": null, "brand": null, "wheelchair": null }, "geometry": { "type": "MultiPolygon", "coordinates": [ [ [ [ 110.3768743, -7.2297761 ], [ 110.3769105, -7.2297281 ], [ 110.3769607, -7.2297654 ], [ 110.3769245, -7.2298134 ], [ 110.3768743, -7.2297761 ] ] ] ] } },
{ "type": "Feature", "properties": { "full_id": "w1393280372", "osm_id": "1393280372", "osm_type": "way", "building": "yes", "name": null, "amenity": null, "brand": null, "wheelchair": null }, "geometry": { "type": "MultiPolygon", "coordinates": [ [ [ [ 110.3768373, -7.2298253 ], [ 110.3768743, -7.2297761 ], [ 110.3769245, -7.2298134 ], [ 110.3769749, -7.2298508 ], [ 110.3769379, -7.2298999 ], [ 110.376915, -7.229883 ], [ 110.3768492, -7.2298341 ], [ 110.3768373, -7.2298253 ] ] ] ] } },
{ "type": "Feature", "properties": { "full_id": "w1393280373", "osm_id": "1393280373", "osm_type": "way", "building": "yes", "name": null, "amenity": null, "brand": null, "wheelchair": null }, "geometry": { "type": "MultiPolygon", "coordinates": [ [ [ [ 110.3767011, -7.2297242 ], [ 110.3767603, -7.2296458 ], [ 110.3768273, -7.2296955 ], [ 110.3767681, -7.2297739 ], [ 110.3767011, -7.2297242 ] ] ] ] } },
{ "type": "Feature", "properties": { "full_id": "w1393280374", "osm_id": "1393280374", "osm_type": "way", "building": "yes", "name": null, "amenity": null, "brand": null, "wheelchair": null }, "geometry": { "type": "MultiPolygon", "coordinates": [ [ [ [ 110.3767681, -7.2297739 ], [ 110.3766993, -7.2298651 ], [ 110.3766324, -7.2298154 ], [ 110.3767011, -7.2297242 ], [ 110.3767681, -7.2297739 ] ] ] ] } },
{ "type": "Feature", "properties": { "full_id": "w1393280375", "osm_id": "1393280375", "osm_type": "way", "building": "yes", "name": null, "amenity": null, "brand": null, "wheelchair": null }, "geometry": { "type": "MultiPolygon", "coordinates": [ [ [ [ 110.376915, -7.229883 ], [ 110.3769379, -7.2298999 ], [ 110.3769786, -7.2299301 ], [ 110.3769048, -7.2300279 ], [ 110.3768412, -7.2299807 ], [ 110.376915, -7.229883 ] ] ] ] } },
{ "type": "Feature", "properties": { "full_id": "w1393280376", "osm_id": "1393280376", "osm_type": "way", "building": "yes", "name": null, "amenity": null, "brand": null, "wheelchair": null }, "geometry": { "type": "MultiPolygon", "coordinates": [ [ [ [ 110.3768492, -7.2298341 ], [ 110.376915, -7.229883 ], [ 110.3768412, -7.2299807 ], [ 110.3767754, -7.2299319 ], [ 110.3768492, -7.2298341 ] ] ] ] } },
{ "type": "Feature", "properties": { "full_id": "w1393280377", "osm_id": "1393280377", "osm_type": "way", "building": "yes", "name": null, "amenity": null, "brand": null, "wheelchair": null }, "geometry": { "type": "MultiPolygon", "coordinates": [ [ [ [ 110.3768492, -7.2298341 ], [ 110.3767754, -7.2299319 ], [ 110.3766944, -7.2298717 ], [ 110.3766993, -7.2298651 ], [ 110.3767681, -7.2297739 ], [ 110.3768373, -7.2298253 ], [ 110.3768492, -7.2298341 ] ] ] ] } },
{ "type": "Feature", "properties": { "full_id": "w1393280378", "osm_id": "1393280378", "osm_type": "way", "building": "yes", "name": null, "amenity": null, "brand": null, "wheelchair": null }, "geometry": { "type": "MultiPolygon", "coordinates": [ [ [ [ 110.3769089, -7.2302898 ], [ 110.376974, -7.230327 ], [ 110.3769103, -7.2304368 ], [ 110.3768452, -7.2303995 ], [ 110.3769089, -7.2302898 ] ] ] ] } }
]
}
