{
"type": "FeatureCollection",
"name": "Data Jalan ALL",
"crs": { "type": "name", "properties": { "name": "urn:ogc:def:crs:OGC:1.3:CRS84" } },
"features": [
{ "type": "Feature", "properties": { "fid": 1, "full_id": "w37872891", "osm_id": "37872891", "osm_type": "way", "highway": "primary", "layer": null, "bridge": null, "access": null, "tunnel": null, "motorcar": null, "import": null, "surface": null, "lanes": null, "oneway": null, "maxspeed": null, "ref": "212", "name": "Jalan Bandungan", "Nama Jalan": "Jalan Utama" }, "geometry": { "type": "LineString", "coordinates": [ [ 110.371761836510132, -7.226166498147331, 0.0 ], [ 110.371837500000012, -7.226216, 0.0 ], [ 110.3720092, -7.2263161, 0.0 ], [ 110.3724381, -7.2265662, 0.0 ], [ 110.3726703, -7.2267016, 0.0 ], [ 110.3729385, -7.2268506, 0.0 ], [ 110.3731022, -7.226953099999989, 0.0 ], [ 110.3732872, -7.2270928, 0.0 ], [ 110.3735796, -7.2273695, 0.0 ], [ 110.373741900000013, -7.2275438, 0.0 ], [ 110.373853200000013, -7.2277101, 0.0 ], [ 110.3739189, -7.227887, 0.0 ], [ 110.3739192, -7.2279163, 0.0 ], [ 110.3739202, -7.2280201, 0.0 ], [ 110.3738907, -7.2281811, 0.0 ], [ 110.3738639, -7.2282502, 0.0 ], [ 110.3737808, -7.228382, 0.0 ], [ 110.3735501, -7.2286534, 0.0 ], [ 110.3734334, -7.2287971, 0.0 ], [ 110.3733952, -7.2288736, 0.0 ], [ 110.373369, -7.228978, 0.0 ], [ 110.3733603, -7.2290731, 0.0 ], [ 110.3733685, -7.2291834, 0.0 ], [ 110.3733811, -7.2292747, 0.0 ], [ 110.3734169, -7.2293918, 0.0 ], [ 110.373479, -7.2295501, 0.0 ], [ 110.3737627, -7.2299459, 0.0 ], [ 110.3742019, -7.2304575, 0.0 ], [ 110.3743626, -7.2306514, 0.0 ], [ 110.3746739, -7.2310269, 0.0 ], [ 110.3750293, -7.2315258, 0.0 ], [ 110.375122, -7.2316828, 0.0 ], [ 110.3753123, -7.2320048, 0.0 ], [ 110.3754612, -7.2322269, 0.0 ], [ 110.3759185, -7.232787, 0.0 ], [ 110.3762041, -7.2331516, 0.0 ], [ 110.3763289, -7.2332979, 0.0 ], [ 110.37638250000002, -7.2333498, 0.0 ], [ 110.3764563, -7.2333964, 0.0 ], [ 110.37652030000001, -7.2334343, 0.0 ], [ 110.3765931, -7.2334722, 0.0 ], [ 110.3770618, -7.233721, 0.0 ], [ 110.3773078, -7.2338824, 0.0 ], [ 110.3774501, -7.2339521, 0.0 ], [ 110.3777692, -7.2341082, 0.0 ], [ 110.3781192, -7.2342825, 0.0 ], [ 110.3783459, -7.2343623, 0.0 ], [ 110.3785913, -7.2344182, 0.0 ], [ 110.3789856, -7.2344873, 0.0 ], [ 110.3790868, -7.2345113, 0.0 ], [ 110.3791947, -7.2345493, 0.0 ], [ 110.3793729, -7.2346278, 0.0 ], [ 110.3798117, -7.2348399, 0.0 ], [ 110.3801067, -7.2349763, 0.0 ], [ 110.3806217, -7.2351918, 0.0 ], [ 110.3809523, -7.2353169, 0.0 ], [ 110.3811129, -7.2353488, 0.0 ], [ 110.3815002, -7.2353361, 0.0 ], [ 110.38193, -7.235353399999989, 0.0 ], [ 110.3822069, -7.2353754, 0.0 ], [ 110.382360500000019, -7.235406, 0.0 ], [ 110.3826408, -7.2354858, 0.0 ], [ 110.3831513, -7.2356372, 0.0 ], [ 110.3832664, -7.2356714, 0.0 ], [ 110.3836567, -7.2357852, 0.0 ], [ 110.3839805, -7.2358677, 0.0 ], [ 110.3841361, -7.235883, 0.0 ], [ 110.3842239, -7.2358826, 0.0 ], [ 110.3843024, -7.2358723, 0.0 ], [ 110.3846357, -7.2358218, 0.0 ], [ 110.3847557, -7.2358238, 0.0 ], [ 110.3848804, -7.2358537, 0.0 ], [ 110.3849857, -7.2359076, 0.0 ], [ 110.3850796, -7.2359874, 0.0 ], [ 110.385091500000016, -7.2360022, 0.0 ], [ 110.3851701, -7.2361005, 0.0 ], [ 110.3852177, -7.2361743, 0.0 ], [ 110.3852767, -7.2363313, 0.0 ], [ 110.3853304, -7.2364637, 0.0 ], [ 110.3853672, -7.2365391, 0.0 ], [ 110.3854222, -7.2366127, 0.0 ], [ 110.3855744, -7.2367956, 0.0 ], [ 110.385781, -7.2370072, 0.0 ], [ 110.385954, -7.2371495, 0.0 ], [ 110.3861417, -7.2372985, 0.0 ], [ 110.3862597, -7.2373637, 0.0 ], [ 110.386304, -7.237389, 0.0 ], [ 110.386346900000021, -7.2374123, 0.0 ], [ 110.3864736, -7.2374602, 0.0 ], [ 110.3865219, -7.2374721, 0.0 ], [ 110.3865917, -7.2374828, 0.0 ], [ 110.386612525596192, -7.237484663457156, 0.0 ] ] } },
{ "type": "Feature", "properties": { "fid": 2, "full_id": "w616505733", "osm_id": "616505733", "osm_type": "way", "highway": "residential", "layer": null, "bridge": null, "access": null, "tunnel": null, "motorcar": null, "import": null, "surface": null, "lanes": null, "oneway": "no", "maxspeed": "20", "ref": null, "name": "Jalan Widosari", "Nama Jalan": "Jalan Permukiman" }, "geometry": { "type": "LineString", "coordinates": [ [ 110.372788158218853, -7.224368461439463, 0.0 ], [ 110.3728352, -7.2243859, 0.0 ] ] } },
{ "type": "Feature", "properties": { "fid": 3, "full_id": "w627310183", "osm_id": "627310183", "osm_type": "way", "highway": "residential", "layer": null, "bridge": null, "access": null, "tunnel": null, "motorcar": null, "import": null, "surface": "concrete", "lanes": "4", "oneway": null, "maxspeed": null, "ref": null, "name": "Jalan Batas Desa Jetis Dan Kelurahan Bandungan", "Nama Jalan": "Jalan Permukiman" }, "geometry": { "type": "MultiLineString", "coordinates": [ [ [ 110.3726703, -7.2267016, 0.0 ], [ 110.3725346, -7.2268211, 0.0 ], [ 110.3724702, -7.2269142, 0.0 ], [ 110.372444977991108, -7.22694786845443, 0.0 ] ], [ [ 110.372277546000205, -7.227121655844387, 0.0 ], [ 110.3722492, -7.2271353, 0.0 ], [ 110.3721097, -7.2271825, 0.0 ], [ 110.3719901, -7.2272336, 0.0 ], [ 110.3719568, -7.2272637, 0.0 ], [ 110.3718613, -7.2273851, 0.0 ], [ 110.371784, -7.2275146, 0.0 ], [ 110.371640600000021, -7.2277044, 0.0 ], [ 110.3715467, -7.2278395, 0.0 ], [ 110.3714768, -7.2278997, 0.0 ], [ 110.3712763, -7.2279782, 0.0 ], [ 110.3710512, -7.2280543, 0.0 ], [ 110.370860536256529, -7.228083894697623, 0.0 ] ] ] } },
{ "type": "Feature", "properties": { "fid": 22, "full_id": "w640180032", "osm_id": "640180032", "osm_type": "way", "highway": "residential", "layer": null, "bridge": null, "access": null, "tunnel": null, "motorcar": null, "import": null, "surface": null, "lanes": null, "oneway": null, "maxspeed": null, "ref": null, "name": null, "Nama Jalan": "Jalan Permukiman" }, "geometry": { "type": "LineString", "coordinates": [ [ 110.3800732, -7.2329897, 0.0 ], [ 110.3799404, -7.2333205, 0.0 ], [ 110.379778, -7.2337166, 0.0 ], [ 110.3796078, -7.2340336, 0.0 ], [ 110.3795542, -7.2340961, 0.0 ], [ 110.3795247, -7.234164, 0.0 ] ] } },
{ "type": "Feature", "properties": { "fid": 23, "full_id": "w640180033", "osm_id": "640180033", "osm_type": "way", "highway": "residential", "layer": null, "bridge": null, "access": null, "tunnel": null, "motorcar": null, "import": null, "surface": null, "lanes": null, "oneway": null, "maxspeed": null, "ref": null, "name": null, "Nama Jalan": "Jalan Permukiman" }, "geometry": { "type": "LineString", "coordinates": [ [ 110.3789856, -7.2344873, 0.0 ], [ 110.3789896, -7.2343283, 0.0 ], [ 110.379011, -7.2342864, 0.0 ], [ 110.3791398, -7.2340789, 0.0 ], [ 110.3791706, -7.2340403, 0.0 ], [ 110.3793067, -7.2339185, 0.0 ], [ 110.379467, -7.2337795, 0.0 ], [ 110.379585, -7.2336957, 0.0 ], [ 110.379778, -7.2337166, 0.0 ], [ 110.3798519, -7.2337156, 0.0 ], [ 110.3799636, -7.2337266, 0.0 ], [ 110.3800504, -7.2337436, 0.0 ], [ 110.3801074, -7.2337629, 0.0 ], [ 110.3801751, -7.2337938, 0.0 ], [ 110.3802469, -7.2338297, 0.0 ], [ 110.3803065, -7.2338607, 0.0 ], [ 110.3803471, -7.2338942, 0.0 ] ] } },
{ "type": "Feature", "properties": { "fid": 24, "full_id": "w640180034", "osm_id": "640180034", "osm_type": "way", "highway": "residential", "layer": null, "bridge": null, "access": null, "tunnel": null, "motorcar": null, "import": null, "surface": null, "lanes": null, "oneway": null, "maxspeed": null, "ref": null, "name": null, "Nama Jalan": "Jalan Permukiman" }, "geometry": { "type": "LineString", "coordinates": [ [ 110.3805935, -7.2336256, 0.0 ], [ 110.380851, -7.2336651, 0.0 ], [ 110.3811032, -7.2336771, 0.0 ], [ 110.3811296, -7.2336834, 0.0 ], [ 110.3814525, -7.2338221, 0.0 ] ] } },
{ "type": "Feature", "properties": { "fid": 25, "full_id": "w640180035", "osm_id": "640180035", "osm_type": "way", "highway": "residential", "layer": null, "bridge": null, "access": null, "tunnel": null, "motorcar": null, "import": null, "surface": null, "lanes": null, "oneway": null, "maxspeed": null, "ref": null, "name": null, "Nama Jalan": "Jalan Permukiman" }, "geometry": { "type": "LineString", "coordinates": [ [ 110.3804246, -7.2338247, 0.0 ], [ 110.3805761, -7.2339006, 0.0 ], [ 110.3807813, -7.2339737, 0.0 ], [ 110.3809436, -7.2340256, 0.0 ], [ 110.3810481, -7.2340263, 0.0 ], [ 110.3811186, -7.2340283, 0.0 ], [ 110.3812306, -7.2340542, 0.0 ], [ 110.3813191, -7.2341134, 0.0 ] ] } },
{ "type": "Feature", "properties": { "fid": 26, "full_id": "w640180036", "osm_id": "640180036", "osm_type": "way", "highway": "residential", "layer": null, "bridge": null, "access": null, "tunnel": null, "motorcar": null, "import": null, "surface": null, "lanes": null, "oneway": null, "maxspeed": null, "ref": null, "name": null, "Nama Jalan": "Jalan Permukiman" }, "geometry": { "type": "LineString", "coordinates": [ [ 110.3807558, -7.231865, 0.0 ], [ 110.3809959, -7.2319092, 0.0 ], [ 110.3811447, -7.2319342, 0.0 ], [ 110.3811937, -7.2319448, 0.0 ], [ 110.3812225, -7.2319768, 0.0 ], [ 110.3812292, -7.232187, 0.0 ], [ 110.381226, -7.2322412, 0.0 ] ] } },
{ "type": "Feature", "properties": { "fid": 27, "full_id": "w640180037", "osm_id": "640180037", "osm_type": "way", "highway": "residential", "layer": null, "bridge": null, "access": null, "tunnel": null, "motorcar": null, "import": null, "surface": null, "lanes": null, "oneway": null, "maxspeed": null, "ref": null, "name": null, "Nama Jalan": "Jalan Permukiman" }, "geometry": { "type": "LineString", "coordinates": [ [ 110.3819663, -7.2334473, 0.0 ], [ 110.3820661, -7.2332779, 0.0 ], [ 110.3820781, -7.2332656, 0.0 ], [ 110.3821995, -7.2331861, 0.0 ], [ 110.3822149, -7.2331675, 0.0 ], [ 110.3823101, -7.2329187, 0.0 ], [ 110.3823192, -7.2328971, 0.0 ], [ 110.3823731, -7.2328111, 0.0 ] ] } },
{ "type": "Feature", "properties": { "fid": 28, "full_id": "w640180038", "osm_id": "640180038", "osm_type": "way", "highway": "residential", "layer": null, "bridge": null, "access": null, "tunnel": null, "motorcar": null, "import": null, "surface": null, "lanes": null, "oneway": null, "maxspeed": null, "ref": null, "name": null, "Nama Jalan": "Jalan Permukiman" }, "geometry": { "type": "LineString", "coordinates": [ [ 110.38078280000002, -7.2321544, 0.0 ], [ 110.380971700000018, -7.232183, 0.0 ], [ 110.3811641, -7.2322216, 0.0 ], [ 110.381226, -7.2322412, 0.0 ], [ 110.381261400000014, -7.2322515, 0.0 ], [ 110.3813049, -7.2322562, 0.0 ], [ 110.3813956, -7.2322562, 0.0 ], [ 110.3814391, -7.2322595, 0.0 ], [ 110.3814867, -7.2322728, 0.0 ], [ 110.3816852, -7.2323586, 0.0 ], [ 110.381754900000018, -7.2324012, 0.0 ], [ 110.3818703, -7.232477, 0.0 ], [ 110.3820392, -7.2325914, 0.0 ], [ 110.3821613, -7.2326766, 0.0 ], [ 110.3823061, -7.232779, 0.0 ], [ 110.3823731, -7.2328111, 0.0 ], [ 110.3824671, -7.2328562, 0.0 ], [ 110.3826612, -7.232933, 0.0 ], [ 110.3826709, -7.2329427, 0.0 ], [ 110.382665900000021, -7.2329576, 0.0 ], [ 110.3825207, -7.2331289, 0.0 ], [ 110.3823871, -7.2333165, 0.0 ], [ 110.3823827, -7.2333267, 0.0 ], [ 110.3823819, -7.2333395, 0.0 ], [ 110.3823913, -7.2333594, 0.0 ], [ 110.382392, -7.2333751, 0.0 ], [ 110.3823903, -7.2333874, 0.0 ], [ 110.3822793, -7.2335214, 0.0 ], [ 110.3822149, -7.2335946, 0.0 ] ] } },
{ "type": "Feature", "properties": { "fid": 29, "full_id": "w640180039", "osm_id": "640180039", "osm_type": "way", "highway": "unclassified", "layer": null, "bridge": null, "access": null, "tunnel": null, "motorcar": null, "import": null, "surface": null, "lanes": null, "oneway": null, "maxspeed": null, "ref": null, "name": null, "Nama Jalan": "Jalan Lingkungan" }, "geometry": { "type": "LineString", "coordinates": [ [ 110.3801899, -7.2316881, 0.0 ], [ 110.3802153, -7.2317213, 0.0 ], [ 110.3802509, -7.2317579, 0.0 ], [ 110.3803045, -7.2317918, 0.0 ], [ 110.3803655, -7.2318118, 0.0 ], [ 110.380552, -7.2318364, 0.0 ], [ 110.3807558, -7.231865, 0.0 ], [ 110.38078280000002, -7.2321544, 0.0 ], [ 110.3807887, -7.232212899999989, 0.0 ], [ 110.3807813, -7.2322987, 0.0 ], [ 110.3807263, -7.232481, 0.0 ], [ 110.3806284, -7.2328176, 0.0 ], [ 110.3805591, -7.233052, 0.0 ] ] } },
{ "type": "Feature", "properties": { "fid": 30, "full_id": "w640180040", "osm_id": "640180040", "osm_type": "way", "highway": "residential", "layer": null, "bridge": null, "access": null, "tunnel": null, "motorcar": null, "import": null, "surface": null, "lanes": null, "oneway": null, "maxspeed": null, "ref": null, "name": null, "Nama Jalan": "Jalan Permukiman" }, "geometry": { "type": "LineString", "coordinates": [ [ 110.3805591, -7.233052, 0.0 ], [ 110.3805077, -7.2330451, 0.0 ], [ 110.3802609, -7.2330172, 0.0 ], [ 110.3801458, -7.2329981, 0.0 ], [ 110.3800732, -7.2329897, 0.0 ], [ 110.3800423, -7.2329852, 0.0 ], [ 110.3798613, -7.2329407, 0.0 ], [ 110.379687, -7.2328988, 0.0 ], [ 110.37938920000002, -7.232767, 0.0 ], [ 110.3792672, -7.2327235, 0.0 ], [ 110.379094200000011, -7.2326619, 0.0 ], [ 110.3788809, -7.232594, 0.0 ], [ 110.3788434, -7.2325821, 0.0 ], [ 110.3785712, -7.232493, 0.0 ], [ 110.3785158, -7.2324816, 0.0 ], [ 110.3783445, -7.2324464, 0.0 ], [ 110.3781179, -7.2323985, 0.0 ], [ 110.3778282, -7.2323094, 0.0 ], [ 110.3776444, -7.2322415, 0.0 ], [ 110.377454, -7.232175, 0.0 ], [ 110.377403, -7.2322721, 0.0 ], [ 110.3773065, -7.2324584, 0.0 ], [ 110.3772622, -7.2325475, 0.0 ], [ 110.377205900000021, -7.2326886, 0.0 ], [ 110.3771979, -7.2327857, 0.0 ], [ 110.3772024, -7.2328341, 0.0 ], [ 110.3772072, -7.2328868, 0.0 ], [ 110.3772046, -7.2329387, 0.0 ], [ 110.3771848, -7.233108, 0.0 ], [ 110.37714960000001, -7.2332101, 0.0 ], [ 110.3771355, -7.23326, 0.0 ], [ 110.37712710000001, -7.2333069, 0.0 ], [ 110.3771134, -7.2333857, 0.0 ], [ 110.3770839, -7.2335041, 0.0 ], [ 110.377051, -7.2336079, 0.0 ], [ 110.3770618, -7.233721, 0.0 ] ] } },
{ "type": "Feature", "properties": { "fid": 31, "full_id": "w640180041", "osm_id": "640180041", "osm_type": "way", "highway": "residential", "layer": null, "bridge": null, "access": null, "tunnel": null, "motorcar": null, "import": null, "surface": null, "lanes": null, "oneway": null, "maxspeed": null, "ref": null, "name": null, "Nama Jalan": "Jalan Permukiman" }, "geometry": { "type": "LineString", "coordinates": [ [ 110.3807344, -7.2330757, 0.0 ], [ 110.3810026, -7.2331276, 0.0 ], [ 110.381413, -7.2332194, 0.0 ], [ 110.3816624, -7.2332846, 0.0 ], [ 110.381739, -7.2333212, 0.0 ], [ 110.3819185, -7.233419, 0.0 ], [ 110.3819663, -7.2334473, 0.0 ], [ 110.3822149, -7.2335946, 0.0 ], [ 110.382406700000018, -7.2337176, 0.0 ], [ 110.3824215, -7.2337396, 0.0 ], [ 110.382426800000019, -7.2337888, 0.0 ], [ 110.3824215, -7.2338294, 0.0 ], [ 110.382404, -7.2338673, 0.0 ], [ 110.3823477, -7.2339179, 0.0 ], [ 110.3823242, -7.2339465, 0.0 ], [ 110.3823021, -7.2339897, 0.0 ], [ 110.3822894, -7.2340396, 0.0 ], [ 110.3822887, -7.2340895, 0.0 ], [ 110.3823102, -7.2341613, 0.0 ], [ 110.3823108, -7.2341939, 0.0 ], [ 110.3823061, -7.2342345, 0.0 ], [ 110.382278, -7.2343223, 0.0 ], [ 110.3822297, -7.23445, 0.0 ], [ 110.3822186, -7.2344786, 0.0 ], [ 110.382233, -7.2345139, 0.0 ], [ 110.3822388, -7.2345458, 0.0 ] ] } },
{ "type": "Feature", "properties": { "fid": 32, "full_id": "w640180042", "osm_id": "640180042", "osm_type": "way", "highway": "residential", "layer": null, "bridge": null, "access": null, "tunnel": null, "motorcar": null, "import": null, "surface": null, "lanes": null, "oneway": null, "maxspeed": null, "ref": null, "name": null, "Nama Jalan": "Jalan Permukiman" }, "geometry": { "type": "LineString", "coordinates": [ [ 110.3822069, -7.2353754, 0.0 ], [ 110.3821076, -7.2355756, 0.0 ], [ 110.3820895, -7.2356534, 0.0 ], [ 110.3820392, -7.2357525, 0.0 ], [ 110.3819876, -7.2357958, 0.0 ], [ 110.3819239, -7.2358257, 0.0 ], [ 110.3817697, -7.2358736, 0.0 ], [ 110.381591300000011, -7.2359122, 0.0 ], [ 110.3815256, -7.2359175, 0.0 ], [ 110.381425, -7.2359175, 0.0 ], [ 110.3812976, -7.2359328, 0.0 ], [ 110.3812133, -7.2359485, 0.0 ], [ 110.3811581, -7.2359587, 0.0 ], [ 110.3810039, -7.2359654, 0.0 ], [ 110.3809308, -7.2359421, 0.0 ], [ 110.380893300000011, -7.2359022, 0.0 ], [ 110.3808631, -7.2358164, 0.0 ], [ 110.380796, -7.2355596, 0.0 ], [ 110.3807786, -7.2355091, 0.0 ] ] } },
{ "type": "Feature", "properties": { "fid": 33, "full_id": "w640180043", "osm_id": "640180043", "osm_type": "way", "highway": "residential", "layer": null, "bridge": null, "access": null, "tunnel": null, "motorcar": null, "import": null, "surface": null, "lanes": null, "oneway": null, "maxspeed": null, "ref": null, "name": null, "Nama Jalan": "Jalan Permukiman" }, "geometry": { "type": "LineString", "coordinates": [ [ 110.3836969, -7.2353053, 0.0 ], [ 110.3836567, -7.2357852, 0.0 ] ] } },
{ "type": "Feature", "properties": { "fid": 34, "full_id": "w640180044", "osm_id": "640180044", "osm_type": "way", "highway": "residential", "layer": null, "bridge": null, "access": null, "tunnel": null, "motorcar": null, "import": null, "surface": null, "lanes": null, "oneway": null, "maxspeed": null, "ref": null, "name": null, "Nama Jalan": "Jalan Permukiman" }, "geometry": { "type": "LineString", "coordinates": [ [ 110.3852767, -7.2363313, 0.0 ], [ 110.3854497, -7.2362115, 0.0 ], [ 110.385628, -7.2360865, 0.0 ], [ 110.3856844, -7.2360535, 0.0 ], [ 110.3857286, -7.2360392, 0.0 ], [ 110.3857836, -7.2360466, 0.0 ], [ 110.385808400000016, -7.2360525, 0.0 ], [ 110.3859271, -7.2361117, 0.0 ] ] } },
{ "type": "Feature", "properties": { "fid": 35, "full_id": "w640180045", "osm_id": "640180045", "osm_type": "way", "highway": "residential", "layer": null, "bridge": null, "access": null, "tunnel": null, "motorcar": null, "import": null, "surface": null, "lanes": null, "oneway": null, "maxspeed": null, "ref": null, "name": null, "Nama Jalan": "Jalan Permukiman" }, "geometry": { "type": "LineString", "coordinates": [ [ 110.3854222, -7.2366127, 0.0 ], [ 110.3856173, -7.2363805, 0.0 ], [ 110.3859271, -7.2361117, 0.0 ], [ 110.3861015, -7.2360678, 0.0 ], [ 110.3862651, -7.2360213, 0.0 ], [ 110.3863764, -7.2359787, 0.0 ], [ 110.386462200000011, -7.2358017, 0.0 ], [ 110.386595, -7.2355596, 0.0 ], [ 110.387629367619908, -7.236167332885901, 0.0 ] ] } },
{ "type": "Feature", "properties": { "fid": 36, "full_id": "w640180046", "osm_id": "640180046", "osm_type": "way", "highway": "residential", "layer": null, "bridge": null, "access": null, "tunnel": null, "motorcar": null, "import": null, "surface": null, "lanes": null, "oneway": null, "maxspeed": null, "ref": null, "name": null, "Nama Jalan": "Jalan Permukiman" }, "geometry": { "type": "LineString", "coordinates": [ [ 110.3843614, -7.2347659, 0.0 ], [ 110.3845726, -7.2346962, 0.0 ] ] } },
{ "type": "Feature", "properties": { "fid": 37, "full_id": "w640180047", "osm_id": "640180047", "osm_type": "way", "highway": "residential", "layer": null, "bridge": null, "access": null, "tunnel": null, "motorcar": null, "import": null, "surface": null, "lanes": null, "oneway": null, "maxspeed": null, "ref": null, "name": null, "Nama Jalan": "Jalan Permukiman" }, "geometry": { "type": "LineString", "coordinates": [ [ 110.385223, -7.2345645, 0.0 ], [ 110.3849354, -7.2345033, 0.0 ], [ 110.3848287, -7.2344773, 0.0 ], [ 110.384751, -7.2344713, 0.0 ], [ 110.384703, -7.2344776, 0.0 ], [ 110.3846517, -7.2344939, 0.0 ], [ 110.3845686, -7.2345285, 0.0 ], [ 110.3844251, -7.2345658, 0.0 ], [ 110.3843379, -7.2345964, 0.0 ], [ 110.3843198, -7.2346137, 0.0 ], [ 110.3843084, -7.234635, 0.0 ], [ 110.3843118, -7.2346546, 0.0 ], [ 110.384342, -7.234717, 0.0 ], [ 110.3843614, -7.2347659, 0.0 ], [ 110.38437140000002, -7.2347906, 0.0 ], [ 110.3844264, -7.2349037, 0.0 ] ] } },
{ "type": "Feature", "properties": { "fid": 38, "full_id": "w640180048", "osm_id": "640180048", "osm_type": "way", "highway": "service", "layer": null, "bridge": null, "access": null, "tunnel": null, "motorcar": null, "import": null, "surface": null, "lanes": null, "oneway": null, "maxspeed": null, "ref": null, "name": null, "Nama Jalan": "Jalan Lingkungan" }, "geometry": { "type": "LineString", "coordinates": [ [ 110.385247800000016, -7.2349027, 0.0 ], [ 110.384997, -7.2349383, 0.0 ] ] } },
{ "type": "Feature", "properties": { "fid": 39, "full_id": "w640180049", "osm_id": "640180049", "osm_type": "way", "highway": "residential", "layer": null, "bridge": null, "access": null, "tunnel": null, "motorcar": null, "import": null, "surface": null, "lanes": null, "oneway": null, "maxspeed": null, "ref": null, "name": null, "Nama Jalan": "Jalan Permukiman" }, "geometry": { "type": "LineString", "coordinates": [ [ 110.3856108, -7.2352241, 0.0 ], [ 110.3856146, -7.2349756, 0.0 ], [ 110.3855972, -7.2348638, 0.0 ], [ 110.3855744, -7.2347747, 0.0 ], [ 110.385555, -7.2346509, 0.0 ], [ 110.3855281, -7.2345578, 0.0 ], [ 110.3855006, -7.2345312, 0.0 ], [ 110.3854772, -7.2345219, 0.0 ], [ 110.3854088, -7.2345112, 0.0 ], [ 110.3853132, -7.2345149, 0.0 ], [ 110.3852817, -7.2345219, 0.0 ], [ 110.3852532, -7.2345362, 0.0 ], [ 110.385223, -7.2345645, 0.0 ], [ 110.385212, -7.2345887, 0.0 ], [ 110.3852029, -7.2346323, 0.0 ], [ 110.385203600000011, -7.2346689, 0.0 ], [ 110.3852257, -7.2347707, 0.0 ], [ 110.3852344, -7.2348046, 0.0 ], [ 110.385247800000016, -7.2349027, 0.0 ], [ 110.3852797, -7.2350278, 0.0 ], [ 110.3853426, -7.235217, 0.0 ] ] } },
{ "type": "Feature", "properties": { "fid": 40, "full_id": "w640180050", "osm_id": "640180050", "osm_type": "way", "highway": "residential", "layer": null, "bridge": null, "access": null, "tunnel": null, "motorcar": null, "import": null, "surface": null, "lanes": null, "oneway": null, "maxspeed": null, "ref": null, "name": null, "Nama Jalan": "Jalan Permukiman" }, "geometry": { "type": "LineString", "coordinates": [ [ 110.3823141, -7.2351843, 0.0 ], [ 110.3828479, -7.2352377, 0.0 ], [ 110.3832275, -7.2352882, 0.0 ], [ 110.3833462, -7.2352982, 0.0 ], [ 110.3835131, -7.2352989, 0.0 ], [ 110.3836969, -7.2353053, 0.0 ], [ 110.3838504, -7.2353175, 0.0 ], [ 110.3842179, -7.2353634, 0.0 ], [ 110.3844251, -7.2353534, 0.0 ], [ 110.3845511, -7.2353334, 0.0 ], [ 110.3847831, -7.2353095, 0.0 ], [ 110.3848422, -7.2352992, 0.0 ], [ 110.3850366, -7.2352642, 0.0 ], [ 110.3853079, -7.2352224, 0.0 ], [ 110.3853426, -7.235217, 0.0 ], [ 110.3853612, -7.235215, 0.0 ], [ 110.3856108, -7.2352241, 0.0 ], [ 110.3856535, -7.2352257, 0.0 ], [ 110.3856973, -7.2352286, 0.0 ], [ 110.3858989, -7.2352643, 0.0 ], [ 110.3859537, -7.2352719, 0.0 ], [ 110.3861055, -7.2352929, 0.0 ], [ 110.3861551, -7.2353056, 0.0 ], [ 110.3861846, -7.2353135, 0.0 ], [ 110.38643, -7.2354519, 0.0 ], [ 110.386595, -7.2355596, 0.0 ], [ 110.386721, -7.2353295, 0.0 ], [ 110.3867505, -7.2352669, 0.0 ], [ 110.3867599, -7.2352297, 0.0 ], [ 110.3867566, -7.2352017, 0.0 ], [ 110.3866761, -7.2350973, 0.0 ], [ 110.3865688, -7.2349589, 0.0 ], [ 110.3865313, -7.234919, 0.0 ], [ 110.3864568, -7.2348399, 0.0 ], [ 110.386432, -7.2348186, 0.0 ], [ 110.3862785, -7.2347248, 0.0 ], [ 110.3862597, -7.2347135, 0.0 ], [ 110.3862463, -7.2347015, 0.0 ], [ 110.386178, -7.2346452, 0.0 ], [ 110.3860639, -7.2345512, 0.0 ], [ 110.3857689, -7.2347068, 0.0 ], [ 110.3855744, -7.2347747, 0.0 ] ] } },
{ "type": "Feature", "properties": { "fid": 41, "full_id": "w640180051", "osm_id": "640180051", "osm_type": "way", "highway": "residential", "layer": null, "bridge": null, "access": null, "tunnel": null, "motorcar": null, "import": null, "surface": null, "lanes": null, "oneway": null, "maxspeed": null, "ref": null, "name": null, "Nama Jalan": "Jalan Permukiman" }, "geometry": { "type": "LineString", "coordinates": [ [ 110.3822498, -7.2349543, 0.0 ], [ 110.382579, -7.2348864, 0.0 ], [ 110.3826427, -7.2348784, 0.0 ], [ 110.3827038, -7.2348758, 0.0 ], [ 110.3830692, -7.2348678, 0.0 ], [ 110.3834206, -7.2348718, 0.0 ], [ 110.3837541, -7.234883, 0.0 ], [ 110.3839195, -7.2348964, 0.0 ], [ 110.384207800000013, -7.2348957, 0.0 ], [ 110.3844264, -7.2349037, 0.0 ], [ 110.3844932, -7.2351117, 0.0 ], [ 110.3845243, -7.2352084, 0.0 ], [ 110.3845511, -7.2353334, 0.0 ] ] } },
{ "type": "Feature", "properties": { "fid": 42, "full_id": "w640180052", "osm_id": "640180052", "osm_type": "way", "highway": "residential", "layer": null, "bridge": null, "access": null, "tunnel": null, "motorcar": null, "import": null, "surface": null, "lanes": null, "oneway": null, "maxspeed": null, "ref": null, "name": null, "Nama Jalan": "Jalan Permukiman" }, "geometry": { "type": "LineString", "coordinates": [ [ 110.382360500000019, -7.235406, 0.0 ], [ 110.3823195, -7.2352629, 0.0 ], [ 110.3823141, -7.2351843, 0.0 ], [ 110.3822874, -7.235094, 0.0 ], [ 110.3822498, -7.2349543, 0.0 ] ] } },
{ "type": "Feature", "properties": { "fid": 43, "full_id": "w640180053", "osm_id": "640180053", "osm_type": "way", "highway": "residential", "layer": null, "bridge": null, "access": null, "tunnel": null, "motorcar": null, "import": null, "surface": null, "lanes": null, "oneway": null, "maxspeed": null, "ref": null, "name": null, "Nama Jalan": "Jalan Permukiman" }, "geometry": { "type": "LineString", "coordinates": [ [ 110.3811129, -7.2353488, 0.0 ], [ 110.3807786, -7.2355091, 0.0 ], [ 110.3803495, -7.2357512, 0.0 ], [ 110.380108, -7.2358669, 0.0 ], [ 110.3800736, -7.2358818, 0.0 ], [ 110.3798841, -7.235964, 0.0 ], [ 110.3797808, -7.2360179, 0.0 ], [ 110.3797413, -7.2360432, 0.0 ], [ 110.3796253, -7.2361503, 0.0 ], [ 110.3794053, -7.2363366, 0.0 ], [ 110.3792766, -7.2364457, 0.0 ], [ 110.3792209, -7.2364836, 0.0 ] ] } },
{ "type": "Feature", "properties": { "fid": 44, "full_id": "w640181062", "osm_id": "640181062", "osm_type": "way", "highway": "residential", "layer": null, "bridge": null, "access": null, "tunnel": null, "motorcar": null, "import": null, "surface": null, "lanes": null, "oneway": null, "maxspeed": null, "ref": null, "name": null, "Nama Jalan": "Jalan Permukiman" }, "geometry": { "type": "LineString", "coordinates": [ [ 110.3863764, -7.2359787, 0.0 ], [ 110.387190803763389, -7.236446885648429, 0.0 ] ] } },
{ "type": "Feature", "properties": { "fid": 47, "full_id": "w640181065", "osm_id": "640181065", "osm_type": "way", "highway": "residential", "layer": null, "bridge": null, "access": null, "tunnel": null, "motorcar": null, "import": null, "surface": null, "lanes": null, "oneway": null, "maxspeed": null, "ref": null, "name": null, "Nama Jalan": "Jalan Permukiman" }, "geometry": { "type": "LineString", "coordinates": [ [ 110.384852903359487, -7.23902240970559, 0.0 ], [ 110.3847677, -7.2390034, 0.0 ], [ 110.3847372, -7.2389963, 0.0 ], [ 110.3846336, -7.2389721, 0.0 ], [ 110.3841033, -7.238762, 0.0 ] ] } },
{ "type": "Feature", "properties": { "fid": 48, "full_id": "w640181066", "osm_id": "640181066", "osm_type": "way", "highway": "residential", "layer": null, "bridge": null, "access": null, "tunnel": null, "motorcar": null, "import": null, "surface": null, "lanes": null, "oneway": null, "maxspeed": null, "ref": null, "name": null, "Nama Jalan": "Jalan Permukiman" }, "geometry": { "type": "LineString", "coordinates": [ [ 110.3801885, -7.2346124, 0.0 ], [ 110.3801067, -7.2349763, 0.0 ] ] } },
{ "type": "Feature", "properties": { "fid": 49, "full_id": "w640181067", "osm_id": "640181067", "osm_type": "way", "highway": "residential", "layer": null, "bridge": null, "access": null, "tunnel": null, "motorcar": null, "import": null, "surface": null, "lanes": null, "oneway": null, "maxspeed": null, "ref": null, "name": null, "Nama Jalan": "Jalan Permukiman" }, "geometry": { "type": "LineString", "coordinates": [ [ 110.379889500000019, -7.2344895, 0.0 ], [ 110.3801885, -7.2346124, 0.0 ], [ 110.3802744, -7.2344154, 0.0 ] ] } },
{ "type": "Feature", "properties": { "fid": 50, "full_id": "w640181068", "osm_id": "640181068", "osm_type": "way", "highway": "residential", "layer": null, "bridge": null, "access": null, "tunnel": null, "motorcar": null, "import": null, "surface": null, "lanes": null, "oneway": null, "maxspeed": null, "ref": null, "name": null, "Nama Jalan": "Jalan Permukiman" }, "geometry": { "type": "LineString", "coordinates": [ [ 110.3785158, -7.2324816, 0.0 ], [ 110.3783633, -7.232924, 0.0 ], [ 110.3782203, -7.2331736, 0.0 ], [ 110.3782915, -7.233262, 0.0 ] ] } },
{ "type": "Feature", "properties": { "fid": 51, "full_id": "w640181069", "osm_id": "640181069", "osm_type": "way", "highway": "residential", "layer": null, "bridge": null, "access": null, "tunnel": null, "motorcar": null, "import": null, "surface": null, "lanes": null, "oneway": null, "maxspeed": null, "ref": null, "name": null, "Nama Jalan": "Jalan Permukiman" }, "geometry": { "type": "LineString", "coordinates": [ [ 110.379585, -7.2336957, 0.0 ], [ 110.3794737, -7.2336451, 0.0 ], [ 110.3792752, -7.2335653, 0.0 ], [ 110.3790451, -7.233506, 0.0 ], [ 110.3789708, -7.2334868, 0.0 ], [ 110.3786784, -7.233403, 0.0 ], [ 110.3784531, -7.2333272, 0.0 ], [ 110.3783793, -7.2333077, 0.0 ], [ 110.3782915, -7.233262, 0.0 ], [ 110.378183600000014, -7.2332859, 0.0 ], [ 110.3781075, -7.2333319, 0.0 ], [ 110.3780387, -7.2334629, 0.0 ], [ 110.3779368, -7.2336385, 0.0 ], [ 110.377863, -7.2337915, 0.0 ], [ 110.3777692, -7.2341082, 0.0 ] ] } },
{ "type": "Feature", "properties": { "fid": 54, "full_id": "w665230888", "osm_id": "665230888", "osm_type": "way", "highway": "residential", "layer": null, "bridge": null, "access": null, "tunnel": null, "motorcar": null, "import": null, "surface": null, "lanes": null, "oneway": null, "maxspeed": null, "ref": null, "name": null, "Nama Jalan": "Jalan Permukiman" }, "geometry": { "type": "LineString", "coordinates": [ [ 110.3780039, -7.2278933, 0.0 ], [ 110.3783103, -7.2278999, 0.0 ], [ 110.378418300000021, -7.2279056, 0.0 ], [ 110.3786399, -7.2279164, 0.0 ], [ 110.3788407, -7.2279096, 0.0 ], [ 110.378956, -7.2279016, 0.0 ], [ 110.378952, -7.2281278, 0.0 ], [ 110.3789503, -7.2281657, 0.0 ], [ 110.3789453, -7.2282755, 0.0 ] ] } },
{ "type": "Feature", "properties": { "fid": 55, "full_id": "w665230889", "osm_id": "665230889", "osm_type": "way", "highway": "residential", "layer": null, "bridge": null, "access": null, "tunnel": null, "motorcar": null, "import": null, "surface": null, "lanes": null, "oneway": null, "maxspeed": null, "ref": null, "name": null, "Nama Jalan": "Jalan Permukiman" }, "geometry": { "type": "LineString", "coordinates": [ [ 110.377969, -7.2281517, 0.0 ], [ 110.3782474, -7.2281961, 0.0 ], [ 110.3783358, -7.2282097, 0.0 ] ] } },
{ "type": "Feature", "properties": { "fid": 56, "full_id": "w665230891", "osm_id": "665230891", "osm_type": "way", "highway": "residential", "layer": null, "bridge": null, "access": null, "tunnel": null, "motorcar": null, "import": null, "surface": null, "lanes": null, "oneway": null, "maxspeed": null, "ref": null, "name": null, "Nama Jalan": "Jalan Permukiman" }, "geometry": { "type": "LineString", "coordinates": [ [ 110.3784303, -7.2275557, 0.0 ], [ 110.3780428, -7.2275876, 0.0 ], [ 110.3777149, -7.2275312, 0.0 ] ] } },
{ "type": "Feature", "properties": { "fid": 57, "full_id": "w665230892", "osm_id": "665230892", "osm_type": "way", "highway": "residential", "layer": null, "bridge": null, "access": null, "tunnel": null, "motorcar": null, "import": null, "surface": null, "lanes": null, "oneway": null, "maxspeed": null, "ref": null, "name": null, "Nama Jalan": "Jalan Permukiman" }, "geometry": { "type": "LineString", "coordinates": [ [ 110.377750400000011, -7.2269663, 0.0 ], [ 110.3780012, -7.2269557, 0.0 ], [ 110.378201, -7.2269703, 0.0 ], [ 110.3782815, -7.2269883, 0.0 ], [ 110.3784062, -7.2270329, 0.0 ], [ 110.3786489, -7.227134, 0.0 ], [ 110.3787723, -7.2271991, 0.0 ], [ 110.3789084, -7.2273029, 0.0 ], [ 110.3789413, -7.2273388, 0.0 ], [ 110.378962800000011, -7.2273967, 0.0 ], [ 110.3789681, -7.2274746, 0.0 ], [ 110.3789721, -7.2276595, 0.0 ], [ 110.378956, -7.2279016, 0.0 ] ] } },
{ "type": "Feature", "properties": { "fid": 58, "full_id": "w665230894", "osm_id": "665230894", "osm_type": "way", "highway": "residential", "layer": null, "bridge": null, "access": null, "tunnel": null, "motorcar": null, "import": null, "surface": null, "lanes": null, "oneway": null, "maxspeed": null, "ref": null, "name": null, "Nama Jalan": "Jalan Permukiman" }, "geometry": { "type": "LineString", "coordinates": [ [ 110.3778755, -7.2251596, 0.0 ], [ 110.3778698, -7.22521340000001, 0.0 ], [ 110.3778778, -7.2253126, 0.0 ], [ 110.3778986, -7.2254004, 0.0 ], [ 110.377906, -7.2254589, 0.0 ], [ 110.37791, -7.2255427, 0.0 ], [ 110.3779241, -7.2256492, 0.0 ], [ 110.3779395, -7.2256951, 0.0 ], [ 110.3781051, -7.2259652, 0.0 ], [ 110.3781353, -7.2260603, 0.0 ], [ 110.3781514, -7.2261594, 0.0 ], [ 110.3781266, -7.2263383, 0.0 ], [ 110.3780843, -7.2264687, 0.0 ], [ 110.3780361, -7.2266823, 0.0 ], [ 110.3780012, -7.2269557, 0.0 ], [ 110.3780428, -7.2275876, 0.0 ], [ 110.3780065, -7.227867, 0.0 ], [ 110.3780039, -7.2278933, 0.0 ], [ 110.3779823, -7.2280535, 0.0 ], [ 110.377969, -7.2281517, 0.0 ], [ 110.3779086, -7.2284937, 0.0 ], [ 110.3779018, -7.2285233, 0.0 ], [ 110.3778791, -7.2286227, 0.0 ], [ 110.3778443, -7.2287039, 0.0 ], [ 110.3777994, -7.2287657, 0.0 ] ] } },
{ "type": "Feature", "properties": { "fid": 59, "full_id": "w665230895", "osm_id": "665230895", "osm_type": "way", "highway": "residential", "layer": null, "bridge": null, "access": null, "tunnel": null, "motorcar": null, "import": null, "surface": null, "lanes": null, "oneway": null, "maxspeed": null, "ref": null, "name": null, "Nama Jalan": "Jalan Permukiman" }, "geometry": { "type": "LineString", "coordinates": [ [ 110.377454, -7.232175, 0.0 ], [ 110.376931, -7.2319289, 0.0 ], [ 110.376758, -7.2318783, 0.0 ], [ 110.3765649, -7.2318384, 0.0 ], [ 110.3763642, -7.2317982, 0.0 ], [ 110.3760257, -7.2317572, 0.0 ], [ 110.3759709, -7.2317545, 0.0 ], [ 110.3759281, -7.2317523, 0.0 ], [ 110.3757803, -7.2317213, 0.0 ], [ 110.3756757, -7.23172, 0.0 ], [ 110.3755242, -7.231736, 0.0 ], [ 110.3754008, -7.2317612, 0.0 ], [ 110.3752989, -7.2317493, 0.0 ], [ 110.375122, -7.2316828, 0.0 ] ] } },
{ "type": "Feature", "properties": { "fid": 60, "full_id": "w665230897", "osm_id": "665230897", "osm_type": "way", "highway": "unclassified", "layer": null, "bridge": null, "access": null, "tunnel": null, "motorcar": null, "import": null, "surface": null, "lanes": null, "oneway": null, "maxspeed": null, "ref": null, "name": null, "Nama Jalan": "Jalan Lingkungan" }, "geometry": { "type": "LineString", "coordinates": [ [ 110.3762607, -7.2322194, 0.0 ], [ 110.376271200000019, -7.2321817, 0.0 ], [ 110.3762814, -7.2321396, 0.0 ], [ 110.376293700000019, -7.2320887, 0.0 ], [ 110.3763642, -7.2317982, 0.0 ], [ 110.37640260000002, -7.2316322, 0.0 ], [ 110.3764522, -7.2314845, 0.0 ], [ 110.3765194, -7.2311637, 0.0 ], [ 110.3765233, -7.2311452, 0.0 ], [ 110.3766386, -7.2307235, 0.0 ], [ 110.3768331, -7.2302818, 0.0 ], [ 110.3769358, -7.2301133, 0.0 ], [ 110.3771042, -7.229837, 0.0 ], [ 110.3771348, -7.2297869, 0.0 ], [ 110.3773655, -7.2293825, 0.0 ], [ 110.3773974, -7.2293264, 0.0 ], [ 110.3775237, -7.2291043, 0.0 ], [ 110.3777994, -7.2287657, 0.0 ] ] } },
{ "type": "Feature", "properties": { "fid": 61, "full_id": "w665230900", "osm_id": "665230900", "osm_type": "way", "highway": "residential", "layer": null, "bridge": null, "access": null, "tunnel": null, "motorcar": null, "import": null, "surface": null, "lanes": null, "oneway": null, "maxspeed": null, "ref": null, "name": null, "Nama Jalan": "Jalan Permukiman" }, "geometry": { "type": "LineString", "coordinates": [ [ 110.3761102, -7.2275584, 0.0 ], [ 110.3760441, -7.2276879, 0.0 ], [ 110.3758644, -7.2280294, 0.0 ], [ 110.3757965, -7.2281584, 0.0 ], [ 110.3757495, -7.2282595, 0.0 ], [ 110.3757297, -7.2283083, 0.0 ], [ 110.3756623, -7.2284418, 0.0 ], [ 110.3756422, -7.2284817, 0.0 ], [ 110.3754437, -7.2287904, 0.0 ], [ 110.3751862, -7.2291043, 0.0 ], [ 110.3749864, -7.2294476, 0.0 ], [ 110.3748965, -7.2296166, 0.0 ], [ 110.3748698, -7.2296559, 0.0 ], [ 110.3748268, -7.229719, 0.0 ], [ 110.3746046, -7.2299508, 0.0 ], [ 110.3745449, -7.2300227, 0.0 ], [ 110.3743936, -7.2302033, 0.0 ], [ 110.3742019, -7.2304575, 0.0 ] ] } },
{ "type": "Feature", "properties": { "fid": 62, "full_id": "w665230902", "osm_id": "665230902", "osm_type": "way", "highway": "service", "layer": null, "bridge": null, "access": null, "tunnel": null, "motorcar": null, "import": null, "surface": null, "lanes": null, "oneway": null, "maxspeed": null, "ref": null, "name": null, "Nama Jalan": "Jalan Lingkungan" }, "geometry": { "type": "LineString", "coordinates": [ [ 110.373564700000017, -7.2268207, 0.0 ], [ 110.374454, -7.2273375, 0.0 ] ] } },
{ "type": "Feature", "properties": { "fid": 63, "full_id": "w665230904", "osm_id": "665230904", "osm_type": "way", "highway": "unclassified", "layer": null, "bridge": null, "access": null, "tunnel": null, "motorcar": null, "import": null, "surface": null, "lanes": null, "oneway": null, "maxspeed": null, "ref": null, "name": null, "Nama Jalan": "Jalan Lingkungan" }, "geometry": { "type": "LineString", "coordinates": [ [ 110.3732872, -7.2270928, 0.0 ], [ 110.3735098, -7.2268679, 0.0 ], [ 110.373564700000017, -7.2268207, 0.0 ], [ 110.3738156, -7.2265632, 0.0 ], [ 110.373873300000014, -7.2265293, 0.0 ], [ 110.373939, -7.2265233, 0.0 ], [ 110.3740288, -7.2265625, 0.0 ], [ 110.3740758, -7.2265871, 0.0 ], [ 110.3747514, -7.2269888, 0.0 ], [ 110.3750856, -7.2271659, 0.0 ], [ 110.375846, -7.227585, 0.0 ], [ 110.3760441, -7.2276879, 0.0 ], [ 110.3763278, -7.2278347, 0.0 ], [ 110.3764415, -7.2278936, 0.0 ], [ 110.3766617, -7.2279984, 0.0 ], [ 110.3767041, -7.2280251, 0.0 ], [ 110.3770178, -7.228223, 0.0 ], [ 110.3770597, -7.2282542, 0.0 ], [ 110.3777994, -7.2287657, 0.0 ] ] } },
{ "type": "Feature", "properties": { "fid": 64, "full_id": "w665230905", "osm_id": "665230905", "osm_type": "way", "highway": "residential", "layer": null, "bridge": null, "access": null, "tunnel": null, "motorcar": null, "import": null, "surface": null, "lanes": null, "oneway": null, "maxspeed": null, "ref": null, "name": null, "Nama Jalan": "Jalan Permukiman" }, "geometry": { "type": "LineString", "coordinates": [ [ 110.372618262097362, -7.225083606012872, 0.0 ], [ 110.3729439, -7.2253325, 0.0 ], [ 110.373206200000013, -7.2255171, 0.0 ], [ 110.3734334, -7.2256771, 0.0 ], [ 110.3738228, -7.225943, 0.0 ], [ 110.3740101, -7.2260709, 0.0 ], [ 110.3742984, -7.226214599999988, 0.0 ] ] } },
{ "type": "Feature", "properties": { "fid": 65, "full_id": "w665230907", "osm_id": "665230907", "osm_type": "way", "highway": "residential", "layer": null, "bridge": null, "access": null, "tunnel": null, "motorcar": null, "import": null, "surface": null, "lanes": null, "oneway": null, "maxspeed": null, "ref": null, "name": null, "Nama Jalan": "Jalan Permukiman" }, "geometry": { "type": "LineString", "coordinates": [ [ 110.3727977, -7.224646, 0.0 ], [ 110.3730243, -7.2247378, 0.0 ], [ 110.3731557, -7.2248021, 0.0 ], [ 110.3731638, -7.224807, 0.0 ], [ 110.3733274, -7.2248868, 0.0 ], [ 110.3734508, -7.2249134, 0.0 ], [ 110.373654700000017, -7.2249533, 0.0 ], [ 110.3739108, -7.2249773, 0.0 ], [ 110.3739738, -7.2249879, 0.0 ], [ 110.3743198, -7.2250811, 0.0 ], [ 110.37458340000002, -7.2251908, 0.0 ], [ 110.374625, -7.2252241, 0.0 ], [ 110.3746524, -7.2252673, 0.0 ], [ 110.3746927, -7.2253684, 0.0 ], [ 110.374698, -7.225443, 0.0 ], [ 110.3746833, -7.2255214, 0.0 ], [ 110.374639, -7.2256691, 0.0 ], [ 110.3745478, -7.225898, 0.0 ], [ 110.3744613, -7.2260523, 0.0 ], [ 110.3744265, -7.2261002, 0.0 ], [ 110.3743836, -7.2261468, 0.0 ], [ 110.3742984, -7.226214599999988, 0.0 ] ] } },
{ "type": "Feature", "properties": { "fid": 66, "full_id": "w665230909", "osm_id": "665230909", "osm_type": "way", "highway": "residential", "layer": null, "bridge": null, "access": null, "tunnel": null, "motorcar": null, "import": null, "surface": null, "lanes": null, "oneway": null, "maxspeed": null, "ref": null, "name": null, "Nama Jalan": "Jalan Permukiman" }, "geometry": { "type": "LineString", "coordinates": [ [ 110.3728782, -7.2239309, 0.0 ], [ 110.3731091, -7.2240336, 0.0 ], [ 110.373137, -7.224046, 0.0 ], [ 110.3732479, -7.2241076, 0.0 ], [ 110.3733516, -7.2241684, 0.0 ], [ 110.3734221, -7.2242009, 0.0 ], [ 110.3734729, -7.2242243, 0.0 ], [ 110.3735393, -7.2242376, 0.0 ], [ 110.3737753, -7.2242629, 0.0 ], [ 110.373933600000015, -7.2242934, 0.0 ], [ 110.3742796, -7.2243946, 0.0 ], [ 110.374454, -7.2244291, 0.0 ], [ 110.374478100000019, -7.2244424, 0.0 ], [ 110.3744845, -7.2244604, 0.0 ], [ 110.3744768, -7.224497, 0.0 ], [ 110.3744419, -7.2246367, 0.0 ], [ 110.3744336, -7.2246679, 0.0 ], [ 110.3743722, -7.2248988, 0.0 ], [ 110.3743198, -7.2250811, 0.0 ] ] } },
{ "type": "Feature", "properties": { "fid": 69, "full_id": "w665230927", "osm_id": "665230927", "osm_type": "way", "highway": "residential", "layer": null, "bridge": null, "access": null, "tunnel": null, "motorcar": null, "import": null, "surface": null, "lanes": null, "oneway": null, "maxspeed": null, "ref": null, "name": null, "Nama Jalan": "Jalan Permukiman" }, "geometry": { "type": "MultiLineString", "coordinates": [ [ [ 110.371837500000012, -7.226216, 0.0 ], [ 110.372048, -7.2259179, 0.0 ], [ 110.3723042, -7.225594, 0.0 ], [ 110.372438877352408, -7.225357443966443, 0.0 ] ], [ [ 110.372767219899345, -7.224712175195903, 0.0 ], [ 110.3727977, -7.224646, 0.0 ], [ 110.3728151, -7.2245782, 0.0 ], [ 110.3728346, -7.2244784, 0.0 ], [ 110.3728352, -7.2243859, 0.0 ], [ 110.3728359, -7.2242622, 0.0 ], [ 110.3728782, -7.2239309, 0.0 ], [ 110.3729613, -7.2233748, 0.0 ], [ 110.3729895, -7.2231665, 0.0 ], [ 110.3730726, -7.2228266, 0.0 ], [ 110.373076132241835, -7.222808435902135, 0.0 ] ] ] } },
{ "type": "Feature", "properties": { "fid": 70, "full_id": "w665230929", "osm_id": "665230929", "osm_type": "way", "highway": "residential", "layer": null, "bridge": null, "access": null, "tunnel": null, "motorcar": null, "import": null, "surface": null, "lanes": null, "oneway": null, "maxspeed": null, "ref": null, "name": null, "Nama Jalan": "Jalan Permukiman" }, "geometry": { "type": "LineString", "coordinates": [ [ 110.372279952904151, -7.22558168749292, 0.0 ], [ 110.3723042, -7.225594, 0.0 ] ] } },
{ "type": "Feature", "properties": { "fid": 71, "full_id": "w665230939", "osm_id": "665230939", "osm_type": "way", "highway": "unclassified", "layer": null, "bridge": null, "access": null, "tunnel": null, "motorcar": null, "import": null, "surface": null, "lanes": null, "oneway": null, "maxspeed": null, "ref": null, "name": null, "Nama Jalan": "Jalan Lingkungan" }, "geometry": { "type": "LineString", "coordinates": [ [ 110.372588140211576, -7.230630183414994, 0.0 ], [ 110.372614, -7.230629, 0.0 ], [ 110.3727937, -7.2305419, 0.0 ], [ 110.3728406, -7.2305153, 0.0 ], [ 110.3728688, -7.2304747, 0.0 ], [ 110.3728902, -7.2303071, 0.0 ], [ 110.3729137, -7.2302465, 0.0 ], [ 110.3729573, -7.2302006, 0.0 ], [ 110.3730646, -7.2301448, 0.0 ], [ 110.3732228, -7.2300942, 0.0 ], [ 110.3735608, -7.2300117, 0.0 ], [ 110.3736775, -7.2299658, 0.0 ], [ 110.3737627, -7.2299459, 0.0 ] ] } },
{ "type": "Feature", "properties": { "fid": 72, "full_id": "w665231935", "osm_id": "665231935", "osm_type": "way", "highway": "residential", "layer": null, "bridge": null, "access": null, "tunnel": null, "motorcar": null, "import": null, "surface": null, "lanes": null, "oneway": null, "maxspeed": null, "ref": null, "name": null, "Nama Jalan": "Jalan Permukiman" }, "geometry": { "type": "MultiLineString", "coordinates": [ [ [ 110.3755283, -7.2222858, 0.0 ], [ 110.375603882530584, -7.222315238128142, 0.0 ] ], [ [ 110.375912358045539, -7.222435384003436, 0.0 ], [ 110.3759961, -7.222468, 0.0 ], [ 110.376174, -7.2225279, 0.0 ], [ 110.3762518, -7.2225573, 0.0 ], [ 110.3764119, -7.2226177, 0.0 ], [ 110.3766037, -7.2226889, 0.0 ], [ 110.3771482, -7.2228632, 0.0 ], [ 110.3773613, -7.2229316, 0.0 ], [ 110.377528476044318, -7.222993454248423, 0.0 ] ] ] } },
{ "type": "Feature", "properties": { "fid": 73, "full_id": "w665231937", "osm_id": "665231937", "osm_type": "way", "highway": "service", "layer": null, "bridge": null, "access": null, "tunnel": null, "motorcar": null, "import": null, "surface": null, "lanes": null, "oneway": null, "maxspeed": null, "ref": null, "name": null, "Nama Jalan": "Jalan Lingkungan" }, "geometry": { "type": "LineString", "coordinates": [ [ 110.373397900000015, -7.2220529, 0.0 ], [ 110.3734656, -7.2221594, 0.0 ], [ 110.3735219, -7.2222498, 0.0 ], [ 110.3736614, -7.2224055, 0.0 ], [ 110.3739296, -7.222625, 0.0 ] ] } },
{ "type": "Feature", "properties": { "fid": 75, "full_id": "w665234527", "osm_id": "665234527", "osm_type": "way", "highway": "residential", "layer": null, "bridge": null, "access": null, "tunnel": null, "motorcar": null, "import": null, "surface": null, "lanes": null, "oneway": null, "maxspeed": null, "ref": null, "name": null, "Nama Jalan": "Jalan Permukiman" }, "geometry": { "type": "LineString", "coordinates": [ [ 110.3798364, -7.2298246, 0.0 ], [ 110.3796604, -7.2301533, 0.0 ], [ 110.3795032, -7.2304468, 0.0 ], [ 110.379467, -7.23048, 0.0 ] ] } },
{ "type": "Feature", "properties": { "fid": 76, "full_id": "w665234528", "osm_id": "665234528", "osm_type": "way", "highway": "residential", "layer": null, "bridge": null, "access": null, "tunnel": null, "motorcar": null, "import": null, "surface": null, "lanes": null, "oneway": null, "maxspeed": null, "ref": null, "name": null, "Nama Jalan": "Jalan Permukiman" }, "geometry": { "type": "LineString", "coordinates": [ [ 110.37882860000002, -7.2293358, 0.0 ], [ 110.3788796, -7.2291429, 0.0 ], [ 110.3789252, -7.2287451, 0.0 ], [ 110.3789251, -7.2286314, 0.0 ], [ 110.3789332, -7.2285176, 0.0 ], [ 110.3789453, -7.2282755, 0.0 ] ] } },
{ "type": "Feature", "properties": { "fid": 77, "full_id": "w665234529", "osm_id": "665234529", "osm_type": "way", "highway": "unclassified", "layer": null, "bridge": null, "access": null, "tunnel": null, "motorcar": null, "import": null, "surface": null, "lanes": null, "oneway": null, "maxspeed": null, "ref": null, "name": null, "Nama Jalan": "Jalan Lingkungan" }, "geometry": { "type": "LineString", "coordinates": [ [ 110.3798117, -7.2348399, 0.0 ], [ 110.379813, -7.2346922, 0.0 ], [ 110.37987, -7.2345332, 0.0 ], [ 110.379889500000019, -7.2344895, 0.0 ], [ 110.3799538, -7.2342957, 0.0 ], [ 110.3799894, -7.2342066, 0.0 ], [ 110.380020900000019, -7.2341613, 0.0 ], [ 110.3800651, -7.2341241, 0.0 ], [ 110.3801188, -7.2340922, 0.0 ], [ 110.3802703, -7.2339631, 0.0 ], [ 110.3803471, -7.2338942, 0.0 ], [ 110.3804246, -7.2338247, 0.0 ], [ 110.3805627, -7.2336784, 0.0 ], [ 110.3805935, -7.2336256, 0.0 ], [ 110.3806445, -7.2334509, 0.0 ], [ 110.3807075, -7.2332154, 0.0 ], [ 110.3807344, -7.2330757, 0.0 ] ] } },
{ "type": "Feature", "properties": { "fid": 78, "full_id": "w665234530", "osm_id": "665234530", "osm_type": "way", "highway": "residential", "layer": null, "bridge": null, "access": null, "tunnel": null, "motorcar": null, "import": null, "surface": null, "lanes": null, "oneway": null, "maxspeed": null, "ref": null, "name": null, "Nama Jalan": "Jalan Permukiman" }, "geometry": { "type": "LineString", "coordinates": [ [ 110.3822498, -7.2349543, 0.0 ], [ 110.3820808, -7.2349968, 0.0 ], [ 110.382036600000021, -7.2350115, 0.0 ], [ 110.381818, -7.2351126, 0.0 ], [ 110.3816476, -7.2351818, 0.0 ] ] } },
{ "type": "Feature", "properties": { "fid": 79, "full_id": "w665234531", "osm_id": "665234531", "osm_type": "way", "highway": "unclassified", "layer": null, "bridge": null, "access": null, "tunnel": null, "motorcar": null, "import": null, "surface": null, "lanes": null, "oneway": null, "maxspeed": null, "ref": null, "name": null, "Nama Jalan": "Jalan Lingkungan" }, "geometry": { "type": "LineString", "coordinates": [ [ 110.3805591, -7.233052, 0.0 ], [ 110.3807344, -7.2330757, 0.0 ] ] } },
{ "type": "Feature", "properties": { "fid": 80, "full_id": "w665234532", "osm_id": "665234532", "osm_type": "way", "highway": "unclassified", "layer": null, "bridge": null, "access": null, "tunnel": null, "motorcar": null, "import": null, "surface": null, "lanes": null, "oneway": null, "maxspeed": null, "ref": null, "name": null, "Nama Jalan": "Jalan Lingkungan" }, "geometry": { "type": "LineString", "coordinates": [ [ 110.3777994, -7.2287657, 0.0 ], [ 110.3778322, -7.2287877, 0.0 ], [ 110.3782878, -7.2290398, 0.0 ], [ 110.3784102, -7.2291123, 0.0 ], [ 110.37882860000002, -7.2293358, 0.0 ], [ 110.3791974, -7.2295101, 0.0 ], [ 110.3792311, -7.2295266, 0.0 ], [ 110.3793319, -7.2295759, 0.0 ], [ 110.3795202, -7.2296681, 0.0 ], [ 110.3798009, -7.2298055, 0.0 ], [ 110.3798364, -7.2298246, 0.0 ], [ 110.3800504, -7.2299399, 0.0 ], [ 110.3801751, -7.2300423, 0.0 ], [ 110.380279700000017, -7.2301408, 0.0 ], [ 110.3803207, -7.2302318, 0.0 ], [ 110.3803442, -7.2303271, 0.0 ], [ 110.3803401, -7.2303749, 0.0 ], [ 110.3803253, -7.2304654, 0.0 ], [ 110.3803012, -7.2305599, 0.0 ], [ 110.3801872, -7.2307661, 0.0 ], [ 110.380151, -7.2308645, 0.0 ], [ 110.3800866, -7.2311426, 0.0 ], [ 110.3800423, -7.2313155, 0.0 ], [ 110.3800376, -7.2313628, 0.0 ], [ 110.3800417, -7.231416, 0.0 ], [ 110.3800692, -7.2314818, 0.0 ], [ 110.3801282, -7.2315603, 0.0 ], [ 110.3801899, -7.2316881, 0.0 ] ] } },
{ "type": "Feature", "properties": { "fid": 81, "full_id": "w665234533", "osm_id": "665234533", "osm_type": "way", "highway": "residential", "layer": null, "bridge": null, "access": null, "tunnel": null, "motorcar": null, "import": null, "surface": null, "lanes": null, "oneway": null, "maxspeed": null, "ref": null, "name": null, "Nama Jalan": "Jalan Permukiman" }, "geometry": { "type": "LineString", "coordinates": [ [ 110.378956, -7.2279016, 0.0 ], [ 110.379154, -7.2278685, 0.0 ], [ 110.3793758, -7.2278457, 0.0 ] ] } },
{ "type": "Feature", "properties": { "fid": 89, "full_id": "w690662956", "osm_id": "690662956", "osm_type": "way", "highway": "residential", "layer": null, "bridge": null, "access": null, "tunnel": null, "motorcar": null, "import": "yes", "surface": null, "lanes": null, "oneway": null, "maxspeed": null, "ref": null, "name": null, "Nama Jalan": "Jalan Permukiman" }, "geometry": { "type": "LineString", "coordinates": [ [ 110.3773655, -7.2293825, 0.0 ], [ 110.377214, -7.2292826, 0.0 ], [ 110.3771434, -7.2292328, 0.0 ], [ 110.3768966, -7.2290039, 0.0 ], [ 110.3766991, -7.2287975, 0.0 ], [ 110.3766363, -7.2287571, 0.0 ], [ 110.3765903, -7.2287338, 0.0 ], [ 110.376542, -7.2287257, 0.0 ], [ 110.3763831, -7.2287298, 0.0 ], [ 110.3763446, -7.2287257, 0.0 ], [ 110.3761471, -7.2286494, 0.0 ], [ 110.3760339, -7.2284805, 0.0 ], [ 110.3759446, -7.228346, 0.0 ], [ 110.375915, -7.228304, 0.0 ], [ 110.3757965, -7.2281584, 0.0 ] ] } },
{ "type": "Feature", "properties": { "fid": 90, "full_id": "w690662957", "osm_id": "690662957", "osm_type": "way", "highway": "residential", "layer": null, "bridge": null, "access": null, "tunnel": null, "motorcar": null, "import": "yes", "surface": null, "lanes": null, "oneway": null, "maxspeed": null, "ref": null, "name": null, "Nama Jalan": "Jalan Permukiman" }, "geometry": { "type": "LineString", "coordinates": [ [ 110.3767041, -7.2280251, 0.0 ], [ 110.3766225, -7.2281345, 0.0 ], [ 110.3765746, -7.2281927, 0.0 ], [ 110.3765615, -7.2281996, 0.0 ], [ 110.3765417, -7.228206, 0.0 ], [ 110.376529, -7.228211, 0.0 ], [ 110.3765219, -7.2282169, 0.0 ], [ 110.3764636, -7.2283094, 0.0 ], [ 110.3763999, -7.2283693, 0.0 ], [ 110.3762899, -7.2285136, 0.0 ], [ 110.3762088, -7.22859940000001, 0.0 ], [ 110.3761471, -7.2286494, 0.0 ], [ 110.3760378, -7.2287505, 0.0 ], [ 110.376008, -7.228766, 0.0 ], [ 110.3759721, -7.2287757, 0.0 ], [ 110.3754437, -7.2287904, 0.0 ] ] } },
{ "type": "Feature", "properties": { "fid": 93, "full_id": "w690662962", "osm_id": "690662962", "osm_type": "way", "highway": "residential", "layer": null, "bridge": null, "access": null, "tunnel": null, "motorcar": null, "import": "yes", "surface": null, "lanes": null, "oneway": null, "maxspeed": null, "ref": null, "name": null, "Nama Jalan": "Jalan Permukiman" }, "geometry": { "type": "LineString", "coordinates": [ [ 110.37979, -7.22852, 0.0 ], [ 110.3794539, -7.2285784, 0.0 ], [ 110.3789251, -7.2286314, 0.0 ], [ 110.3786376, -7.2286452, 0.0 ], [ 110.3784359, -7.2286314, 0.0 ], [ 110.3781394, -7.228609, 0.0 ], [ 110.3781272, -7.2285974, 0.0 ], [ 110.3781205, -7.2285682, 0.0 ], [ 110.3780924, -7.2285562, 0.0 ], [ 110.3779018, -7.2285233, 0.0 ] ] } },
{ "type": "Feature", "properties": { "fid": 94, "full_id": "w690662963", "osm_id": "690662963", "osm_type": "way", "highway": "residential", "layer": null, "bridge": null, "access": null, "tunnel": null, "motorcar": null, "import": "yes", "surface": null, "lanes": null, "oneway": null, "maxspeed": null, "ref": null, "name": null, "Nama Jalan": "Jalan Permukiman" }, "geometry": { "type": "LineString", "coordinates": [ [ 110.3786376, -7.2286452, 0.0 ], [ 110.3786347, -7.2285354, 0.0 ], [ 110.378629, -7.2282433, 0.0 ], [ 110.3786332, -7.2281313, 0.0 ], [ 110.3786399, -7.2279164, 0.0 ] ] } },
{ "type": "Feature", "properties": { "fid": 95, "full_id": "w690662964", "osm_id": "690662964", "osm_type": "way", "highway": "residential", "layer": null, "bridge": null, "access": null, "tunnel": null, "motorcar": null, "import": "yes", "surface": null, "lanes": null, "oneway": null, "maxspeed": null, "ref": null, "name": null, "Nama Jalan": "Jalan Permukiman" }, "geometry": { "type": "LineString", "coordinates": [ [ 110.3782878, -7.2290398, 0.0 ], [ 110.3783981, -7.2288449, 0.0 ], [ 110.378418, -7.228784, 0.0 ], [ 110.3784297, -7.2287139, 0.0 ], [ 110.3784359, -7.2286314, 0.0 ], [ 110.3784269, -7.2284205, 0.0 ], [ 110.3784116, -7.2283074, 0.0 ], [ 110.3783985, -7.2282149, 0.0 ], [ 110.3783358, -7.2282097, 0.0 ] ] } },
{ "type": "Feature", "properties": { "fid": 102, "full_id": "w690662998", "osm_id": "690662998", "osm_type": "way", "highway": "residential", "layer": null, "bridge": null, "access": null, "tunnel": null, "motorcar": null, "import": "yes", "surface": null, "lanes": null, "oneway": null, "maxspeed": null, "ref": null, "name": null, "Nama Jalan": "Jalan Permukiman" }, "geometry": { "type": "LineString", "coordinates": [ [ 110.3789453, -7.2282755, 0.0 ], [ 110.3791728, -7.2282512, 0.0 ], [ 110.3794681, -7.228241, 0.0 ] ] } },
{ "type": "Feature", "properties": { "fid": 103, "full_id": "w690662999", "osm_id": "690662999", "osm_type": "way", "highway": "residential", "layer": null, "bridge": null, "access": null, "tunnel": null, "motorcar": null, "import": "yes", "surface": null, "lanes": null, "oneway": null, "maxspeed": null, "ref": null, "name": null, "Nama Jalan": "Jalan Permukiman" }, "geometry": { "type": "LineString", "coordinates": [ [ 110.3791728, -7.2282512, 0.0 ], [ 110.3791653, -7.2280988, 0.0 ], [ 110.379154, -7.2278685, 0.0 ] ] } },
{ "type": "Feature", "properties": { "fid": 106, "full_id": "w690663018", "osm_id": "690663018", "osm_type": "way", "highway": "service", "layer": null, "bridge": null, "access": null, "tunnel": null, "motorcar": null, "import": "yes", "surface": null, "lanes": null, "oneway": null, "maxspeed": null, "ref": null, "name": null, "Nama Jalan": "Jalan Lingkungan" }, "geometry": { "type": "LineString", "coordinates": [ [ 110.3746739, -7.2310269, 0.0 ], [ 110.3747179, -7.230947, 0.0 ], [ 110.3748187, -7.2308574, 0.0 ], [ 110.374927, -7.2307576, 0.0 ], [ 110.3750565, -7.2306554, 0.0 ], [ 110.3751328, -7.2305881, 0.0 ], [ 110.37530790000001, -7.2304131, 0.0 ], [ 110.3754417, -7.2302705, 0.0 ], [ 110.375447, -7.230256, 0.0 ], [ 110.3754417, -7.2302439, 0.0 ], [ 110.3754066, -7.2302156, 0.0 ], [ 110.374993700000019, -7.2299284, 0.0 ], [ 110.3749676, -7.2299239, 0.0 ], [ 110.3748355, -7.2299492, 0.0 ], [ 110.374691900000016, -7.2300163, 0.0 ] ] } },
{ "type": "Feature", "properties": { "fid": 107, "full_id": "w690663019", "osm_id": "690663019", "osm_type": "way", "highway": "service", "layer": null, "bridge": null, "access": null, "tunnel": null, "motorcar": null, "import": "yes", "surface": null, "lanes": null, "oneway": null, "maxspeed": null, "ref": null, "name": null, "Nama Jalan": "Jalan Lingkungan" }, "geometry": { "type": "LineString", "coordinates": [ [ 110.374927, -7.2307576, 0.0 ], [ 110.3748636, -7.2307003, 0.0 ], [ 110.374562900000015, -7.2304355, 0.0 ], [ 110.3745532, -7.2304009, 0.0 ], [ 110.374562900000015, -7.2303592, 0.0 ], [ 110.3747963, -7.2300945, 0.0 ] ] } },
{ "type": "Feature", "properties": { "fid": 108, "full_id": "w690663020", "osm_id": "690663020", "osm_type": "way", "highway": "service", "layer": null, "bridge": null, "access": null, "tunnel": null, "motorcar": null, "import": "yes", "surface": null, "lanes": null, "oneway": null, "maxspeed": null, "ref": null, "name": null, "Nama Jalan": "Jalan Lingkungan" }, "geometry": { "type": "LineString", "coordinates": [ [ 110.3755455, -7.2311289, 0.0 ], [ 110.3756087, -7.2309237, 0.0 ], [ 110.3755758, -7.230852499999989, 0.0 ], [ 110.375386700000021, -7.2306796, 0.0 ], [ 110.3753398, -7.230653, 0.0 ], [ 110.3753034, -7.2306554, 0.0 ], [ 110.3751681, -7.2308346, 0.0 ], [ 110.3751553, -7.2308619, 0.0 ], [ 110.3751634, -7.2308812, 0.0 ], [ 110.3752989, -7.231019, 0.0 ], [ 110.3753025, -7.2310435, 0.0 ], [ 110.3752989, -7.2310683, 0.0 ], [ 110.3750293, -7.2315258, 0.0 ] ] } },
{ "type": "Feature", "properties": { "fid": 109, "full_id": "w690663029", "osm_id": "690663029", "osm_type": "way", "highway": "residential", "layer": null, "bridge": null, "access": null, "tunnel": null, "motorcar": null, "import": "yes", "surface": null, "lanes": null, "oneway": null, "maxspeed": null, "ref": null, "name": null, "Nama Jalan": "Jalan Permukiman" }, "geometry": { "type": "LineString", "coordinates": [ [ 110.3747559, -7.2245385, 0.0 ], [ 110.3745458, -7.2245103, 0.0 ], [ 110.3744768, -7.224497, 0.0 ] ] } },
{ "type": "Feature", "properties": { "fid": 112, "full_id": "w690663062", "osm_id": "690663062", "osm_type": "way", "highway": "residential", "layer": null, "bridge": null, "access": null, "tunnel": null, "motorcar": null, "import": "yes", "surface": null, "lanes": null, "oneway": null, "maxspeed": null, "ref": null, "name": null, "Nama Jalan": "Jalan Permukiman" }, "geometry": { "type": "LineString", "coordinates": [ [ 110.3770178, -7.228223, 0.0 ], [ 110.3771049, -7.2280471, 0.0 ], [ 110.3771781, -7.2279285, 0.0 ], [ 110.3771907, -7.2279188, 0.0 ], [ 110.3772166, -7.2279194, 0.0 ], [ 110.377556700000014, -7.228067299999989, 0.0 ], [ 110.3777343, -7.2281225, 0.0 ], [ 110.377766500000021, -7.2281065, 0.0 ], [ 110.3778054, -7.2280333, 0.0 ], [ 110.3778309, -7.228024, 0.0 ], [ 110.3779823, -7.2280535, 0.0 ] ] } },
{ "type": "Feature", "properties": { "fid": 113, "full_id": "w690663071", "osm_id": "690663071", "osm_type": "way", "highway": "residential", "layer": null, "bridge": null, "access": null, "tunnel": null, "motorcar": null, "import": "yes", "surface": null, "lanes": null, "oneway": null, "maxspeed": null, "ref": null, "name": null, "Nama Jalan": "Jalan Permukiman" }, "geometry": { "type": "LineString", "coordinates": [ [ 110.3759961, -7.222468, 0.0 ], [ 110.376006003965713, -7.222424074648387, 0.0 ] ] } },
{ "type": "Feature", "properties": { "fid": 114, "full_id": "w690663076", "osm_id": "690663076", "osm_type": "way", "highway": "residential", "layer": null, "bridge": null, "access": null, "tunnel": null, "motorcar": null, "import": "yes", "surface": null, "lanes": null, "oneway": null, "maxspeed": null, "ref": null, "name": null, "Nama Jalan": "Jalan Permukiman" }, "geometry": { "type": "LineString", "coordinates": [ [ 110.3762814, -7.2321396, 0.0 ], [ 110.3763952, -7.2321757, 0.0 ], [ 110.3764153, -7.2321976, 0.0 ], [ 110.37641, -7.2322276, 0.0 ], [ 110.3764033, -7.2322648, 0.0 ], [ 110.3764163, -7.2322919, 0.0 ], [ 110.3764868, -7.2323274, 0.0 ], [ 110.3766372, -7.2323953, 0.0 ], [ 110.3766991, -7.2324237, 0.0 ], [ 110.3769161, -7.2326606, 0.0 ], [ 110.3769833, -7.2327364, 0.0 ], [ 110.3770798, -7.2327883, 0.0 ], [ 110.3772024, -7.2328341, 0.0 ] ] } },
{ "type": "Feature", "properties": { "fid": 116, "full_id": "w690663081", "osm_id": "690663081", "osm_type": "way", "highway": "residential", "layer": null, "bridge": null, "access": null, "tunnel": null, "motorcar": null, "import": "yes", "surface": null, "lanes": null, "oneway": null, "maxspeed": null, "ref": null, "name": null, "Nama Jalan": "Jalan Permukiman" }, "geometry": { "type": "LineString", "coordinates": [ [ 110.3736047, -7.2227297, 0.0 ], [ 110.373527907514202, -7.222721327119086, 0.0 ] ] } },
{ "type": "Feature", "properties": { "fid": 117, "full_id": "w690663088", "osm_id": "690663088", "osm_type": "way", "highway": "residential", "layer": null, "bridge": null, "access": null, "tunnel": null, "motorcar": null, "import": "yes", "surface": null, "lanes": null, "oneway": null, "maxspeed": null, "ref": null, "name": null, "Nama Jalan": "Jalan Permukiman" }, "geometry": { "type": "LineString", "coordinates": [ [ 110.3720092, -7.2263161, 0.0 ], [ 110.371976858888246, -7.226342528957853, 0.0 ] ] } },
{ "type": "Feature", "properties": { "fid": 118, "full_id": "w690663096", "osm_id": "690663096", "osm_type": "way", "highway": "residential", "layer": null, "bridge": null, "access": null, "tunnel": null, "motorcar": null, "import": "yes", "surface": null, "lanes": null, "oneway": null, "maxspeed": null, "ref": null, "name": null, "Nama Jalan": "Jalan Permukiman" }, "geometry": { "type": "LineString", "coordinates": [ [ 110.3857286, -7.2360392, 0.0 ], [ 110.3857148, -7.2358953, 0.0 ], [ 110.3856973, -7.2357133, 0.0 ], [ 110.385695, -7.2355795, 0.0 ], [ 110.3856973, -7.2352286, 0.0 ] ] } },
{ "type": "Feature", "properties": { "fid": 121, "full_id": "w690663117", "osm_id": "690663117", "osm_type": "way", "highway": "service", "layer": null, "bridge": null, "access": null, "tunnel": null, "motorcar": null, "import": "yes", "surface": null, "lanes": null, "oneway": null, "maxspeed": null, "ref": null, "name": null, "Nama Jalan": "Jalan Lingkungan" }, "geometry": { "type": "LineString", "coordinates": [ [ 110.3747514, -7.2269888, 0.0 ], [ 110.374454, -7.2273375, 0.0 ], [ 110.373996, -7.2278134, 0.0 ], [ 110.3739192, -7.2279163, 0.0 ] ] } },
{ "type": "Feature", "properties": { "fid": 126, "full_id": "w690663162", "osm_id": "690663162", "osm_type": "way", "highway": "residential", "layer": null, "bridge": null, "access": null, "tunnel": null, "motorcar": null, "import": "yes", "surface": null, "lanes": null, "oneway": null, "maxspeed": null, "ref": null, "name": null, "Nama Jalan": "Jalan Permukiman" }, "geometry": { "type": "LineString", "coordinates": [ [ 110.3836969, -7.2353053, 0.0 ], [ 110.3837541, -7.234883, 0.0 ] ] } },
{ "type": "Feature", "properties": { "fid": 127, "full_id": "w690663165", "osm_id": "690663165", "osm_type": "way", "highway": "residential", "layer": null, "bridge": null, "access": null, "tunnel": null, "motorcar": null, "import": "yes", "surface": null, "lanes": null, "oneway": null, "maxspeed": null, "ref": null, "name": null, "Nama Jalan": "Jalan Permukiman" }, "geometry": { "type": "LineString", "coordinates": [ [ 110.3742984, -7.226214599999988, 0.0 ], [ 110.3740288, -7.2265625, 0.0 ] ] } },
{ "type": "Feature", "properties": { "fid": 128, "full_id": "w690663171", "osm_id": "690663171", "osm_type": "way", "highway": "service", "layer": null, "bridge": null, "access": null, "tunnel": null, "motorcar": null, "import": "yes", "surface": null, "lanes": null, "oneway": null, "maxspeed": null, "ref": null, "name": null, "Nama Jalan": "Jalan Lingkungan" }, "geometry": { "type": "LineString", "coordinates": [ [ 110.374132, -7.222878, 0.0 ], [ 110.3740516, -7.2227301, 0.0 ], [ 110.3740154, -7.222685, 0.0 ], [ 110.3739296, -7.222625, 0.0 ] ] } },
{ "type": "Feature", "properties": { "fid": 130, "full_id": "w690663182", "osm_id": "690663182", "osm_type": "way", "highway": "residential", "layer": null, "bridge": null, "access": null, "tunnel": null, "motorcar": null, "import": "yes", "surface": null, "lanes": null, "oneway": null, "maxspeed": null, "ref": null, "name": null, "Nama Jalan": "Jalan Permukiman" }, "geometry": { "type": "LineString", "coordinates": [ [ 110.3777149, -7.2275312, 0.0 ], [ 110.3776281, -7.227496, 0.0 ], [ 110.3771917, -7.2273036, 0.0 ] ] } },
{ "type": "Feature", "properties": { "fid": 131, "full_id": "w690663188", "osm_id": "690663188", "osm_type": "way", "highway": "residential", "layer": null, "bridge": null, "access": null, "tunnel": null, "motorcar": null, "import": "yes", "surface": null, "lanes": null, "oneway": null, "maxspeed": null, "ref": null, "name": null, "Nama Jalan": "Jalan Permukiman" }, "geometry": { "type": "LineString", "coordinates": [ [ 110.3778751, -7.2297203, 0.0 ], [ 110.3782201, -7.2300123, 0.0 ], [ 110.37835960000001, -7.2301304, 0.0 ], [ 110.378378900000016, -7.2301419, 0.0 ], [ 110.3784062, -7.2301487, 0.0 ], [ 110.3785347, -7.2301169, 0.0 ], [ 110.3785453, -7.2301163, 0.0 ], [ 110.3785591, -7.2301195, 0.0 ], [ 110.3787505, -7.2301738, 0.0 ], [ 110.378961, -7.2302336, 0.0 ], [ 110.379028300000016, -7.230265, 0.0 ], [ 110.3791163, -7.2303237, 0.0 ], [ 110.3792179, -7.2303914, 0.0 ], [ 110.379351400000019, -7.2304804, 0.0 ], [ 110.3794, -7.230492, 0.0 ], [ 110.379467, -7.23048, 0.0 ] ] } },
{ "type": "Feature", "properties": { "fid": 133, "full_id": "w690663190", "osm_id": "690663190", "osm_type": "way", "highway": "residential", "layer": null, "bridge": null, "access": null, "tunnel": null, "motorcar": null, "import": "yes", "surface": null, "lanes": null, "oneway": null, "maxspeed": null, "ref": null, "name": null, "Nama Jalan": "Jalan Permukiman" }, "geometry": { "type": "LineString", "coordinates": [ [ 110.381739, -7.2333212, 0.0 ], [ 110.3816762, -7.2335052, 0.0 ], [ 110.381644800000018, -7.2335833, 0.0 ], [ 110.3815675, -7.2336967, 0.0 ], [ 110.3814877, -7.233779, 0.0 ], [ 110.3814525, -7.2338221, 0.0 ] ] } },
{ "type": "Feature", "properties": { "fid": 136, "full_id": "w690663209", "osm_id": "690663209", "osm_type": "way", "highway": "residential", "layer": null, "bridge": null, "access": null, "tunnel": null, "motorcar": null, "import": "yes", "surface": null, "lanes": null, "oneway": null, "maxspeed": null, "ref": null, "name": null, "Nama Jalan": "Jalan Permukiman" }, "geometry": { "type": "LineString", "coordinates": [ [ 110.3766617, -7.2279984, 0.0 ], [ 110.3767619, -7.2276127, 0.0 ], [ 110.3768517, -7.2273972, 0.0 ], [ 110.3768676, -7.2273748, 0.0 ], [ 110.3768831, -7.2273613, 0.0 ], [ 110.3769038, -7.2273568, 0.0 ], [ 110.3769233, -7.2273615, 0.0 ], [ 110.3770447, -7.2274152, 0.0 ], [ 110.3770808, -7.227419, 0.0 ], [ 110.3771075, -7.2274107, 0.0 ], [ 110.3771917, -7.2273036, 0.0 ], [ 110.377314, -7.2270966, 0.0 ], [ 110.3773643, -7.2270456, 0.0 ], [ 110.3774355, -7.2270101, 0.0 ], [ 110.377531800000014, -7.2269889, 0.0 ], [ 110.377750400000011, -7.2269663, 0.0 ] ] } },
{ "type": "Feature", "properties": { "fid": 137, "full_id": "w691133504", "osm_id": "691133504", "osm_type": "way", "highway": "residential", "layer": null, "bridge": null, "access": null, "tunnel": null, "motorcar": null, "import": null, "surface": null, "lanes": null, "oneway": null, "maxspeed": null, "ref": null, "name": null, "Nama Jalan": "Jalan Permukiman" }, "geometry": { "type": "LineString", "coordinates": [ [ 110.3780065, -7.227867, 0.0 ], [ 110.377901900000012, -7.2278577, 0.0 ], [ 110.3778121, -7.2278404, 0.0 ], [ 110.3777584, -7.2278205, 0.0 ], [ 110.3777088, -7.2277792, 0.0 ], [ 110.3776726, -7.2277273, 0.0 ] ] } },
{ "type": "Feature", "properties": { "fid": 138, "full_id": "w710815453", "osm_id": "710815453", "osm_type": "way", "highway": "residential", "layer": null, "bridge": null, "access": null, "tunnel": null, "motorcar": null, "import": "yes", "surface": null, "lanes": null, "oneway": null, "maxspeed": null, "ref": null, "name": null, "Nama Jalan": "Jalan Permukiman" }, "geometry": { "type": "LineString", "coordinates": [ [ 110.3783985, -7.2282149, 0.0 ], [ 110.3784, -7.2282006, 0.0 ], [ 110.3784069, -7.2281817, 0.0 ], [ 110.3784225, -7.2281602, 0.0 ], [ 110.378467300000011, -7.2281333, 0.0 ], [ 110.3785302, -7.2281243, 0.0 ], [ 110.3786332, -7.2281313, 0.0 ], [ 110.3787012, -7.2281571, 0.0 ], [ 110.378775, -7.228169, 0.0 ], [ 110.3788474, -7.2281664, 0.0 ], [ 110.3789503, -7.2281657, 0.0 ] ] } },
{ "type": "Feature", "properties": { "fid": 146, "full_id": "w784707491", "osm_id": "784707491", "osm_type": "way", "highway": "residential", "layer": null, "bridge": null, "access": null, "tunnel": null, "motorcar": null, "import": null, "surface": null, "lanes": null, "oneway": null, "maxspeed": null, "ref": null, "name": null, "Nama Jalan": "Jalan Permukiman" }, "geometry": { "type": "LineString", "coordinates": [ [ 110.3847372, -7.2389963, 0.0 ], [ 110.3847489, -7.2389529, 0.0 ], [ 110.3847751, -7.2388019, 0.0 ], [ 110.3847831, -7.2386449, 0.0 ], [ 110.3847751, -7.2385571, 0.0 ], [ 110.3847389, -7.2384732, 0.0 ], [ 110.3847161, -7.238412, 0.0 ], [ 110.384696, -7.2383508, 0.0 ], [ 110.3846745, -7.2382537, 0.0 ], [ 110.384661100000017, -7.2381792, 0.0 ], [ 110.3846638, -7.2380967, 0.0 ], [ 110.384681200000017, -7.2380156, 0.0 ], [ 110.3847107, -7.2379557, 0.0 ], [ 110.3847818, -7.2378453, 0.0 ], [ 110.3848368, -7.2377375, 0.0 ], [ 110.384877, -7.2376204, 0.0 ], [ 110.3848985, -7.2374195, 0.0 ], [ 110.3849602, -7.2372665, 0.0 ], [ 110.3850473, -7.2370883, 0.0 ], [ 110.3851265, -7.2369486, 0.0 ], [ 110.3851707, -7.2368062, 0.0 ], [ 110.3851748, -7.2367613, 0.0 ], [ 110.3851707, -7.2367184, 0.0 ], [ 110.3851479, -7.2366333, 0.0 ], [ 110.3851513, -7.236614, 0.0 ], [ 110.385161, -7.236598, 0.0 ], [ 110.3851734, -7.236588, 0.0 ], [ 110.3852928, -7.2365561, 0.0 ], [ 110.3853672, -7.2365391, 0.0 ] ] } },
{ "type": "Feature", "properties": { "fid": 147, "full_id": "w800749619", "osm_id": "800749619", "osm_type": "way", "highway": "residential", "layer": null, "bridge": null, "access": null, "tunnel": null, "motorcar": null, "import": null, "surface": null, "lanes": null, "oneway": null, "maxspeed": null, "ref": null, "name": null, "Nama Jalan": "Jalan Permukiman" }, "geometry": { "type": "LineString", "coordinates": [ [ 110.3744336, -7.2246679, 0.0 ], [ 110.3747396, -7.2247431, 0.0 ], [ 110.3749314, -7.224803, 0.0 ], [ 110.3750058, -7.2248336, 0.0 ], [ 110.3750655, -7.2248622, 0.0 ], [ 110.375101, -7.2248908, 0.0 ], [ 110.3751661, -7.2249494, 0.0 ], [ 110.3751748, -7.2249673, 0.0 ], [ 110.3751793, -7.2249798, 0.0 ], [ 110.3751797, -7.2249997, 0.0 ], [ 110.3751493, -7.22528, 0.0 ] ] } },
{ "type": "Feature", "properties": { "fid": 148, "full_id": "w800754390", "osm_id": "800754390", "osm_type": "way", "highway": "residential", "layer": null, "bridge": null, "access": null, "tunnel": null, "motorcar": null, "import": null, "surface": null, "lanes": null, "oneway": null, "maxspeed": null, "ref": null, "name": null, "Nama Jalan": "Jalan Permukiman" }, "geometry": { "type": "LineString", "coordinates": [ [ 110.3763278, -7.2278347, 0.0 ], [ 110.3766561, -7.2272816, 0.0 ], [ 110.3768224, -7.2269597, 0.0 ] ] } },
{ "type": "Feature", "properties": { "fid": 153, "full_id": "w800911624", "osm_id": "800911624", "osm_type": "way", "highway": "residential", "layer": null, "bridge": null, "access": null, "tunnel": null, "motorcar": null, "import": null, "surface": null, "lanes": null, "oneway": null, "maxspeed": null, "ref": null, "name": null, "Nama Jalan": "Jalan Permukiman" }, "geometry": { "type": "LineString", "coordinates": [ [ 110.373206200000013, -7.2255171, 0.0 ], [ 110.3724381, -7.2265662, 0.0 ] ] } },
{ "type": "Feature", "properties": { "fid": 154, "full_id": "w800923753", "osm_id": "800923753", "osm_type": "way", "highway": "residential", "layer": null, "bridge": null, "access": null, "tunnel": null, "motorcar": null, "import": null, "surface": null, "lanes": null, "oneway": null, "maxspeed": null, "ref": null, "name": null, "Nama Jalan": "Jalan Permukiman" }, "geometry": { "type": "LineString", "coordinates": [ [ 110.3774501, -7.2339521, 0.0 ], [ 110.377424500000018, -7.2340137, 0.0 ], [ 110.3773977, -7.2340549, 0.0 ], [ 110.377344, -7.2340549, 0.0 ], [ 110.3772689, -7.2340443, 0.0 ], [ 110.3772247, -7.2340509, 0.0 ], [ 110.3772019, -7.2340961, 0.0 ], [ 110.3771791, -7.234156, 0.0 ], [ 110.3771757, -7.234183, 0.0 ], [ 110.3771764, -7.2342205, 0.0 ], [ 110.3771918, -7.2342618, 0.0 ], [ 110.3772113, -7.2342864, 0.0 ], [ 110.3772629, -7.2343323, 0.0 ], [ 110.3773058, -7.2343702, 0.0 ], [ 110.3773427, -7.2344135, 0.0 ], [ 110.3773564, -7.2344347, 0.0 ], [ 110.3773635, -7.2344693, 0.0 ], [ 110.3773554, -7.234491599999989, 0.0 ], [ 110.377333300000018, -7.2345172, 0.0 ], [ 110.3773139, -7.2345372, 0.0 ], [ 110.3772917, -7.2345738, 0.0 ], [ 110.377283, -7.234605, 0.0 ], [ 110.3772857, -7.234637, 0.0 ], [ 110.3772944, -7.2346589, 0.0 ], [ 110.3773172, -7.2346915, 0.0 ], [ 110.3773823, -7.234754, 0.0 ], [ 110.3776163, -7.2348771, 0.0 ], [ 110.3778134, -7.2349862, 0.0 ], [ 110.3778691, -7.2350281, 0.0 ], [ 110.3778949, -7.2350567, 0.0 ], [ 110.3779026, -7.2350906, 0.0 ], [ 110.3778972, -7.2351259, 0.0 ], [ 110.3778791, -7.2351571, 0.0 ], [ 110.3778429, -7.2351911, 0.0 ], [ 110.377631, -7.2352702, 0.0 ], [ 110.3775861, -7.2352962, 0.0 ], [ 110.3775616, -7.2353128, 0.0 ], [ 110.3775331, -7.2353441, 0.0 ], [ 110.3774745, -7.2354392, 0.0 ], [ 110.3774513, -7.2354688, 0.0 ], [ 110.3774326, -7.2354838, 0.0 ], [ 110.3774183, -7.2354884, 0.0 ], [ 110.3773947, -7.2354908, 0.0 ], [ 110.37723, -7.2354944, 0.0 ], [ 110.377167700000015, -7.2355084, 0.0 ], [ 110.3771067, -7.2355397, 0.0 ], [ 110.3770543, -7.2355783, 0.0 ], [ 110.3770812, -7.2358217, 0.0 ], [ 110.377181800000017, -7.2361477, 0.0 ], [ 110.3772174, -7.2362462, 0.0 ], [ 110.3772194, -7.2364035, 0.0 ], [ 110.3772174, -7.2365124, 0.0 ], [ 110.3772113, -7.2365568, 0.0 ], [ 110.377191, -7.2366032, 0.0 ], [ 110.377160500000016, -7.2366233, 0.0 ], [ 110.3771381, -7.2366334, 0.0 ], [ 110.3770243, -7.2366757, 0.0 ], [ 110.376803, -7.2367437, 0.0 ], [ 110.3767396, -7.2368037, 0.0 ], [ 110.3766969, -7.2368465, 0.0 ], [ 110.3766678, -7.236865, 0.0 ], [ 110.3766347, -7.2368743, 0.0 ], [ 110.3765884, -7.2368836, 0.0 ], [ 110.3765532, -7.2369049, 0.0 ], [ 110.37652, -7.236942, 0.0 ], [ 110.3764626, -7.2370056, 0.0 ] ] } },
{ "type": "Feature", "properties": { "fid": 156, "full_id": "w801046327", "osm_id": "801046327", "osm_type": "way", "highway": "service", "layer": null, "bridge": null, "access": null, "tunnel": null, "motorcar": null, "import": null, "surface": null, "lanes": null, "oneway": null, "maxspeed": null, "ref": null, "name": null, "Nama Jalan": "Jalan Lingkungan" }, "geometry": { "type": "LineString", "coordinates": [ [ 110.3743626, -7.2306514, 0.0 ], [ 110.3743574, -7.2306171, 0.0 ], [ 110.3744003, -7.2306171, 0.0 ], [ 110.3744432, -7.230649, 0.0 ], [ 110.3747179, -7.230947, 0.0 ] ] } },
{ "type": "Feature", "properties": { "fid": 157, "full_id": "w893515820", "osm_id": "893515820", "osm_type": "way", "highway": "footway", "layer": null, "bridge": null, "access": null, "tunnel": null, "motorcar": null, "import": null, "surface": null, "lanes": null, "oneway": null, "maxspeed": null, "ref": null, "name": null, "Nama Jalan": "Jalan Pejalan Kaki" }, "geometry": { "type": "LineString", "coordinates": [ [ 110.3803925, -7.2305404, 0.0 ], [ 110.3804474, -7.2305716, 0.0 ], [ 110.3804857, -7.230578, 0.0 ], [ 110.380508, -7.2305716, 0.0 ], [ 110.3805464, -7.2305505, 0.0 ], [ 110.3805858, -7.2305463, 0.0 ], [ 110.3806549, -7.23056, 0.0 ], [ 110.3806879, -7.2305832, 0.0 ], [ 110.3807784, -7.2307036, 0.0 ], [ 110.3808284, -7.2307459, 0.0 ], [ 110.3808944, -7.2307839, 0.0 ], [ 110.3809221, -7.2308061, 0.0 ], [ 110.3809604, -7.2308567, 0.0 ], [ 110.380986, -7.2308726, 0.0 ], [ 110.381019, -7.2308757, 0.0 ], [ 110.3810562, -7.2308641, 0.0 ], [ 110.3811659, -7.2307902, 0.0 ], [ 110.381242500000013, -7.2307606, 0.0 ], [ 110.3813053, -7.2307617, 0.0 ], [ 110.3815171, -7.2308145, 0.0 ], [ 110.3815672, -7.2308451, 0.0 ], [ 110.3817023, -7.2309095, 0.0 ], [ 110.3817247, -7.2309328, 0.0 ], [ 110.3817343, -7.2309655, 0.0 ], [ 110.381733200000014, -7.2310373, 0.0 ], [ 110.3817407, -7.2310574, 0.0 ], [ 110.3817683, -7.2310891, 0.0 ], [ 110.3818514, -7.231125, 0.0 ], [ 110.3819418, -7.2311397, 0.0 ], [ 110.38197270000002, -7.2311503, 0.0 ], [ 110.382043, -7.2312179, 0.0 ], [ 110.3821079, -7.2312422, 0.0 ], [ 110.3821824, -7.2312401, 0.0 ], [ 110.3822612, -7.2312506, 0.0 ], [ 110.3823272, -7.2312728, 0.0 ], [ 110.382358, -7.2313013, 0.0 ], [ 110.3823857, -7.2313362, 0.0 ], [ 110.3824166, -7.231353, 0.0 ], [ 110.382489, -7.2313953, 0.0 ], [ 110.382506, -7.2314217, 0.0 ], [ 110.3825283, -7.2314829, 0.0 ], [ 110.3825475, -7.2314956, 0.0 ], [ 110.3825731, -7.2315041, 0.0 ] ] } },
{ "type": "Feature", "properties": { "fid": 158, "full_id": "w893515821", "osm_id": "893515821", "osm_type": "way", "highway": "service", "layer": null, "bridge": null, "access": null, "tunnel": null, "motorcar": null, "import": null, "surface": null, "lanes": null, "oneway": null, "maxspeed": null, "ref": null, "name": null, "Nama Jalan": "Jalan Lingkungan" }, "geometry": { "type": "LineString", "coordinates": [ [ 110.3801282, -7.2315603, 0.0 ], [ 110.3799194, -7.2315034, 0.0 ], [ 110.3797792, -7.2314112, 0.0 ], [ 110.3797065, -7.231309, 0.0 ], [ 110.379633900000016, -7.2310877, 0.0 ] ] } },
{ "type": "Feature", "properties": { "fid": 159, "full_id": "w893515822", "osm_id": "893515822", "osm_type": "way", "highway": "residential", "layer": null, "bridge": null, "access": null, "tunnel": null, "motorcar": null, "import": null, "surface": null, "lanes": null, "oneway": null, "maxspeed": null, "ref": null, "name": null, "Nama Jalan": "Jalan Permukiman" }, "geometry": { "type": "LineString", "coordinates": [ [ 110.3778751, -7.2297203, 0.0 ], [ 110.3781916, -7.2294183, 0.0 ], [ 110.3782305, -7.2293944, 0.0 ], [ 110.3782707, -7.2294117, 0.0 ], [ 110.3784907, -7.2296764, 0.0 ], [ 110.3785591, -7.2297337, 0.0 ], [ 110.3786033, -7.2296884, 0.0 ], [ 110.3786422, -7.2296392, 0.0 ], [ 110.37882860000002, -7.2293358, 0.0 ] ] } },
{ "type": "Feature", "properties": { "fid": 160, "full_id": "w893515823", "osm_id": "893515823", "osm_type": "way", "highway": "footway", "layer": null, "bridge": null, "access": null, "tunnel": null, "motorcar": null, "import": null, "surface": null, "lanes": null, "oneway": null, "maxspeed": null, "ref": null, "name": null, "Nama Jalan": "Jalan Pejalan Kaki" }, "geometry": { "type": "LineString", "coordinates": [ [ 110.3787505, -7.2301738, 0.0 ], [ 110.378834, -7.2300623, 0.0 ], [ 110.3789413, -7.2299598, 0.0 ], [ 110.3789936, -7.2298414, 0.0 ], [ 110.3790607, -7.2297629, 0.0 ], [ 110.3791974, -7.2295101, 0.0 ] ] } },
{ "type": "Feature", "properties": { "fid": 161, "full_id": "w893515824", "osm_id": "893515824", "osm_type": "way", "highway": "footway", "layer": null, "bridge": null, "access": null, "tunnel": null, "motorcar": null, "import": null, "surface": null, "lanes": null, "oneway": null, "maxspeed": null, "ref": null, "name": null, "Nama Jalan": "Jalan Pejalan Kaki" }, "geometry": { "type": "LineString", "coordinates": [ [ 110.381281900000019, -7.2294576, 0.0 ], [ 110.3813128, -7.2295178, 0.0 ], [ 110.3813553, -7.2295452, 0.0 ], [ 110.3813862, -7.2295864, 0.0 ], [ 110.3814224, -7.2296234, 0.0 ], [ 110.381465, -7.2296455, 0.0 ], [ 110.3814937, -7.2296709, 0.0 ], [ 110.3815054, -7.22971, 0.0 ], [ 110.3815193, -7.2297628, 0.0 ], [ 110.381560800000017, -7.2298325, 0.0 ], [ 110.3815789, -7.2298472, 0.0 ], [ 110.3816257, -7.2298588, 0.0 ], [ 110.381729, -7.2298926, 0.0 ], [ 110.3817737, -7.2299212, 0.0 ], [ 110.3818248, -7.2299655, 0.0 ], [ 110.3818524, -7.2300331, 0.0 ], [ 110.381911, -7.2301049, 0.0 ], [ 110.3819184, -7.2301376, 0.0 ], [ 110.3819078, -7.2301883, 0.0 ], [ 110.3819142, -7.2302284, 0.0 ], [ 110.3819323, -7.2302601, 0.0 ], [ 110.382494300000019, -7.2307438, 0.0 ] ] } },
{ "type": "Feature", "properties": { "fid": 162, "full_id": "w893515825", "osm_id": "893515825", "osm_type": "way", "highway": "footway", "layer": null, "bridge": null, "access": null, "tunnel": null, "motorcar": null, "import": null, "surface": null, "lanes": null, "oneway": null, "maxspeed": null, "ref": null, "name": null, "Nama Jalan": "Jalan Pejalan Kaki" }, "geometry": { "type": "LineString", "coordinates": [ [ 110.3804001, -7.2304356, 0.0 ], [ 110.3805091, -7.2303652, 0.0 ], [ 110.3805742, -7.2303342, 0.0 ], [ 110.3809121, -7.2302647, 0.0 ], [ 110.3810275, -7.2302443, 0.0 ], [ 110.3811318, -7.230239, 0.0 ], [ 110.3811957, -7.2302189, 0.0 ], [ 110.3812893, -7.2301577, 0.0 ], [ 110.381518200000016, -7.2299718, 0.0 ], [ 110.3816257, -7.2298588, 0.0 ] ] } },
{ "type": "Feature", "properties": { "fid": 163, "full_id": "w893515826", "osm_id": "893515826", "osm_type": "way", "highway": "service", "layer": null, "bridge": null, "access": null, "tunnel": null, "motorcar": null, "import": null, "surface": null, "lanes": null, "oneway": null, "maxspeed": null, "ref": null, "name": null, "Nama Jalan": "Jalan Lingkungan" }, "geometry": { "type": "LineString", "coordinates": [ [ 110.3803442, -7.2303271, 0.0 ], [ 110.3803917, -7.2304038, 0.0 ], [ 110.3804001, -7.2304356, 0.0 ], [ 110.3803925, -7.2305404, 0.0 ], [ 110.3803706, -7.2306041, 0.0 ], [ 110.380261600000011, -7.230791, 0.0 ], [ 110.3802449, -7.2308186, 0.0 ], [ 110.3802221, -7.2308432, 0.0 ], [ 110.380151, -7.2308645, 0.0 ] ] } },
{ "type": "Feature", "properties": { "fid": 167, "full_id": "w962544206", "osm_id": "962544206", "osm_type": "way", "highway": "service", "layer": null, "bridge": null, "access": null, "tunnel": null, "motorcar": null, "import": null, "surface": null, "lanes": null, "oneway": null, "maxspeed": null, "ref": null, "name": null, "Nama Jalan": "Jalan Lingkungan" }, "geometry": { "type": "LineString", "coordinates": [ [ 110.3806217, -7.2351918, 0.0 ], [ 110.3807706, -7.2347015, 0.0 ] ] } },
{ "type": "Feature", "properties": { "fid": 168, "full_id": "w962564953", "osm_id": "962564953", "osm_type": "way", "highway": "residential", "layer": null, "bridge": null, "access": null, "tunnel": null, "motorcar": null, "import": null, "surface": null, "lanes": null, "oneway": null, "maxspeed": null, "ref": null, "name": null, "Nama Jalan": "Jalan Permukiman" }, "geometry": { "type": "LineString", "coordinates": [ [ 110.374454, -7.2244291, 0.0 ], [ 110.3745559, -7.2242229, 0.0 ], [ 110.3746323, -7.2241138, 0.0 ], [ 110.3746994, -7.2240513, 0.0 ], [ 110.3748, -7.2239914, 0.0 ] ] } },
{ "type": "Feature", "properties": { "fid": 169, "full_id": "w962569348", "osm_id": "962569348", "osm_type": "way", "highway": "residential", "layer": null, "bridge": null, "access": null, "tunnel": null, "motorcar": null, "import": null, "surface": null, "lanes": null, "oneway": null, "maxspeed": null, "ref": null, "name": null, "Nama Jalan": "Jalan Permukiman" }, "geometry": { "type": "LineString", "coordinates": [ [ 110.3749864, -7.2294476, 0.0 ], [ 110.3748912, -7.2293358, 0.0 ], [ 110.3748147, -7.2292613, 0.0 ], [ 110.3747275, -7.2292134, 0.0 ], [ 110.3745975, -7.2291975, 0.0 ], [ 110.3745157, -7.2291602, 0.0 ], [ 110.3744611, -7.2291244, 0.0 ], [ 110.3744687, -7.2290797, 0.0 ], [ 110.3744835, -7.2289234, 0.0 ] ] } },
{ "type": "Feature", "properties": { "fid": 170, "full_id": "w962593268", "osm_id": "962593268", "osm_type": "way", "highway": "service", "layer": null, "bridge": null, "access": null, "tunnel": null, "motorcar": null, "import": null, "surface": null, "lanes": null, "oneway": null, "maxspeed": null, "ref": null, "name": null, "Nama Jalan": "Jalan Lingkungan" }, "geometry": { "type": "LineString", "coordinates": [ [ 110.370789722167473, -7.228117885935227, 0.0 ], [ 110.3707713, -7.2282329, 0.0 ], [ 110.370748500000019, -7.2283985, 0.0 ] ] } },
{ "type": "Feature", "properties": { "fid": 171, "full_id": "w962593794", "osm_id": "962593794", "osm_type": "way", "highway": "service", "layer": null, "bridge": null, "access": null, "tunnel": null, "motorcar": null, "import": null, "surface": null, "lanes": null, "oneway": null, "maxspeed": null, "ref": null, "name": null, "Nama Jalan": "Jalan Lingkungan" }, "geometry": { "type": "LineString", "coordinates": [ [ 110.3752989, -7.2310683, 0.0 ], [ 110.3754933, -7.2311146, 0.0 ], [ 110.3755455, -7.2311289, 0.0 ], [ 110.3756395, -7.2311546, 0.0 ], [ 110.3756757, -7.2311439, 0.0 ], [ 110.3757079, -7.2311173, 0.0 ], [ 110.375738700000014, -7.2310521, 0.0 ], [ 110.3757602, -7.2310375, 0.0 ], [ 110.3757991, -7.2310361, 0.0 ], [ 110.3759479, -7.2310628, 0.0 ], [ 110.3765194, -7.2311637, 0.0 ] ] } },
{ "type": "Feature", "properties": { "fid": 172, "full_id": "w962594689", "osm_id": "962594689", "osm_type": "way", "highway": "residential", "layer": null, "bridge": null, "access": "permissive", "tunnel": null, "motorcar": null, "import": null, "surface": null, "lanes": null, "oneway": null, "maxspeed": null, "ref": null, "name": null, "Nama Jalan": "Jalan Permukiman" }, "geometry": { "type": "LineString", "coordinates": [ [ 110.3744084, -7.2282096, 0.0 ], [ 110.3744084, -7.2281251, 0.0 ], [ 110.3743735, -7.228074600000012, 0.0 ], [ 110.3746203, -7.2278191, 0.0 ], [ 110.3747222, -7.2277154, 0.0 ], [ 110.374808, -7.2276142, 0.0 ], [ 110.3748402, -7.2275717, 0.0 ] ] } },
{ "type": "Feature", "properties": { "fid": 174, "full_id": "w963559939", "osm_id": "963559939", "osm_type": "way", "highway": "service", "layer": null, "bridge": null, "access": null, "tunnel": null, "motorcar": null, "import": null, "surface": null, "lanes": null, "oneway": null, "maxspeed": null, "ref": null, "name": null, "Nama Jalan": "Jalan Lingkungan" }, "geometry": { "type": "LineString", "coordinates": [ [ 110.3849354, -7.2345033, 0.0 ], [ 110.3849709, -7.2346789, 0.0 ], [ 110.3849769, -7.2347354, 0.0 ], [ 110.3849897, -7.2348598, 0.0 ], [ 110.384997, -7.2349383, 0.0 ], [ 110.3848985, -7.2349476, 0.0 ], [ 110.3847657, -7.2349556, 0.0 ], [ 110.3847469, -7.2349709, 0.0 ], [ 110.3847375, -7.2349995, 0.0 ], [ 110.3847402, -7.2350514, 0.0 ], [ 110.3847295, -7.2350793, 0.0 ], [ 110.384708, -7.2350886, 0.0 ], [ 110.3844932, -7.2351117, 0.0 ] ] } },
{ "type": "Feature", "properties": { "fid": 175, "full_id": "w963565830", "osm_id": "963565830", "osm_type": "way", "highway": "residential", "layer": null, "bridge": null, "access": null, "tunnel": null, "motorcar": null, "import": null, "surface": null, "lanes": null, "oneway": null, "maxspeed": null, "ref": null, "name": null, "Nama Jalan": "Jalan Permukiman" }, "geometry": { "type": "LineString", "coordinates": [ [ 110.385695, -7.2355795, 0.0 ], [ 110.3858493, -7.2355743, 0.0 ], [ 110.3859285, -7.2355689, 0.0 ], [ 110.3859651, -7.235564, 0.0 ], [ 110.3861658, -7.235537, 0.0 ] ] } },
{ "type": "Feature", "properties": { "fid": 176, "full_id": "w1116848498", "osm_id": "1116848498", "osm_type": "way", "highway": "residential", "layer": null, "bridge": null, "access": null, "tunnel": null, "motorcar": null, "import": null, "surface": null, "lanes": null, "oneway": null, "maxspeed": null, "ref": null, "name": null, "Nama Jalan": "Jalan Permukiman" }, "geometry": { "type": "LineString", "coordinates": [ [ 110.3738907, -7.2281811, 0.0 ], [ 110.374004700000015, -7.2282549, 0.0 ], [ 110.3741083, -7.2282945, 0.0 ], [ 110.3742629, -7.2283221, 0.0 ], [ 110.3743081, -7.2283097, 0.0 ], [ 110.374339, -7.2282852, 0.0 ], [ 110.3743551, -7.2282716, 0.0 ], [ 110.3744084, -7.2282096, 0.0 ] ] } },
{ "type": "Feature", "properties": { "fid": 177, "full_id": "w1116848499", "osm_id": "1116848499", "osm_type": "way", "highway": "residential", "layer": null, "bridge": null, "access": "permissive", "tunnel": null, "motorcar": null, "import": null, "surface": null, "lanes": null, "oneway": null, "maxspeed": null, "ref": null, "name": null, "Nama Jalan": "Jalan Permukiman" }, "geometry": { "type": "LineString", "coordinates": [ [ 110.3749448, -7.2278431, 0.0 ], [ 110.3750105, -7.2277366, 0.0 ], [ 110.3750373, -7.2276848, 0.0 ], [ 110.3749475, -7.2276116, 0.0 ], [ 110.3748402, -7.2275717, 0.0 ] ] } },
{ "type": "Feature", "properties": { "fid": 178, "full_id": "w1116848500", "osm_id": "1116848500", "osm_type": "way", "highway": "residential", "layer": null, "bridge": null, "access": "permissive", "tunnel": null, "motorcar": null, "import": null, "surface": null, "lanes": null, "oneway": null, "maxspeed": null, "ref": null, "name": null, "Nama Jalan": "Jalan Permukiman" }, "geometry": { "type": "LineString", "coordinates": [ [ 110.3744084, -7.2281251, 0.0 ], [ 110.3744915, -7.2281198, 0.0 ], [ 110.3746015, -7.2280107, 0.0 ], [ 110.374741, -7.2279389, 0.0 ], [ 110.3749448, -7.2278431, 0.0 ], [ 110.3751969, -7.2277739, 0.0 ] ] } },
{ "type": "Feature", "properties": { "fid": 179, "full_id": "w1164502190", "osm_id": "1164502190", "osm_type": "way", "highway": "primary", "layer": "1", "bridge": "yes", "access": null, "tunnel": null, "motorcar": null, "import": null, "surface": "asphalt", "lanes": null, "oneway": null, "maxspeed": null, "ref": "211", "name": null, "Nama Jalan": "Jalan Utama" }, "geometry": { "type": "LineString", "coordinates": [ [ 110.378884042211951, -7.222924524193211, 0.0 ], [ 110.3788253, -7.2229597, 0.0 ] ] } },
{ "type": "Feature", "properties": { "fid": 180, "full_id": "w1164502191", "osm_id": "1164502191", "osm_type": "way", "highway": "primary", "layer": null, "bridge": null, "access": null, "tunnel": null, "motorcar": null, "import": null, "surface": "asphalt", "lanes": "2", "oneway": null, "maxspeed": null, "ref": "211", "name": null, "Nama Jalan": "Jalan Utama" }, "geometry": { "type": "MultiLineString", "coordinates": [ [ [ 110.3788253, -7.2229597, 0.0 ], [ 110.3787663, -7.2230062, 0.0 ], [ 110.378712, -7.2230701, 0.0 ], [ 110.3786731, -7.2231273, 0.0 ], [ 110.3786416, -7.2231938, 0.0 ], [ 110.3784733, -7.2236069, 0.0 ], [ 110.378425, -7.2237007, 0.0 ], [ 110.3783505, -7.2237839, 0.0 ], [ 110.3782647, -7.2238417, 0.0 ], [ 110.3781775, -7.2238777, 0.0 ], [ 110.378087, -7.223899, 0.0 ], [ 110.378026, -7.223895, 0.0 ], [ 110.3778892, -7.2238697, 0.0 ], [ 110.377734589901195, -7.223800264720827, 0.0 ] ], [ [ 110.377602151352164, -7.223740786611245, 0.0 ], [ 110.3772114, -7.2235653, 0.0 ], [ 110.3770611, -7.2234978, 0.0 ], [ 110.3765112, -7.2233156, 0.0 ], [ 110.3763248, -7.2232424, 0.0 ], [ 110.3760003, -7.2230468, 0.0 ], [ 110.3758749, -7.2229883, 0.0 ], [ 110.3758226, -7.2229736, 0.0 ], [ 110.3757448, -7.2229636, 0.0 ], [ 110.375690500000019, -7.222961, 0.0 ], [ 110.3756315, -7.2229696, 0.0 ], [ 110.3755262, -7.2230036, 0.0 ], [ 110.375447, -7.2230362, 0.0 ], [ 110.3753585, -7.223086, 0.0 ], [ 110.3752486, -7.2231053, 0.0 ], [ 110.3751359, -7.2230967, 0.0 ], [ 110.375101608842272, -7.223082307154291, 0.0 ] ], [ [ 110.374289758379973, -7.222343239258459, 0.0 ], [ 110.37402280000002, -7.222186, 0.0 ], [ 110.373865139576296, -7.222063535220539, 0.0 ] ], [ [ 110.373739062527576, -7.222010664426686, 0.0 ], [ 110.3736835, -7.2220017, 0.0 ] ] ] } },
{ "type": "Feature", "properties": { "fid": 181, "full_id": "w1164502193", "osm_id": "1164502193", "osm_type": "way", "highway": "residential", "layer": null, "bridge": null, "access": null, "tunnel": null, "motorcar": null, "import": null, "surface": null, "lanes": null, "oneway": null, "maxspeed": null, "ref": null, "name": null, "Nama Jalan": "Jalan Permukiman" }, "geometry": { "type": "LineString", "coordinates": [ [ 110.375532477627686, -7.222276015915947, 0.0 ], [ 110.3755283, -7.2222858, 0.0 ], [ 110.3753807, -7.2226304, 0.0 ], [ 110.3751359, -7.2230967, 0.0 ] ] } },
{ "type": "Feature", "properties": { "fid": 184, "full_id": "w1186563721", "osm_id": "1186563721", "osm_type": "way", "highway": "residential", "layer": null, "bridge": null, "access": null, "tunnel": null, "motorcar": null, "import": null, "surface": null, "lanes": null, "oneway": null, "maxspeed": null, "ref": null, "name": null, "Nama Jalan": "Jalan Permukiman" }, "geometry": { "type": "LineString", "coordinates": [ [ 110.382259600000012, -7.2345994, 0.0 ], [ 110.3822766, -7.2346483, 0.0 ], [ 110.3822692, -7.2347281, 0.0 ], [ 110.3822458, -7.2349037, 0.0 ], [ 110.3822498, -7.2349543, 0.0 ] ] } },
{ "type": "Feature", "properties": { "fid": 185, "full_id": "w1186563722", "osm_id": "1186563722", "osm_type": "way", "highway": "residential", "layer": "1", "bridge": "yes", "access": null, "tunnel": null, "motorcar": null, "import": null, "surface": null, "lanes": null, "oneway": null, "maxspeed": null, "ref": null, "name": null, "Nama Jalan": "Jalan Permukiman" }, "geometry": { "type": "LineString", "coordinates": [ [ 110.3822388, -7.2345458, 0.0 ], [ 110.382259600000012, -7.2345994, 0.0 ] ] } },
{ "type": "Feature", "properties": { "fid": 187, "full_id": "w1186563744", "osm_id": "1186563744", "osm_type": "way", "highway": "primary", "layer": null, "bridge": null, "access": null, "tunnel": null, "motorcar": null, "import": null, "surface": "asphalt", "lanes": "2", "oneway": null, "maxspeed": null, "ref": "211", "name": null, "Nama Jalan": "Jalan Utama" }, "geometry": { "type": "LineString", "coordinates": [ [ 110.3735993, -7.2220074, 0.0 ], [ 110.3735507, -7.2220091, 0.0 ], [ 110.3734964, -7.222021, 0.0 ], [ 110.373397900000015, -7.2220529, 0.0 ], [ 110.37323519567714, -7.222104340294332, 0.0 ] ] } },
{ "type": "Feature", "properties": { "fid": 188, "full_id": "w1186563745", "osm_id": "1186563745", "osm_type": "way", "highway": "primary", "layer": "1", "bridge": "yes", "access": null, "tunnel": null, "motorcar": null, "import": null, "surface": null, "lanes": null, "oneway": null, "maxspeed": null, "ref": "211", "name": null, "Nama Jalan": "Jalan Utama" }, "geometry": { "type": "LineString", "coordinates": [ [ 110.3736835, -7.2220017, 0.0 ], [ 110.3735993, -7.2220074, 0.0 ] ] } },
{ "type": "Feature", "properties": { "fid": 190, "full_id": "w1186563770", "osm_id": "1186563770", "osm_type": "way", "highway": "residential", "layer": "1", "bridge": "yes", "access": null, "tunnel": null, "motorcar": null, "import": null, "surface": null, "lanes": null, "oneway": null, "maxspeed": null, "ref": null, "name": null, "Nama Jalan": "Jalan Permukiman" }, "geometry": { "type": "LineString", "coordinates": [ [ 110.3778912, -7.2251063, 0.0 ], [ 110.3778755, -7.2251596, 0.0 ] ] } },
{ "type": "Feature", "properties": { "fid": 191, "full_id": "w1186563771", "osm_id": "1186563771", "osm_type": "way", "highway": "residential", "layer": null, "bridge": null, "access": null, "tunnel": null, "motorcar": null, "import": null, "surface": null, "lanes": null, "oneway": null, "maxspeed": null, "ref": null, "name": null, "Nama Jalan": "Jalan Permukiman" }, "geometry": { "type": "LineString", "coordinates": [ [ 110.3781775, -7.2238777, 0.0 ], [ 110.3781065, -7.2245529, 0.0 ], [ 110.3781031, -7.2246221, 0.0 ], [ 110.378116500000019, -7.2247837, 0.0 ], [ 110.3781145, -7.2248283, 0.0 ], [ 110.3781024, -7.2248549, 0.0 ], [ 110.3779791, -7.2249913, 0.0 ], [ 110.3778912, -7.2251063, 0.0 ] ] } },
{ "type": "Feature", "properties": { "fid": 196, "full_id": "w1274817096", "osm_id": "1274817096", "osm_type": "way", "highway": "residential", "layer": null, "bridge": null, "access": null, "tunnel": null, "motorcar": null, "import": null, "surface": null, "lanes": null, "oneway": null, "maxspeed": null, "ref": null, "name": null, "Nama Jalan": "Jalan Permukiman" }, "geometry": { "type": "LineString", "coordinates": [ [ 110.3762518, -7.2225573, 0.0 ], [ 110.376256878384126, -7.222534958532735, 0.0 ] ] } },
{ "type": "Feature", "properties": { "fid": 197, "full_id": "w1274817097", "osm_id": "1274817097", "osm_type": "way", "highway": "residential", "layer": null, "bridge": null, "access": null, "tunnel": null, "motorcar": null, "import": null, "surface": null, "lanes": null, "oneway": null, "maxspeed": null, "ref": null, "name": null, "Nama Jalan": "Jalan Permukiman" }, "geometry": { "type": "LineString", "coordinates": [ [ 110.3766037, -7.2226889, 0.0 ], [ 110.376631343378506, -7.222561891234395, 0.0 ] ] } },
{ "type": "Feature", "properties": { "fid": 198, "full_id": "w1274817098", "osm_id": "1274817098", "osm_type": "way", "highway": "residential", "layer": null, "bridge": null, "access": null, "tunnel": null, "motorcar": null, "import": null, "surface": null, "lanes": null, "oneway": null, "maxspeed": null, "ref": null, "name": null, "Nama Jalan": "Jalan Permukiman" }, "geometry": { "type": "LineString", "coordinates": [ [ 110.378022240436096, -7.223882576818692, 0.0 ], [ 110.378026, -7.223895, 0.0 ] ] } },
{ "type": "Feature", "properties": { "fid": 199, "full_id": "w1274817099", "osm_id": "1274817099", "osm_type": "way", "highway": "residential", "layer": null, "bridge": null, "access": null, "tunnel": null, "motorcar": null, "import": null, "surface": null, "lanes": null, "oneway": null, "maxspeed": null, "ref": null, "name": null, "Nama Jalan": "Jalan Permukiman" }, "geometry": { "type": "LineString", "coordinates": [ [ 110.3773613, -7.2229316, 0.0 ], [ 110.3772114, -7.2235653, 0.0 ] ] } },
{ "type": "Feature", "properties": { "fid": 213, "full_id": "w1427084355", "osm_id": "1427084355", "osm_type": "way", "highway": "residential", "layer": null, "bridge": null, "access": null, "tunnel": null, "motorcar": null, "import": null, "surface": null, "lanes": null, "oneway": null, "maxspeed": null, "ref": null, "name": null, "Nama Jalan": "Jalan Permukiman" }, "geometry": { "type": "LineString", "coordinates": [ [ 110.3738228, -7.225943, 0.0 ], [ 110.3739899, -7.22560660000001, 0.0 ] ] } },
{ "type": "Feature", "properties": { "fid": 214, "full_id": "w1427084356", "osm_id": "1427084356", "osm_type": "way", "highway": "living_street", "layer": null, "bridge": null, "access": null, "tunnel": null, "motorcar": null, "import": null, "surface": null, "lanes": null, "oneway": null, "maxspeed": null, "ref": null, "name": null, "Nama Jalan": "Jalan Permukiman" }, "geometry": { "type": "LineString", "coordinates": [ [ 110.3731557, -7.2248021, 0.0 ], [ 110.373251, -7.2246034, 0.0 ], [ 110.3733543, -7.2243839, 0.0 ], [ 110.3734221, -7.2242009, 0.0 ] ] } },
{ "type": "Feature", "properties": { "fid": 219, "full_id": "w1427098994", "osm_id": "1427098994", "osm_type": "way", "highway": "residential", "layer": null, "bridge": null, "access": null, "tunnel": null, "motorcar": null, "import": null, "surface": null, "lanes": null, "oneway": null, "maxspeed": null, "ref": null, "name": null, "Nama Jalan": "Jalan Permukiman" }, "geometry": { "type": "LineString", "coordinates": [ [ 110.3758644, -7.2280294, 0.0 ], [ 110.3759741, -7.2280886, 0.0 ] ] } },
{ "type": "Feature", "properties": { "fid": 227, "full_id": "w1427101911", "osm_id": "1427101911", "osm_type": "way", "highway": "residential", "layer": null, "bridge": null, "access": null, "tunnel": null, "motorcar": null, "import": null, "surface": null, "lanes": null, "oneway": null, "maxspeed": null, "ref": null, "name": null, "Nama Jalan": "Jalan Permukiman" }, "geometry": { "type": "LineString", "coordinates": [ [ 110.3742629, -7.2283221, 0.0 ], [ 110.3742521, -7.2284158, 0.0 ], [ 110.374228, -7.2285356, 0.0 ] ] } },
{ "type": "Feature", "properties": { "fid": 228, "full_id": "w1427101912", "osm_id": "1427101912", "osm_type": "way", "highway": "residential", "layer": null, "bridge": null, "access": null, "tunnel": null, "motorcar": null, "import": null, "surface": null, "lanes": null, "oneway": null, "maxspeed": null, "ref": null, "name": null, "Nama Jalan": "Jalan Permukiman" }, "geometry": { "type": "LineString", "coordinates": [ [ 110.3745814, -7.228336, 0.0 ], [ 110.3745478, -7.2283979, 0.0 ], [ 110.37451830000002, -7.2284724, 0.0 ], [ 110.3744687, -7.228632, 0.0 ], [ 110.374464, -7.2286693, 0.0 ] ] } },
{ "type": "Feature", "properties": { "fid": 229, "full_id": "w1427101913", "osm_id": "1427101913", "osm_type": "way", "highway": "residential", "layer": null, "bridge": null, "access": null, "tunnel": null, "motorcar": null, "import": null, "surface": null, "lanes": null, "oneway": null, "maxspeed": null, "ref": null, "name": null, "Nama Jalan": "Jalan Permukiman" }, "geometry": { "type": "LineString", "coordinates": [ [ 110.3743551, -7.2282716, 0.0 ], [ 110.374480100000014, -7.2283041, 0.0 ], [ 110.3745814, -7.228336, 0.0 ], [ 110.3746162, -7.228342, 0.0 ], [ 110.3746524, -7.228344, 0.0 ], [ 110.3747262, -7.228336, 0.0 ], [ 110.3748402, -7.2282954, 0.0 ], [ 110.3749408, -7.2282675, 0.0 ], [ 110.3749904, -7.2282595, 0.0 ], [ 110.3750675, -7.2282549, 0.0 ], [ 110.3751466, -7.2282608, 0.0 ], [ 110.3752412, -7.2282808, 0.0 ], [ 110.3756623, -7.2284418, 0.0 ] ] } },
{ "type": "Feature", "properties": { "fid": 230, "full_id": "w1427107909", "osm_id": "1427107909", "osm_type": "way", "highway": "living_street", "layer": null, "bridge": null, "access": null, "tunnel": null, "motorcar": null, "import": null, "surface": null, "lanes": null, "oneway": null, "maxspeed": null, "ref": null, "name": null, "Nama Jalan": "Jalan Permukiman" }, "geometry": { "type": "LineString", "coordinates": [ [ 110.3796604, -7.2301533, 0.0 ], [ 110.379457, -7.2300636, 0.0 ], [ 110.3793899, -7.230025, 0.0 ], [ 110.3793832, -7.2299997, 0.0 ], [ 110.3793932, -7.2299432, 0.0 ], [ 110.3795202, -7.2296681, 0.0 ] ] } },
{ "type": "Feature", "properties": { "fid": 231, "full_id": "w1427107910", "osm_id": "1427107910", "osm_type": "way", "highway": "residential", "layer": null, "bridge": null, "access": null, "tunnel": null, "motorcar": null, "import": null, "surface": null, "lanes": null, "oneway": null, "maxspeed": null, "ref": null, "name": null, "Nama Jalan": "Jalan Permukiman" }, "geometry": { "type": "LineString", "coordinates": [ [ 110.3773974, -7.2293264, 0.0 ], [ 110.3776874, -7.2295527, 0.0 ], [ 110.377754400000015, -7.2296192, 0.0 ], [ 110.3778751, -7.2297203, 0.0 ] ] } },
{ "type": "Feature", "properties": { "fid": 232, "full_id": "w1427107911", "osm_id": "1427107911", "osm_type": "way", "highway": "service", "layer": null, "bridge": null, "access": null, "tunnel": null, "motorcar": null, "import": null, "surface": null, "lanes": null, "oneway": null, "maxspeed": null, "ref": null, "name": null, "Nama Jalan": "Jalan Lingkungan" }, "geometry": { "type": "LineString", "coordinates": [ [ 110.3771042, -7.229837, 0.0 ], [ 110.3768049, -7.2296339, 0.0 ] ] } },
{ "type": "Feature", "properties": { "fid": 233, "full_id": "w1427107912", "osm_id": "1427107912", "osm_type": "way", "highway": "service", "layer": null, "bridge": null, "access": null, "tunnel": null, "motorcar": null, "import": null, "surface": null, "lanes": null, "oneway": null, "maxspeed": null, "ref": null, "name": null, "Nama Jalan": "Jalan Lingkungan" }, "geometry": { "type": "LineString", "coordinates": [ [ 110.3769358, -7.2301133, 0.0 ], [ 110.3766064, -7.2298587, 0.0 ] ] } },
{ "type": "Feature", "properties": { "fid": 234, "full_id": "w1427107913", "osm_id": "1427107913", "osm_type": "way", "highway": "service", "layer": null, "bridge": null, "access": null, "tunnel": null, "motorcar": null, "import": null, "surface": null, "lanes": null, "oneway": null, "maxspeed": null, "ref": null, "name": null, "Nama Jalan": "Jalan Lingkungan" }, "geometry": { "type": "LineString", "coordinates": [ [ 110.3759319, -7.2319675, 0.0 ], [ 110.376293700000019, -7.2320887, 0.0 ] ] } },
{ "type": "Feature", "properties": { "fid": 235, "full_id": "w1427107914", "osm_id": "1427107914", "osm_type": "way", "highway": "service", "layer": null, "bridge": null, "access": null, "tunnel": null, "motorcar": null, "import": null, "surface": null, "lanes": null, "oneway": null, "maxspeed": null, "ref": null, "name": null, "Nama Jalan": "Jalan Lingkungan" }, "geometry": { "type": "LineString", "coordinates": [ [ 110.3761116, -7.2324956, 0.0 ], [ 110.3759359, -7.2323832, 0.0 ], [ 110.3758474, -7.2323233, 0.0 ], [ 110.3758313, -7.2322794, 0.0 ], [ 110.3758715, -7.2321391, 0.0 ], [ 110.3759319, -7.2319675, 0.0 ], [ 110.3759709, -7.2317545, 0.0 ] ] } },
{ "type": "Feature", "properties": { "fid": 236, "full_id": "w1427107915", "osm_id": "1427107915", "osm_type": "way", "highway": "residential", "layer": null, "bridge": null, "access": null, "tunnel": null, "motorcar": null, "import": null, "surface": null, "lanes": null, "oneway": null, "maxspeed": null, "ref": null, "name": null, "Nama Jalan": "Jalan Permukiman" }, "geometry": { "type": "LineString", "coordinates": [ [ 110.3759281, -7.2317523, 0.0 ], [ 110.3760284, -7.2312477, 0.0 ] ] } },
{ "type": "Feature", "properties": { "fid": 237, "full_id": "w1427107916", "osm_id": "1427107916", "osm_type": "way", "highway": "service", "layer": null, "bridge": null, "access": null, "tunnel": null, "motorcar": null, "import": "yes", "surface": null, "lanes": null, "oneway": null, "maxspeed": null, "ref": null, "name": null, "Nama Jalan": "Jalan Lingkungan" }, "geometry": { "type": "LineString", "coordinates": [ [ 110.3746046, -7.2299508, 0.0 ], [ 110.374691900000016, -7.2300163, 0.0 ], [ 110.3747963, -7.2300945, 0.0 ], [ 110.37530790000001, -7.2304131, 0.0 ], [ 110.3754095, -7.230484, 0.0 ], [ 110.3755664, -7.2306397, 0.0 ] ] } },
{ "type": "Feature", "properties": { "fid": 238, "full_id": "w1427107917", "osm_id": "1427107917", "osm_type": "way", "highway": "residential", "layer": null, "bridge": null, "access": null, "tunnel": null, "motorcar": null, "import": null, "surface": null, "lanes": null, "oneway": null, "maxspeed": null, "ref": null, "name": null, "Nama Jalan": "Jalan Permukiman" }, "geometry": { "type": "LineString", "coordinates": [ [ 110.3748698, -7.2296559, 0.0 ], [ 110.3751976, -7.2298767, 0.0 ], [ 110.3756133, -7.2301647, 0.0 ] ] } },
{ "type": "Feature", "properties": { "fid": 239, "full_id": "w1427107918", "osm_id": "1427107918", "osm_type": "way", "highway": "residential", "layer": null, "bridge": null, "access": null, "tunnel": null, "motorcar": null, "import": null, "surface": null, "lanes": null, "oneway": null, "maxspeed": null, "ref": null, "name": null, "Nama Jalan": "Jalan Permukiman" }, "geometry": { "type": "LineString", "coordinates": [ [ 110.3747275, -7.2292134, 0.0 ], [ 110.374926, -7.228954, 0.0 ], [ 110.3749569, -7.2289407, 0.0 ], [ 110.375018600000018, -7.2289527, 0.0 ], [ 110.3751862, -7.2291043, 0.0 ] ] } },
{ "type": "Feature", "properties": { "fid": 240, "full_id": "w1427115738", "osm_id": "1427115738", "osm_type": "way", "highway": "service", "layer": null, "bridge": null, "access": null, "tunnel": null, "motorcar": null, "import": null, "surface": null, "lanes": null, "oneway": null, "maxspeed": null, "ref": null, "name": null, "Nama Jalan": "Jalan Lingkungan" }, "geometry": { "type": "LineString", "coordinates": [ [ 110.37712710000001, -7.2333069, 0.0 ], [ 110.3769806, -7.233228, 0.0 ], [ 110.3768767, -7.2331682, 0.0 ], [ 110.3767104, -7.2330937, 0.0 ], [ 110.3766581, -7.2330697, 0.0 ], [ 110.3766447, -7.2330498, 0.0 ], [ 110.3766835, -7.2329413, 0.0 ], [ 110.3766862, -7.2329194, 0.0 ], [ 110.3766634, -7.2329021, 0.0 ], [ 110.3765166, -7.2328635, 0.0 ], [ 110.376477, -7.2328708, 0.0 ], [ 110.3764569, -7.2329001, 0.0 ], [ 110.3764401, -7.2329114, 0.0 ], [ 110.3764006, -7.2329034, 0.0 ], [ 110.3763181, -7.2328542, 0.0 ], [ 110.3763188, -7.2328349, 0.0 ], [ 110.3763335, -7.2328056, 0.0 ], [ 110.3763282, -7.232787, 0.0 ], [ 110.3762356, -7.2327411, 0.0 ], [ 110.3761565, -7.2327231, 0.0 ], [ 110.3761196, -7.2326719, 0.0 ], [ 110.3761176, -7.2325695, 0.0 ], [ 110.3760955, -7.2325142, 0.0 ] ] } },
{ "type": "Feature", "properties": { "fid": 241, "full_id": "w1427115739", "osm_id": "1427115739", "osm_type": "way", "highway": "service", "layer": null, "bridge": null, "access": null, "tunnel": null, "motorcar": null, "import": null, "surface": null, "lanes": null, "oneway": null, "maxspeed": null, "ref": null, "name": null, "Nama Jalan": "Jalan Lingkungan" }, "geometry": { "type": "LineString", "coordinates": [ [ 110.3773078, -7.2338824, 0.0 ], [ 110.3773601, -7.2337835, 0.0 ], [ 110.3773615, -7.233717, 0.0 ], [ 110.3773695, -7.2336824, 0.0 ], [ 110.3774171, -7.2335952, 0.0 ], [ 110.3774842, -7.2334881, 0.0 ], [ 110.3774842, -7.2334535, 0.0 ], [ 110.3775083, -7.2333963, 0.0 ], [ 110.3776015, -7.2332746, 0.0 ], [ 110.3777008, -7.2330138, 0.0 ] ] } },
{ "type": "Feature", "properties": { "fid": 242, "full_id": "w1427115740", "osm_id": "1427115740", "osm_type": "way", "highway": "residential", "layer": null, "bridge": null, "access": null, "tunnel": null, "motorcar": null, "import": null, "surface": null, "lanes": null, "oneway": null, "maxspeed": null, "ref": null, "name": null, "Nama Jalan": "Jalan Permukiman" }, "geometry": { "type": "LineString", "coordinates": [ [ 110.3772046, -7.2329387, 0.0 ], [ 110.3772944, -7.232936, 0.0 ], [ 110.3774567, -7.2329586, 0.0 ], [ 110.3775264, -7.2329613, 0.0 ], [ 110.3777008, -7.2330138, 0.0 ], [ 110.3778255, -7.2330371, 0.0 ], [ 110.377965, -7.2330744, 0.0 ], [ 110.3782203, -7.2331736, 0.0 ] ] } },
{ "type": "Feature", "properties": { "fid": 243, "full_id": "w1427115741", "osm_id": "1427115741", "osm_type": "way", "highway": "residential", "layer": null, "bridge": null, "access": null, "tunnel": null, "motorcar": null, "import": null, "surface": null, "lanes": null, "oneway": null, "maxspeed": null, "ref": null, "name": null, "Nama Jalan": "Jalan Permukiman" }, "geometry": { "type": "LineString", "coordinates": [ [ 110.3783793, -7.2333077, 0.0 ], [ 110.3784323, -7.2332513, 0.0 ], [ 110.3784632, -7.23320410000001, 0.0 ], [ 110.378493400000011, -7.2331236, 0.0 ], [ 110.378537, -7.233073, 0.0 ], [ 110.378602, -7.2330411, 0.0 ], [ 110.378750200000013, -7.2328169, 0.0 ], [ 110.378808500000019, -7.2327404, 0.0 ], [ 110.3788809, -7.232594, 0.0 ] ] } },
{ "type": "Feature", "properties": { "fid": 244, "full_id": "w1427115742", "osm_id": "1427115742", "osm_type": "way", "highway": "residential", "layer": null, "bridge": null, "access": null, "tunnel": null, "motorcar": null, "import": null, "surface": null, "lanes": null, "oneway": null, "maxspeed": null, "ref": null, "name": null, "Nama Jalan": "Jalan Permukiman" }, "geometry": { "type": "LineString", "coordinates": [ [ 110.3790451, -7.233506, 0.0 ], [ 110.3792672, -7.2327235, 0.0 ] ] } },
{ "type": "Feature", "properties": { "fid": 245, "full_id": "w1427115743", "osm_id": "1427115743", "osm_type": "way", "highway": "unclassified", "layer": null, "bridge": null, "access": null, "tunnel": null, "motorcar": null, "import": null, "surface": null, "lanes": null, "oneway": null, "maxspeed": null, "ref": null, "name": null, "Nama Jalan": "Jalan Lingkungan" }, "geometry": { "type": "LineString", "coordinates": [ [ 110.3759185, -7.232787, 0.0 ], [ 110.3759815, -7.2326513, 0.0 ], [ 110.3760378, -7.2325808, 0.0 ], [ 110.3760955, -7.2325142, 0.0 ], [ 110.3761116, -7.2324956, 0.0 ], [ 110.3761699, -7.2324225, 0.0 ], [ 110.3762172, -7.232334, 0.0 ], [ 110.3762607, -7.2322194, 0.0 ] ] } },
{ "type": "Feature", "properties": { "fid": 247, "full_id": "w1427249308", "osm_id": "1427249308", "osm_type": "way", "highway": "service", "layer": null, "bridge": null, "access": null, "tunnel": null, "motorcar": null, "import": null, "surface": null, "lanes": null, "oneway": null, "maxspeed": null, "ref": null, "name": null, "Nama Jalan": "Jalan Lingkungan" }, "geometry": { "type": "LineString", "coordinates": [ [ 110.3792311, -7.2295266, 0.0 ], [ 110.3793255, -7.2293432, 0.0 ] ] } },
{ "type": "Feature", "properties": { "fid": 249, "full_id": "w1427252062", "osm_id": "1427252062", "osm_type": "way", "highway": "service", "layer": null, "bridge": null, "access": null, "tunnel": null, "motorcar": null, "import": null, "surface": null, "lanes": null, "oneway": null, "maxspeed": null, "ref": null, "name": null, "Nama Jalan": "Jalan Lingkungan" }, "geometry": { "type": "LineString", "coordinates": [ [ 110.3785591, -7.2297337, 0.0 ], [ 110.3784357, -7.2298454, 0.0 ], [ 110.3783955, -7.2298121, 0.0 ], [ 110.3782201, -7.2300123, 0.0 ] ] } },
{ "type": "Feature", "properties": { "fid": 250, "full_id": "w1427252063", "osm_id": "1427252063", "osm_type": "way", "highway": "living_street", "layer": null, "bridge": null, "access": null, "tunnel": null, "motorcar": null, "import": null, "surface": null, "lanes": null, "oneway": null, "maxspeed": null, "ref": null, "name": null, "Nama Jalan": "Jalan Permukiman" }, "geometry": { "type": "LineString", "coordinates": [ [ 110.3793899, -7.230025, 0.0 ], [ 110.3793631, -7.2301208, 0.0 ], [ 110.3792179, -7.2303914, 0.0 ] ] } },
{ "type": "Feature", "properties": { "fid": 251, "full_id": "w1427252064", "osm_id": "1427252064", "osm_type": "way", "highway": "living_street", "layer": null, "bridge": null, "access": null, "tunnel": null, "motorcar": null, "import": null, "surface": null, "lanes": null, "oneway": null, "maxspeed": null, "ref": null, "name": null, "Nama Jalan": "Jalan Permukiman" }, "geometry": { "type": "LineString", "coordinates": [ [ 110.3793932, -7.2299432, 0.0 ], [ 110.3793604, -7.2299681, 0.0 ], [ 110.3792932, -7.2299377, 0.0 ], [ 110.3792752, -7.2299751, 0.0 ] ] } },
{ "type": "Feature", "properties": { "fid": 252, "full_id": "w1427252065", "osm_id": "1427252065", "osm_type": "way", "highway": "living_street", "layer": null, "bridge": null, "access": null, "tunnel": null, "motorcar": null, "import": null, "surface": null, "lanes": null, "oneway": null, "maxspeed": null, "ref": null, "name": null, "Nama Jalan": "Jalan Permukiman" }, "geometry": { "type": "LineString", "coordinates": [ [ 110.3793319, -7.2295759, 0.0 ], [ 110.3791948, -7.2298873, 0.0 ], [ 110.379184, -7.2299319, 0.0 ], [ 110.3792752, -7.2299751, 0.0 ], [ 110.3791163, -7.2303237, 0.0 ] ] } },
{ "type": "Feature", "properties": { "fid": 253, "full_id": "w1427256022", "osm_id": "1427256022", "osm_type": "way", "highway": "service", "layer": null, "bridge": null, "access": null, "tunnel": null, "motorcar": null, "import": null, "surface": null, "lanes": null, "oneway": null, "maxspeed": null, "ref": null, "name": null, "Nama Jalan": "Jalan Lingkungan" }, "geometry": { "type": "LineString", "coordinates": [ [ 110.3792766, -7.2364457, 0.0 ], [ 110.3794295, -7.2365189, 0.0 ], [ 110.3795703, -7.2365973, 0.0 ], [ 110.3796829, -7.2367304, 0.0 ], [ 110.3797621, -7.236906, 0.0 ], [ 110.3798264, -7.2369526, 0.0 ], [ 110.3799592, -7.2369725, 0.0 ], [ 110.3801087, -7.2370211, 0.0 ], [ 110.3803025, -7.2370444, 0.0 ], [ 110.3804494, -7.2370291, 0.0 ], [ 110.3805862, -7.2369885, 0.0 ], [ 110.38067, -7.2369433, 0.0 ], [ 110.3808658, -7.236904, 0.0 ], [ 110.3810039, -7.2368195, 0.0 ], [ 110.3811052, -7.2368009, 0.0 ], [ 110.3812768, -7.2367257, 0.0 ], [ 110.3813902, -7.2366629, 0.0 ], [ 110.3816181, -7.2365707, 0.0 ], [ 110.381702, -7.2365102, 0.0 ], [ 110.381818, -7.2363552, 0.0 ], [ 110.3819226, -7.2361916, 0.0 ], [ 110.3820017, -7.2361157, 0.0 ], [ 110.3820942, -7.2360825, 0.0 ], [ 110.382219, -7.2360772, 0.0 ], [ 110.3824201, -7.2361237, 0.0 ], [ 110.3825609, -7.2361543, 0.0 ], [ 110.3826521, -7.2361344, 0.0 ], [ 110.3827433, -7.2360359, 0.0 ], [ 110.3828895, -7.2358936, 0.0 ], [ 110.3830813, -7.2357126, 0.0 ], [ 110.3831513, -7.2356372, 0.0 ] ] } },
{ "type": "Feature", "properties": { "fid": 254, "full_id": "w1427256023", "osm_id": "1427256023", "osm_type": "way", "highway": "service", "layer": null, "bridge": null, "access": null, "tunnel": null, "motorcar": null, "import": null, "surface": null, "lanes": null, "oneway": null, "maxspeed": null, "ref": null, "name": null, "Nama Jalan": "Jalan Lingkungan" }, "geometry": { "type": "LineString", "coordinates": [ [ 110.3812133, -7.2359485, 0.0 ], [ 110.3811384, -7.2363792, 0.0 ], [ 110.3812768, -7.2367257, 0.0 ], [ 110.3813057, -7.2368062, 0.0 ], [ 110.3813057, -7.2370883, 0.0 ], [ 110.3813218, -7.2373025, 0.0 ], [ 110.3813767, -7.2374382, 0.0 ], [ 110.3816302, -7.2377575, 0.0 ] ] } },
{ "type": "Feature", "properties": { "fid": 255, "full_id": "w1427256024", "osm_id": "1427256024", "osm_type": "way", "highway": "residential", "layer": null, "bridge": null, "access": null, "tunnel": null, "motorcar": null, "import": null, "surface": null, "lanes": null, "oneway": null, "maxspeed": null, "ref": null, "name": null, "Nama Jalan": "Jalan Permukiman" }, "geometry": { "type": "LineString", "coordinates": [ [ 110.3800736, -7.2358818, 0.0 ], [ 110.3800363, -7.2360093, 0.0 ], [ 110.380045, -7.2360539, 0.0 ], [ 110.38006110000002, -7.2361004, 0.0 ], [ 110.3800645, -7.2361743, 0.0 ], [ 110.3800403, -7.2362268, 0.0 ], [ 110.380035, -7.2362654, 0.0 ], [ 110.3800578, -7.2362933, 0.0 ], [ 110.3801899, -7.2363113, 0.0 ], [ 110.380328, -7.2363313, 0.0 ], [ 110.3804313, -7.2363605, 0.0 ], [ 110.3806324, -7.2363765, 0.0 ], [ 110.3808832, -7.2363778, 0.0 ], [ 110.3811384, -7.2363792, 0.0 ] ] } },
{ "type": "Feature", "properties": { "fid": 256, "full_id": "w1427257484", "osm_id": "1427257484", "osm_type": "way", "highway": "residential", "layer": null, "bridge": null, "access": null, "tunnel": null, "motorcar": null, "import": null, "surface": null, "lanes": null, "oneway": null, "maxspeed": null, "ref": null, "name": null, "Nama Jalan": "Jalan Permukiman" }, "geometry": { "type": "LineString", "coordinates": [ [ 110.3814525, -7.2338221, 0.0 ], [ 110.3814056, -7.2339052, 0.0 ], [ 110.3813714, -7.2339638, 0.0 ], [ 110.3813432, -7.2340157, 0.0 ], [ 110.3813285, -7.2340669, 0.0 ], [ 110.3813191, -7.2341134, 0.0 ], [ 110.3813311, -7.2341726, 0.0 ], [ 110.381364, -7.2342166, 0.0 ], [ 110.3814391, -7.2342565, 0.0 ], [ 110.3815504, -7.2342897, 0.0 ], [ 110.3816202, -7.2343203, 0.0 ], [ 110.3817824, -7.2344321, 0.0 ] ] } },
{ "type": "Feature", "properties": { "fid": 257, "full_id": "w1427261195", "osm_id": "1427261195", "osm_type": "way", "highway": "service", "layer": null, "bridge": null, "access": null, "tunnel": null, "motorcar": null, "import": null, "surface": null, "lanes": null, "oneway": null, "maxspeed": null, "ref": null, "name": null, "Nama Jalan": "Jalan Lingkungan" }, "geometry": { "type": "LineString", "coordinates": [ [ 110.3852646, -7.2357412, 0.0 ], [ 110.385447, -7.2358177, 0.0 ], [ 110.385563, -7.2358543, 0.0 ], [ 110.3857148, -7.2358953, 0.0 ] ] } },
{ "type": "Feature", "properties": { "fid": 258, "full_id": "w1427261196", "osm_id": "1427261196", "osm_type": "way", "highway": "service", "layer": null, "bridge": null, "access": null, "tunnel": null, "motorcar": null, "import": null, "surface": null, "lanes": null, "oneway": null, "maxspeed": null, "ref": null, "name": null, "Nama Jalan": "Jalan Lingkungan" }, "geometry": { "type": "LineString", "coordinates": [ [ 110.3853079, -7.2352224, 0.0 ], [ 110.3853323, -7.2353601, 0.0 ], [ 110.3853243, -7.2354951, 0.0 ], [ 110.3853015, -7.2356088, 0.0 ], [ 110.3852646, -7.2357412, 0.0 ], [ 110.385225, -7.235841, 0.0 ], [ 110.3851875, -7.2359215, 0.0 ], [ 110.385138500000011, -7.2359614, 0.0 ], [ 110.385091500000016, -7.2360022, 0.0 ] ] } },
{ "type": "Feature", "properties": { "fid": 259, "full_id": "w1427261197", "osm_id": "1427261197", "osm_type": "way", "highway": "service", "layer": null, "bridge": null, "access": null, "tunnel": null, "motorcar": null, "import": null, "surface": null, "lanes": null, "oneway": null, "maxspeed": null, "ref": null, "name": null, "Nama Jalan": "Jalan Lingkungan" }, "geometry": { "type": "LineString", "coordinates": [ [ 110.3859285, -7.2350714, 0.0 ], [ 110.3861175, -7.2350674, 0.0 ], [ 110.3862564, -7.2350561, 0.0 ], [ 110.3863878, -7.2350281, 0.0 ], [ 110.3865313, -7.234919, 0.0 ] ] } },
{ "type": "Feature", "properties": { "fid": 260, "full_id": "w1427261198", "osm_id": "1427261198", "osm_type": "way", "highway": "service", "layer": null, "bridge": null, "access": null, "tunnel": null, "motorcar": null, "import": null, "surface": null, "lanes": null, "oneway": null, "maxspeed": null, "ref": null, "name": null, "Nama Jalan": "Jalan Lingkungan" }, "geometry": { "type": "LineString", "coordinates": [ [ 110.386178, -7.2346452, 0.0 ], [ 110.386023, -7.2347341, 0.0 ], [ 110.3859405, -7.2347953, 0.0 ], [ 110.3858996, -7.2348425, 0.0 ], [ 110.3858869, -7.2348858, 0.0 ], [ 110.3859285, -7.2350714, 0.0 ], [ 110.3859537, -7.2352719, 0.0 ], [ 110.3859651, -7.235564, 0.0 ] ] } },
{ "type": "Feature", "properties": { "fid": 261, "full_id": "w1427261199", "osm_id": "1427261199", "osm_type": "way", "highway": "residential", "layer": null, "bridge": null, "access": null, "tunnel": null, "motorcar": null, "import": null, "surface": null, "lanes": null, "oneway": null, "maxspeed": null, "ref": null, "name": null, "Nama Jalan": "Jalan Permukiman" }, "geometry": { "type": "LineString", "coordinates": [ [ 110.3854772, -7.2345219, 0.0 ], [ 110.385512, -7.2344554, 0.0 ], [ 110.3855603, -7.2343942, 0.0 ], [ 110.3856146, -7.2343895, 0.0 ], [ 110.3857219, -7.2344461, 0.0 ], [ 110.3858641, -7.2345059, 0.0 ], [ 110.3860639, -7.2345512, 0.0 ] ] } },
{ "type": "Feature", "properties": { "fid": 262, "full_id": "w1427261200", "osm_id": "1427261200", "osm_type": "way", "highway": "service", "layer": null, "bridge": null, "access": null, "tunnel": null, "motorcar": null, "import": null, "surface": null, "lanes": null, "oneway": null, "maxspeed": null, "ref": null, "name": null, "Nama Jalan": "Jalan Lingkungan" }, "geometry": { "type": "LineString", "coordinates": [ [ 110.3850004, -7.2349676, 0.0 ], [ 110.3850366, -7.2352642, 0.0 ] ] } },
{ "type": "Feature", "properties": { "fid": 263, "full_id": "w1427261201", "osm_id": "1427261201", "osm_type": "way", "highway": "steps", "layer": null, "bridge": null, "access": null, "tunnel": null, "motorcar": null, "import": null, "surface": null, "lanes": null, "oneway": null, "maxspeed": null, "ref": null, "name": null, "Nama Jalan": "Jalan Pejalan Kaki" }, "geometry": { "type": "LineString", "coordinates": [ [ 110.384997, -7.2349383, 0.0 ], [ 110.3850004, -7.2349676, 0.0 ] ] } },
{ "type": "Feature", "properties": { "fid": 266, "full_id": "w1427262554", "osm_id": "1427262554", "osm_type": "way", "highway": "service", "layer": null, "bridge": null, "access": null, "tunnel": null, "motorcar": null, "import": null, "surface": null, "lanes": null, "oneway": null, "maxspeed": null, "ref": null, "name": null, "Nama Jalan": "Jalan Lingkungan" }, "geometry": { "type": "LineString", "coordinates": [ [ 110.3801805, -7.2327105, 0.0 ], [ 110.3800732, -7.2329897, 0.0 ] ] } },
{ "type": "Feature", "properties": { "fid": 273, "full_id": "w1436595214", "osm_id": "1436595214", "osm_type": "way", "highway": "residential", "layer": null, "bridge": null, "access": null, "tunnel": null, "motorcar": null, "import": null, "surface": null, "lanes": null, "oneway": null, "maxspeed": null, "ref": null, "name": null, "Nama Jalan": "Jalan Permukiman" }, "geometry": { "type": "LineString", "coordinates": [ [ 110.3742367, -7.2291256, 0.0 ], [ 110.3744611, -7.2291244, 0.0 ] ] } },
{ "type": "Feature", "properties": { "fid": 274, "full_id": "w1436595215", "osm_id": "1436595215", "osm_type": "way", "highway": "residential", "layer": null, "bridge": null, "access": null, "tunnel": null, "motorcar": null, "import": null, "surface": null, "lanes": null, "oneway": null, "maxspeed": null, "ref": null, "name": null, "Nama Jalan": "Jalan Permukiman" }, "geometry": { "type": "LineString", "coordinates": [ [ 110.3742367, -7.2287425, 0.0 ], [ 110.3741804, -7.2288702, 0.0 ], [ 110.3744835, -7.2289234, 0.0 ] ] } },
{ "type": "Feature", "properties": { "fid": 275, "full_id": "w1436595531", "osm_id": "1436595531", "osm_type": "way", "highway": "residential", "layer": null, "bridge": null, "access": null, "tunnel": null, "motorcar": null, "import": "yes", "surface": null, "lanes": null, "oneway": null, "maxspeed": null, "ref": null, "name": null, "Nama Jalan": "Jalan Permukiman" }, "geometry": { "type": "LineString", "coordinates": [ [ 110.3731497, -7.2243334, 0.0 ], [ 110.3728359, -7.2242622, 0.0 ] ] } },
{ "type": "Feature", "properties": { "fid": 276, "full_id": "w1436595753", "osm_id": "1436595753", "osm_type": "way", "highway": "residential", "layer": null, "bridge": null, "access": null, "tunnel": null, "motorcar": null, "import": null, "surface": null, "lanes": null, "oneway": null, "maxspeed": null, "ref": null, "name": null, "Nama Jalan": "Jalan Permukiman" }, "geometry": { "type": "LineString", "coordinates": [ [ 110.3731091, -7.2240336, 0.0 ], [ 110.3730445, -7.2241883, 0.0 ] ] } },
{ "type": "Feature", "properties": { "fid": 277, "full_id": "w1506540892", "osm_id": "1506540892", "osm_type": "way", "highway": "residential", "layer": null, "bridge": null, "access": null, "tunnel": null, "motorcar": null, "import": null, "surface": null, "lanes": null, "oneway": null, "maxspeed": null, "ref": null, "name": null, "Nama Jalan": "Jalan Permukiman" }, "geometry": { "type": "LineString", "coordinates": [ [ 110.3778751, -7.2297203, 0.0 ], [ 110.3775881, -7.2301408, 0.0 ] ] } }
]
}
