{
"type": "FeatureCollection",
"name": "Geojson Peta sawah jetis",
"crs": { "type": "name", "properties": { "name": "urn:ogc:def:crs:OGC:1.3:CRS84" } },
"features": [
{ "type": "Feature", "properties": { "OBJECTID": 297, "NO_DI": 386, "NAMA_DI": "DI Siblender", "STATUS": "DI Sesuai Permen PUPR No. 14/2015", "KETERANGAN": "25,4716912155113", "KABUPATEN": "KAB. SEMARANG", "LUAS_HA": 25, "Kecamatan": "Bandungan", "Desa": "Duren", "NO": 316, "Shape_Leng": 0.09192861467000001, "Shape_Area": 2.086871e-05 }, "geometry": { "type": "MultiPolygon", "coordinates": [ [ [ [ 110.379794404806034, -7.223323393930364, 0.0 ], [ 110.379821953320572, -7.223330810468497, 0.0 ], [ 110.379851695699244, -7.223337949286872, 0.0 ], [ 110.379908803548517, -7.223348657514464, 0.0 ], [ 110.379955203170141, -7.223353414928113, 0.0 ], [ 110.380001600993126, -7.223371262873457, 0.0 ], [ 110.380036103483462, -7.223379591494904, 0.0 ], [ 110.380102728857935, -7.223390298823176, 0.0 ], [ 110.380139610954359, -7.223404574661345, 0.0 ], [ 110.380182441166767, -7.223420038503946, 0.0 ], [ 110.380225271379231, -7.223448595576201, 0.0 ], [ 110.38026453128316, -7.223462869615673, 0.0 ], [ 110.380295465263544, -7.223485477672625, 0.0 ], [ 110.380322828935448, -7.223492613793042, 0.0 ], [ 110.380358520329537, -7.223503322020633, 0.0 ], [ 110.380378746082329, -7.223511651541457, 0.0 ], [ 110.380393813228139, -7.223518107436979, 0.0 ], [ 110.380535898824618, -7.223702516943297, 0.0 ], [ 110.380540549406874, -7.223731749820331, 0.0 ], [ 110.380551256735146, -7.223775769835868, 0.0 ], [ 110.380563154765866, -7.223816219542869, 0.0 ], [ 110.380588138831627, -7.223844774816484, 0.0 ], [ 110.380605984978274, -7.223879276407445, 0.0 ], [ 110.380615502503474, -7.223913778897725, 0.0 ], [ 110.380615502503474, -7.223939951867237, 0.0 ], [ 110.38060360537213, -7.223966127534709, 0.0 ], [ 110.380586949028554, -7.223989920898077, 0.0 ], [ 110.380586949028554, -7.224012526257013, 0.0 ], [ 110.380604793376563, -7.224032752009862, 0.0 ], [ 110.38061907191269, -7.224045839843598, 0.0 ], [ 110.380647626286986, -7.224062495287853, 0.0 ], [ 110.380664281731299, -7.22407558132295, 0.0 ], [ 110.380684506584771, -7.224085099747526, 0.0 ], [ 110.380717820171299, -7.224092239465222, 0.0 ], [ 110.380749943055491, -7.224095807975118, 0.0 ], [ 110.380791583464884, -7.224099376485015, 0.0 ], [ 110.3808332229749, -7.224105326399638, 0.0 ], [ 110.380904607561661, -7.22412198184395, 0.0 ], [ 110.380933161036637, -7.224133878975294, 0.0 ], [ 110.381001677018816, -7.224156322649736, 0.0 ], [ 110.381002595704146, -7.224156675995728, 0.0 ], [ 110.381066113210636, -7.224185214076329, 0.0 ], [ 110.381074373483614, -7.224194507670347, 0.0 ], [ 110.381100071611058, -7.224208784407836, 0.0 ], [ 110.381132908556935, -7.22423019906438, 0.0 ], [ 110.381160034807806, -7.224248758373449, 0.0 ], [ 110.381184304811882, -7.224264464133682, 0.0 ], [ 110.381210002939326, -7.224287306913652, 0.0 ], [ 110.381228563147715, -7.224311577816991, 0.0 ], [ 110.381268538012705, -7.224345841986974, 0.0 ], [ 110.381307084754212, -7.224371541013738, 0.0 ], [ 110.381342777047564, -7.224394382894388, 0.0 ], [ 110.381387035383455, -7.224424362694151, 0.0 ], [ 110.381442713310605, -7.224471477276836, 0.0 ], [ 110.381482689974234, -7.224501457076542, 0.0 ], [ 110.381524092063273, -7.224532868596953, 0.0 ], [ 110.381568350399107, -7.22456570374419, 0.0 ], [ 110.381604041793139, -7.224607107631869, 0.0 ], [ 110.381606018503021, -7.224643674066272, 0.0 ], [ 110.381623000401191, -7.224664999689935, 0.0 ], [ 110.38165500007824, -7.224727999897254, 0.0 ], [ 110.381664999640066, -7.224771998329004, 0.0 ], [ 110.381663999593968, -7.224849000081235, 0.0 ], [ 110.381662000401036, -7.224928999273857, 0.0 ], [ 110.381660494570326, -7.22499895478525, 0.0 ], [ 110.381651624106638, -7.225039167520809, 0.0 ], [ 110.381619999363522, -7.225103998350789, 0.0 ], [ 110.381565000424473, -7.225163999319079, 0.0 ], [ 110.38151700000958, -7.225208999595623, 0.0 ], [ 110.381491999756065, -7.225266999572341, 0.0 ], [ 110.381475999917541, -7.22533999754279, 0.0 ], [ 110.381455999894513, -7.22541999943337, 0.0 ], [ 110.381401000056144, -7.22548000040166, 0.0 ], [ 110.381352999641308, -7.225515997565196, 0.0 ], [ 110.381135000380027, -7.225461998672245, 0.0 ], [ 110.381080999688436, -7.22548000040166, 0.0 ], [ 110.380997998558826, -7.225502000516883, 0.0 ], [ 110.380923665095111, -7.225523516796841, 0.0 ], [ 110.38092240244697, -7.22552388282088, 0.0 ], [ 110.380854558491137, -7.225595344749308, 0.0 ], [ 110.380822435607001, -7.225634604653237, 0.0 ], [ 110.380796263536809, -7.225675057058197, 0.0 ], [ 110.380767708263193, -7.225722644684254, 0.0 ], [ 110.380753431525704, -7.225752388861622, 0.0 ], [ 110.380722499343904, -7.225774991522599, 0.0 ], [ 110.38066658039844, -7.225774991522599, 0.0 ], [ 110.380620182575399, -7.225764285992966, 0.0 ], [ 110.380575340579583, -7.225755492421968, 0.0 ], [ 110.380378999691118, -7.225759000677272, 0.0 ], [ 110.380378064396211, -7.225609246469503, 0.0 ], [ 110.380344164451685, -7.225596533653061, 0.0 ], [ 110.380347733860901, -7.225567981077404, 0.0 ], [ 110.380314422072956, -7.225553702541276, 0.0 ], [ 110.380339406138717, -7.225389521409227, 0.0 ], [ 110.380032455833259, -7.225363347540394, 0.0 ], [ 110.380002712555211, -7.225209871937977, 0.0 ], [ 110.380009851373586, -7.225139678053665, 0.0 ], [ 110.380031309197648, -7.225076498881265, 0.0 ], [ 110.380049395463288, -7.225032210867766, 0.0 ], [ 110.38005900022273, -7.225009999411895, 0.0 ], [ 110.380088999807583, -7.224948999296828, 0.0 ], [ 110.380156000199293, -7.22483099835182, 0.0 ], [ 110.380248733792087, -7.224642264828617, 0.0 ], [ 110.380272780764301, -7.224637610837021, 0.0 ], [ 110.380317991482173, -7.224619766489013, 0.0 ], [ 110.380352493073133, -7.224587642705501, 0.0 ], [ 110.380372717926662, -7.224550760609077, 0.0 ], [ 110.380394134381845, -7.224503172083701, 0.0 ], [ 110.380406030613869, -7.22446272147738, 0.0 ], [ 110.380413169432302, -7.224415132052627, 0.0 ], [ 110.380415549038446, -7.224366351925539, 0.0 ], [ 110.380410788926838, -7.224330661430827, 0.0 ], [ 110.380391753876381, -7.224309245874963, 0.0 ], [ 110.380382954010202, -7.224298976516479, 0.0 ], [ 110.38038099978337, -7.224290999529956, 0.0 ], [ 110.380356999575952, -7.224267998469315, 0.0 ], [ 110.380344999921874, -7.224177999714868, 0.0 ], [ 110.380344477415747, -7.22417691063589, 0.0 ], [ 110.380320370188997, -7.224156960075618, 0.0 ], [ 110.380288247304804, -7.224134354716625, 0.0 ], [ 110.380248986501613, -7.224118888176122, 0.0 ], [ 110.380237459890907, -7.224108081922395, 0.0 ], [ 110.380229951451156, -7.224101042928737, 0.0 ], [ 110.380209724799045, -7.224080817175945, 0.0 ], [ 110.380190689748588, -7.224054642407793, 0.0 ], [ 110.380175223208028, -7.224024900029065, 0.0 ], [ 110.380160407776657, -7.224006528678331, 0.0 ], [ 110.380145479930036, -7.22398801883196, 0.0 ], [ 110.380109787636627, -7.22396303386688, 0.0 ], [ 110.380070526833435, -7.22394756732632, 0.0 ], [ 110.380034835439346, -7.223929721179616, 0.0 ], [ 110.380009851373586, -7.223911875932288, 0.0 ], [ 110.37999676353985, -7.223896408492408, 0.0 ], [ 110.379980308644406, -7.223874836454513, 0.0 ], [ 110.379961071246498, -7.223858336592912, 0.0 ], [ 110.379933708473914, -7.22383811173944, 0.0 ], [ 110.379796888315809, -7.22390711672, 0.0 ], [ 110.379750488694185, -7.223860717997695, 0.0 ], [ 110.379736212856017, -7.223820265592735, 0.0 ], [ 110.379707657582401, -7.223773865971111, 0.0 ], [ 110.379676727199239, -7.223734606966502, 0.0 ], [ 110.379655311643376, -7.223715568318767, 0.0 ], [ 110.379580357647455, -7.223666791788958, 0.0 ], [ 110.379543475551031, -7.223623961576493, 0.0 ], [ 110.379498266631742, -7.223578750858621, 0.0 ], [ 110.379464953944534, -7.223541867862878, 0.0 ], [ 110.37943164035795, -7.223508556074933, 0.0 ], [ 110.379409035898334, -7.223493090433749, 0.0 ], [ 110.379388811944182, -7.223476434989436, 0.0 ], [ 110.379385023999703, -7.223470481477477, 0.0 ], [ 110.379380482423414, -7.22346334805502, 0.0 ], [ 110.379363030179775, -7.223429672940995, 0.0 ], [ 110.379360545352938, -7.223403778761337, 0.0 ], [ 110.37936299960279, -7.22337799879557, 0.0 ], [ 110.379363511317081, -7.223372775533107, 0.0 ], [ 110.379379372659969, -7.223373640680904, 0.0 ], [ 110.379422202872433, -7.223374830483976, 0.0 ], [ 110.37946979229713, -7.223373640680904, 0.0 ], [ 110.379516191019434, -7.223371261974137, 0.0 ], [ 110.379553073115915, -7.223360554645808, 0.0 ], [ 110.379587575606195, -7.223355795433577, 0.0 ], [ 110.379632786324066, -7.223346277908377, 0.0 ], [ 110.379677998323018, -7.223332212526957, 0.0 ], [ 110.379794404806034, -7.223323393930364, 0.0 ] ] ], [ [ [ 110.380674366808705, -7.22402305349889, 0.0 ], [ 110.380670229847283, -7.224020855777837, 0.0 ], [ 110.380654764206042, -7.223991112499789, 0.0 ], [ 110.380640486569234, -7.223938762963485, 0.0 ], [ 110.380640486569234, -7.223921413160196, 0.0 ], [ 110.380674366808705, -7.22402305349889, 0.0 ] ] ] ] } },
{ "type": "Feature", "properties": { "OBJECTID": 80, "NO_DI": 53, "NAMA_DI": "DI Gintungan Bd", "STATUS": "DI Sesuai Permen PUPR No. 14/2015", "KETERANGAN": "63,7164845135739", "KABUPATEN": "KAB. SEMARANG", "LUAS_HA": 64, "Kecamatan": "Bandungan", "Desa": "Kenteng", "NO": 83, "Shape_Leng": 0.193394572, "Shape_Area": 5.22033e-05 }, "geometry": { "type": "MultiPolygon", "coordinates": [ [ [ [ 110.371432173232705, -7.23587178937385, 0.0 ], [ 110.371434411868677, -7.235869102676872, 0.0 ], [ 110.37143700011751, -7.235866000015847, 0.0 ], [ 110.371465019874549, -7.235830195904128, 0.0 ], [ 110.371491628, -7.23580589, 0.0 ], [ 110.371548141000019, -7.235707736999978, 0.0 ], [ 110.371586805999982, -7.235624456999979, 0.0 ], [ 110.371596644846349, -7.235583817842762, 0.0 ], [ 110.37159594809458, -7.235605425050267, 0.0 ], [ 110.371681607620133, -7.23562636306616, 0.0 ], [ 110.371852930268574, -7.23534082741719, 0.0 ], [ 110.371748232994605, -7.2352627824514, 0.0 ], [ 110.371771075774575, -7.235241841737547, 0.0 ], [ 110.37194620435389, -7.235110496652055, 0.0 ], [ 110.371942396624377, -7.235091460702279, 0.0 ], [ 110.372083261033708, -7.23504958107327, 0.0 ], [ 110.372069934879676, -7.234931558544531, 0.0 ], [ 110.37230026744345, -7.234929657377734, 0.0 ], [ 110.372334532512753, -7.234809732782878, 0.0 ], [ 110.372340243207702, -7.234729781254373, 0.0 ], [ 110.372047092999026, -7.234695518883029, 0.0 ], [ 110.37197285216547, -7.234697422747843, 0.0 ], [ 110.371729197044885, -7.234733589883206, 0.0 ], [ 110.371575928262828, -7.234771495584938, 0.0 ], [ 110.372015619000024, -7.234633681, 0.0 ], [ 110.372308293, -7.234612266, 0.0 ], [ 110.372602914000026, -7.234413214000022, 0.0 ], [ 110.372677503065759, -7.234394567256015, 0.0 ], [ 110.372557999652031, -7.234445000136589, 0.0 ], [ 110.372671999513216, -7.234614998982977, 0.0 ], [ 110.372672812500355, -7.234614632059561, 0.0 ], [ 110.372698114026775, -7.23467267610306, 0.0 ], [ 110.372475396922084, -7.234760239493426, 0.0 ], [ 110.372521081582704, -7.234864937666714, 0.0 ], [ 110.372488721277534, -7.234880164987601, 0.0 ], [ 110.372532503872037, -7.2349715370068, 0.0 ], [ 110.37253631070223, -7.235089558636162, 0.0 ], [ 110.372639103212123, -7.235116206447742, 0.0 ], [ 110.372677175111619, -7.235102882991612, 0.0 ], [ 110.372840881401601, -7.235011509173773, 0.0 ], [ 110.372852302791614, -7.23497724680243, 0.0 ], [ 110.373305353359456, -7.234804022987248, 0.0 ], [ 110.373354844850269, -7.234914428258207, 0.0 ], [ 110.373293931070123, -7.23493536897206, 0.0 ], [ 110.3732311125259, -7.234967726579271, 0.0 ], [ 110.3732139813402, -7.235001993447213, 0.0 ], [ 110.37320827064525, -7.235038160582576, 0.0 ], [ 110.37320827064525, -7.235072425651879, 0.0 ], [ 110.37326347373039, -7.235081944076398, 0.0 ], [ 110.373266230152467, -7.235092963469469, 0.0 ], [ 110.373179999557408, -7.235200999026858, 0.0 ], [ 110.373258000456417, -7.235252998726878, 0.0 ], [ 110.37321700036432, -7.23534200013313, 0.0 ], [ 110.373162999672729, -7.235309000409984, 0.0 ], [ 110.373140000410729, -7.235278999925868, 0.0 ], [ 110.373097999373215, -7.23524399921115, 0.0 ], [ 110.373040000295816, -7.235213000479519, 0.0 ], [ 110.372953999927233, -7.235186998381209, 0.0 ], [ 110.372894000757583, -7.235182999096082, 0.0 ], [ 110.372719999928108, -7.23522099904983, 0.0 ], [ 110.37268799935174, -7.235231000410295, 0.0 ], [ 110.372659999859195, -7.235247997596957, 0.0 ], [ 110.372608000159119, -7.235259999948994, 0.0 ], [ 110.372557999652031, -7.235248999441751, 0.0 ], [ 110.372524999928885, -7.235249999487849, 0.0 ], [ 110.37244900002139, -7.235266998473151, 0.0 ], [ 110.372420999629469, -7.235244999257247, 0.0 ], [ 110.372417000344342, -7.235196000594897, 0.0 ], [ 110.372418000390439, -7.235156999695732, 0.0 ], [ 110.372398999514303, -7.235129998450645, 0.0 ], [ 110.372376000252245, -7.235123999972586, 0.0 ], [ 110.372346999814226, -7.235150999419034, 0.0 ], [ 110.372306999768284, -7.2351840000415, 0.0 ], [ 110.372203999515023, -7.235245999303402, 0.0 ], [ 110.372207999699469, -7.235267999418568, 0.0 ], [ 110.372224000437313, -7.235283999257092, 0.0 ], [ 110.372245999653217, -7.235294998865072, 0.0 ], [ 110.372291999975857, -7.235297999902741, 0.0 ], [ 110.372333000067954, -7.235297999902741, 0.0 ], [ 110.372376000252245, -7.235291999626043, 0.0 ], [ 110.372387999906323, -7.235300998242451, 0.0 ], [ 110.3723999995604, -7.235311999649014, 0.0 ], [ 110.372414998453451, -7.23532699944144, 0.0 ], [ 110.372420999629469, -7.235345998518994, 0.0 ], [ 110.372420999629469, -7.235377999994682, 0.0 ], [ 110.37240299969875, -7.235400999256683, 0.0 ], [ 110.372364999745002, -7.235392999787052, 0.0 ], [ 110.372309000759856, -7.23538199838049, 0.0 ], [ 110.372259000252711, -7.235391999740955, 0.0 ], [ 110.372133999884227, -7.23553199900249, 0.0 ], [ 110.371959998155432, -7.235751000108507, 0.0 ], [ 110.371924000092577, -7.235817000454176, 0.0 ], [ 110.371915000576848, -7.235883999946566, 0.0 ], [ 110.371895999700712, -7.235965000084661, 0.0 ], [ 110.371870000300362, -7.236036000660874, 0.0 ], [ 110.371838999770091, -7.236112000568312, 0.0 ], [ 110.371801000715664, -7.236185999484235, 0.0 ], [ 110.371757999632052, -7.23624799874608, 0.0 ], [ 110.371716999539956, -7.236282998561478, 0.0 ], [ 110.37168399981681, -7.236311999898817, 0.0 ], [ 110.371651000093664, -7.236327999737341, 0.0 ], [ 110.37163200011679, -7.23633100077501, 0.0 ], [ 110.371602999678771, -7.23627399994507, 0.0 ], [ 110.371596000255295, -7.236199998331188, 0.0 ], [ 110.371562999632772, -7.236137999069342, 0.0 ], [ 110.371469999840656, -7.23607199962305, 0.0 ], [ 110.371419999333568, -7.236016999784681, 0.0 ], [ 110.371417000094539, -7.236009998562565, 0.0 ], [ 110.371414977519237, -7.236005162008553, 0.0 ], [ 110.371413268755049, -7.236001075947993, 0.0 ], [ 110.371432173232705, -7.23587178937385, 0.0 ] ] ], [ [ [ 110.37130892, -7.234747895999983, 0.0 ], [ 110.371322850742217, -7.234750072686083, 0.0 ], [ 110.37131428492637, -7.234751976522432, 0.0 ], [ 110.371309575136578, -7.23474971585896, 0.0 ], [ 110.37130892, -7.234747895999983, 0.0 ] ] ], [ [ [ 110.371497568796485, -7.234777372477708, 0.0 ], [ 110.371481732396092, -7.234777372477708, 0.0 ], [ 110.371459721595997, -7.234771458831912, 0.0 ], [ 110.371497568796485, -7.234777372477708, 0.0 ] ] ], [ [ [ 110.372898896111778, -7.234290923800589, 0.0 ], [ 110.372885000342535, -7.234306999168609, 0.0 ], [ 110.372827587988468, -7.234331228354253, 0.0 ], [ 110.372898896111778, -7.234290923800589, 0.0 ] ] ], [ [ [ 110.373024079, -7.234084849999987, 0.0 ], [ 110.373216339737894, -7.234011607875199, 0.0 ], [ 110.373086999765292, -7.234125998915658, 0.0 ], [ 110.373008999765602, -7.234170000045424, 0.0 ], [ 110.372935999996457, -7.234248000045113, 0.0 ], [ 110.372920806044164, -7.234265577220619, 0.0 ], [ 110.373024079, -7.234084849999987, 0.0 ] ] ], [ [ [ 110.374155412999983, -7.233691446000017, 0.0 ], [ 110.3739948, -7.233620061000011, 0.0 ], [ 110.37394198596354, -7.233539287021377, 0.0 ], [ 110.373960426732367, -7.233540015059589, 0.0 ], [ 110.374009919122557, -7.233570472399322, 0.0 ], [ 110.37401372595275, -7.233618060924698, 0.0 ], [ 110.374091771817859, -7.233629482314711, 0.0 ], [ 110.374116517563323, -7.233659939654444, 0.0 ], [ 110.374217408007041, -7.233684684500531, 0.0 ], [ 110.37421932537292, -7.233717761892849, 0.0 ], [ 110.374155412999983, -7.233691446000017, 0.0 ] ] ], [ [ [ 110.373905569999977, -7.233037093000011, 0.0 ], [ 110.373988850999979, -7.232935967, 0.0 ], [ 110.373941262000017, -7.232834840000017, 0.0 ], [ 110.373816340000019, -7.232763455, 0.0 ], [ 110.373673571999973, -7.232644482000012, 0.0 ], [ 110.373483216000011, -7.232632584, 0.0 ], [ 110.373459421, -7.232561201, 0.0 ], [ 110.373388036999984, -7.232442228000026, 0.0 ], [ 110.373221474, -7.232495765, 0.0 ], [ 110.373138193999978, -7.232454125, 0.0 ], [ 110.373072757999978, -7.232341099999978, 0.0 ], [ 110.372888349999982, -7.232293512, 0.0 ], [ 110.372878194279551, -7.232280908188487, 0.0 ], [ 110.372978185395027, -7.232182769019516, 0.0 ], [ 110.373048615801054, -7.232100916324157, 0.0 ], [ 110.373130470295052, -7.232034292748381, 0.0 ], [ 110.373174251990179, -7.231973377169595, 0.0 ], [ 110.373238974399214, -7.231904848829686, 0.0 ], [ 110.373267526974871, -7.23181728543932, 0.0 ], [ 110.373351284434307, -7.23184012731997, 0.0 ], [ 110.373396969094927, -7.231744948470521, 0.0 ], [ 110.373429330299416, -7.231609795655515, 0.0 ], [ 110.373433137129609, -7.231539363450793, 0.0 ], [ 110.373431360968596, -7.231445226915639, 0.0 ], [ 110.373466000155815, -7.231460000078869, 0.0 ], [ 110.373496999786767, -7.231510998833471, 0.0 ], [ 110.373487000224941, -7.231559000147683, 0.0 ], [ 110.373485000132689, -7.231608000608674, 0.0 ], [ 110.373503000063465, -7.231618999317334, 0.0 ], [ 110.373515000616862, -7.23161499913283, 0.0 ], [ 110.373535000639833, -7.231546000447509, 0.0 ], [ 110.373532999648262, -7.23148799957147, 0.0 ], [ 110.373475999717698, -7.231326998442171, 0.0 ], [ 110.373475002369503, -7.231323117867532, 0.0 ], [ 110.373535930538822, -7.231326163871302, 0.0 ], [ 110.373604458878731, -7.231350911415404, 0.0 ], [ 110.373577808369248, -7.231607892690022, 0.0 ], [ 110.37364062691347, -7.231630734570672, 0.0 ], [ 110.373617784133501, -7.231743045505084, 0.0 ], [ 110.373768165168769, -7.23178492333551, 0.0 ], [ 110.373762454473763, -7.232070458984424, 0.0 ], [ 110.373905221848588, -7.232070458984424, 0.0 ], [ 110.373914739373788, -7.231703072438791, 0.0 ], [ 110.373929967593995, -7.231638349130435, 0.0 ], [ 110.373969944257567, -7.231556496435132, 0.0 ], [ 110.374009921820516, -7.231535766162608, 0.0 ], [ 110.374016999484979, -7.231556999156112, 0.0 ], [ 110.374105097971949, -7.231774305939439, 0.0 ], [ 110.374105097072629, -7.23178111650526, 0.0 ], [ 110.374099386377623, -7.231822995235007, 0.0 ], [ 110.374078446563146, -7.231851550508622, 0.0 ], [ 110.37405941151269, -7.23189532950579, 0.0 ], [ 110.374047988324037, -7.231937210034175, 0.0 ], [ 110.374074639732896, -7.231980991729358, 0.0 ], [ 110.374105097072629, -7.232026677289298, 0.0 ], [ 110.374133651446925, -7.232093302663714, 0.0 ], [ 110.374145070138923, -7.23212185703801, 0.0 ], [ 110.374164107887339, -7.232159927138866, 0.0 ], [ 110.374179337006865, -7.232207515664243, 0.0 ], [ 110.374181239972302, -7.232260814884626, 0.0 ], [ 110.374169819481665, -7.232384547209051, 0.0 ], [ 110.374169818582345, -7.23243023366831, 0.0 ], [ 110.374194565227072, -7.232493051313213, 0.0 ], [ 110.374270707227424, -7.232635820486678, 0.0 ], [ 110.374266901296494, -7.232660567131404, 0.0 ], [ 110.374249769211531, -7.232713864553148, 0.0 ], [ 110.374223117802728, -7.232772874468537, 0.0 ], [ 110.374108905701519, -7.232904221352669, 0.0 ], [ 110.373992786138217, -7.232944198016298, 0.0 ], [ 110.373943293748084, -7.233012724557568, 0.0 ], [ 110.373941389883271, -7.233048892592251, 0.0 ], [ 110.373916829869287, -7.233088567422278, 0.0 ], [ 110.373905569999977, -7.233037093000011, 0.0 ] ] ], [ [ [ 110.372758691, -7.232132598000021, 0.0 ], [ 110.372859818, -7.232004700999988, 0.0 ], [ 110.372960945999978, -7.231799473000017, 0.0 ], [ 110.372989088999987, -7.231569046, 0.0 ], [ 110.373023587295961, -7.23150571288226, 0.0 ], [ 110.373025999650224, -7.231506999548344, 0.0 ], [ 110.373026485284129, -7.231506999548344, 0.0 ], [ 110.373028999788573, -7.231506999548344, 0.0 ], [ 110.373034656524226, -7.231507370968359, 0.0 ], [ 110.37308668770055, -7.231552689604882, 0.0 ], [ 110.37312285483597, -7.231569822589222, 0.0 ], [ 110.373029581649917, -7.231779213539824, 0.0 ], [ 110.372959148545931, -7.231963859644338, 0.0 ], [ 110.372940112596154, -7.232000027679078, 0.0 ], [ 110.372774045828194, -7.232151654192218, 0.0 ], [ 110.372758691, -7.232132598000021, 0.0 ] ] ], [ [ [ 110.37315743, -7.23126, 0.0 ], [ 110.373018362101391, -7.231081111791521, 0.0 ], [ 110.373101671305164, -7.231091364374947, 0.0 ], [ 110.373135933676451, -7.231093269139024, 0.0 ], [ 110.373154598206213, -7.231099934014708, 0.0 ], [ 110.373189235594793, -7.231112303290104, 0.0 ], [ 110.37319113766091, -7.231211289869066, 0.0 ], [ 110.373210173610687, -7.231291239598988, 0.0 ], [ 110.373177813305517, -7.231338829023684, 0.0 ], [ 110.373114490901372, -7.231338829023684, 0.0 ], [ 110.37315743, -7.23126, 0.0 ] ] ], [ [ [ 110.372712273, -7.23068737800003, 0.0 ], [ 110.372545233324786, -7.230610413914982, 0.0 ], [ 110.372578188532657, -7.230617376690532, 0.0 ], [ 110.372637200246629, -7.230609762130769, 0.0 ], [ 110.372778281392641, -7.230675722006936, 0.0 ], [ 110.37283136477572, -7.230714458505417, 0.0 ], [ 110.372897988351554, -7.23079060050577, 0.0 ], [ 110.373057888710662, -7.230973344544168, 0.0 ], [ 110.37305856590018, -7.230974492079099, 0.0 ], [ 110.373050274150899, -7.230975246610285, 0.0 ], [ 110.372976035115983, -7.231019027406148, 0.0 ], [ 110.372973082157912, -7.231022866516714, 0.0 ], [ 110.372712273, -7.23068737800003, 0.0 ] ] ], [ [ [ 110.372174514999983, -7.230359013, 0.0 ], [ 110.372172226978662, -7.23035016079046, 0.0 ], [ 110.372172728288831, -7.230350876991338, 0.0 ], [ 110.372175064750664, -7.230359388196511, 0.0 ], [ 110.372174514999983, -7.230359013, 0.0 ] ] ], [ [ [ 110.372059149383901, -7.229701845765681, 0.0 ], [ 110.372079454203515, -7.229694143469885, 0.0 ], [ 110.372127042728891, -7.229677012284242, 0.0 ], [ 110.372184150578164, -7.229652267438155, 0.0 ], [ 110.372237449798547, -7.229591353658009, 0.0 ], [ 110.37230026744345, -7.229618002368852, 0.0 ], [ 110.372332628647939, -7.229650362674079, 0.0 ], [ 110.372302172207526, -7.229684626844005, 0.0 ], [ 110.372218412949451, -7.229774095897767, 0.0 ], [ 110.372174632153587, -7.229821683523824, 0.0 ], [ 110.372159403933381, -7.229861659288076, 0.0 ], [ 110.372150238942424, -7.22988227894399, 0.0 ], [ 110.372159903057138, -7.229890868368841, 0.0 ], [ 110.372197475832877, -7.229878791373096, 0.0 ], [ 110.372266004172843, -7.229833104913837, 0.0 ], [ 110.372309786767289, -7.229760769743677, 0.0 ], [ 110.372370700547435, -7.229673205454048, 0.0 ], [ 110.372431614327581, -7.229747444488908, 0.0 ], [ 110.372235545933734, -7.229930187627986, 0.0 ], [ 110.372121332033885, -7.230000620732028, 0.0 ], [ 110.372083785607558, -7.229975588401451, 0.0 ], [ 110.372059149383901, -7.229701845765681, 0.0 ] ] ], [ [ [ 110.37470999816793, -7.234839998567054, 0.0 ], [ 110.374814000265985, -7.23479799752954, 0.0 ], [ 110.374896999596899, -7.235025999949869, 0.0 ], [ 110.374834000288956, -7.235073999465442, 0.0 ], [ 110.374882999850627, -7.23513499868119, 0.0 ], [ 110.374941999873442, -7.235143999995557, 0.0 ], [ 110.374999999850161, -7.235119509657579, 0.0 ], [ 110.375031999527209, -7.23510600004181, 0.0 ], [ 110.375071000426374, -7.235054998589248, 0.0 ], [ 110.375075000610877, -7.235018999627073, 0.0 ], [ 110.375035999711656, -7.234900000434607, 0.0 ], [ 110.375031999527209, -7.234821999535598, 0.0 ], [ 110.375052999596335, -7.234779998498084, 0.0 ], [ 110.375134999780471, -7.234819999443346, 0.0 ], [ 110.375233998949966, -7.235165000064683, 0.0 ], [ 110.375344999572121, -7.235117999695888, 0.0 ], [ 110.375278000079675, -7.234745998728783, 0.0 ], [ 110.375600999686469, -7.234690999789734, 0.0 ], [ 110.375912999685227, -7.234606999513346, 0.0 ], [ 110.376163999568973, -7.234615999928394, 0.0 ], [ 110.376222999591846, -7.234615999928394, 0.0 ], [ 110.376278999476312, -7.234619998314201, 0.0 ], [ 110.376376999498973, -7.234614998982977, 0.0 ], [ 110.376417999591069, -7.234638999190395, 0.0 ], [ 110.376445999982991, -7.234684999513092, 0.0 ], [ 110.376445999982991, -7.234705999582161, 0.0 ], [ 110.376440000605612, -7.234736000066277, 0.0 ], [ 110.376432999383496, -7.234777999305152, 0.0 ], [ 110.376431999337342, -7.234823000481015, 0.0 ], [ 110.376422999821671, -7.234855999304898, 0.0 ], [ 110.376395999475847, -7.234849999927519, 0.0 ], [ 110.376334999360779, -7.234813000019869, 0.0 ], [ 110.376297000306351, -7.23480999988152, 0.0 ], [ 110.376283999706857, -7.234821999535598, 0.0 ], [ 110.376272000052836, -7.234842999604723, 0.0 ], [ 110.37625399922274, -7.234881999604568, 0.0 ], [ 110.376244000560234, -7.234905998912666, 0.0 ], [ 110.376228999868488, -7.234920999604412, 0.0 ], [ 110.37620499966107, -7.23494799905086, 0.0 ], [ 110.376180000306817, -7.235038000503266, 0.0 ], [ 110.376184999638099, -7.235091999396218, 0.0 ], [ 110.376201999522721, -7.235130997597423, 0.0 ], [ 110.376201999522721, -7.235169998496588, 0.0 ], [ 110.376183000445167, -7.235253998772976, 0.0 ], [ 110.376160999430624, -7.235325999395286, 0.0 ], [ 110.376057000030585, -7.235331999671985, 0.0 ], [ 110.376021998416547, -7.235502998564471, 0.0 ], [ 110.375936000745924, -7.235524000432235, 0.0 ], [ 110.375996999961615, -7.235945000061633, 0.0 ], [ 110.376049499684711, -7.235945345401319, 0.0 ], [ 110.376148999776603, -7.235945999208468, 0.0 ], [ 110.376132999938079, -7.236010999507982, 0.0 ], [ 110.376090999799885, -7.236059000822195, 0.0 ], [ 110.375793000446663, -7.23623299985303, 0.0 ], [ 110.375692000285653, -7.236254000821418, 0.0 ], [ 110.375570574722303, -7.236243482350801, 0.0 ], [ 110.375564999824917, -7.236242999414856, 0.0 ], [ 110.375321000264023, -7.236154000706506, 0.0 ], [ 110.37524999968781, -7.236143998446721, 0.0 ], [ 110.375214999872412, -7.23609799992272, 0.0 ], [ 110.37521599991851, -7.236059999968973, 0.0 ], [ 110.375245000356529, -7.236014998793109, 0.0 ], [ 110.375245502178245, -7.236013623729718, 0.0 ], [ 110.375289038358517, -7.235971981521686, 0.0 ], [ 110.375391353328382, -7.235869665652501, 0.0 ], [ 110.375322349247085, -7.235800659772565, 0.0 ], [ 110.375210556322202, -7.235916183085351, 0.0 ], [ 110.37517958277158, -7.235948189057638, 0.0 ], [ 110.375148648791196, -7.23597436202715, 0.0 ], [ 110.375108199084195, -7.236014812633471, 0.0 ], [ 110.375060610558819, -7.236062402058167, 0.0 ], [ 110.374999999850161, -7.236074057271878, 0.0 ], [ 110.374998743497258, -7.236074300088831, 0.0 ], [ 110.374973682089831, -7.236070233354553, 0.0 ], [ 110.374960999850316, -7.236075998908177, 0.0 ], [ 110.374898999689151, -7.236090000453089, 0.0 ], [ 110.374803000658005, -7.236089000406992, 0.0 ], [ 110.374647999805404, -7.236073999715245, 0.0 ], [ 110.374539999321598, -7.236077999899749, 0.0 ], [ 110.374474000774569, -7.236100999161749, 0.0 ], [ 110.374406999483483, -7.236150999668837, 0.0 ], [ 110.374356999875715, -7.236185999484235, 0.0 ], [ 110.374327000290918, -7.236187999576487, 0.0 ], [ 110.374277999829872, -7.236141999253789, 0.0 ], [ 110.374287999391697, -7.236096999876622, 0.0 ], [ 110.374384000221482, -7.23599699976171, 0.0 ], [ 110.374465000359521, -7.235908999300818, 0.0 ], [ 110.374558000151637, -7.235856999600799, 0.0 ], [ 110.374616999275133, -7.235821999785401, 0.0 ], [ 110.37463199996688, -7.235780999693361, 0.0 ], [ 110.374600000289831, -7.235746999924061, 0.0 ], [ 110.374547999690492, -7.235724998909518, 0.0 ], [ 110.37452299943692, -7.235724998909518, 0.0 ], [ 110.374429999644804, -7.235742999739614, 0.0 ], [ 110.374526999621423, -7.235439000109693, 0.0 ], [ 110.374547999690492, -7.235316999879615, 0.0 ], [ 110.374541000267016, -7.235213000479519, 0.0 ], [ 110.374431999737055, -7.23471199985886, 0.0 ], [ 110.374454999898376, -7.234529999559811, 0.0 ], [ 110.374513999921248, -7.234470999536939, 0.0 ], [ 110.374604999621113, -7.234486998476143, 0.0 ], [ 110.374660000358801, -7.234576999928549, 0.0 ], [ 110.374702999643773, -7.234627000435694, 0.0 ], [ 110.374687999851346, -7.234757998382861, 0.0 ], [ 110.374686999805249, -7.234815000112121, 0.0 ], [ 110.37470999816793, -7.234839998567054, 0.0 ] ] ], [ [ [ 110.375119874082998, -7.233532191857137, 0.0 ], [ 110.375078471993959, -7.233545039571879, 0.0 ], [ 110.375045635048082, -7.233550749367566, 0.0 ], [ 110.375021363245367, -7.233545039571879, 0.0 ], [ 110.374999999850161, -7.233531153140177, 0.0 ], [ 110.37499281066971, -7.23352648026281, 0.0 ], [ 110.374977107607492, -7.233516486996223, 0.0 ], [ 110.374971396013166, -7.233536473529398, 0.0 ], [ 110.374972824136591, -7.233560744432737, 0.0 ], [ 110.37498709997476, -7.233590726930458, 0.0 ], [ 110.37499138434498, -7.233616425057903, 0.0 ], [ 110.374999999850161, -7.233646103584761, 0.0 ], [ 110.375004232059723, -7.233660681595154, 0.0 ], [ 110.375021362346047, -7.233682097151018, 0.0 ], [ 110.375039924353075, -7.233676385556691, 0.0 ], [ 110.375067049704626, -7.233660681595154, 0.0 ], [ 110.37510559554687, -7.233643549510134, 0.0 ], [ 110.375139862414755, -7.233632128120178, 0.0 ], [ 110.375189829646956, -7.233614997833854, 0.0 ], [ 110.375252648191235, -7.233590726031139, 0.0 ], [ 110.375315465836138, -7.233565027903694, 0.0 ], [ 110.375366862091084, -7.233545039571879, 0.0 ], [ 110.375448239045056, -7.233495071440359, 0.0 ], [ 110.375527606014259, -7.233437560694824, 0.0 ], [ 110.375528999963421, -7.233444998987466, 0.0 ], [ 110.375527999917324, -7.233458998733738, 0.0 ], [ 110.375526999871227, -7.233506000001853, 0.0 ], [ 110.375506999848199, -7.233559998894805, 0.0 ], [ 110.375487999871382, -7.233575999632649, 0.0 ], [ 110.375449999917635, -7.233611998594824, 0.0 ], [ 110.375404999641091, -7.233632999563213, 0.0 ], [ 110.37537400001014, -7.233651999540086, 0.0 ], [ 110.3753651120104, -7.233655999724533, 0.0 ], [ 110.375334836333707, -7.233669623554249, 0.0 ], [ 110.375316523438869, -7.233681491907305, 0.0 ], [ 110.375311182365238, -7.233684951599173, 0.0 ], [ 110.37530118909865, -7.233700657359407, 0.0 ], [ 110.375305471670231, -7.233714934096895, 0.0 ], [ 110.375344019311115, -7.233729209935063, 0.0 ], [ 110.375362578620184, -7.233732066181858, 0.0 ], [ 110.375368600480613, -7.233732926833056, 0.0 ], [ 110.375392560218529, -7.233736347854119, 0.0 ], [ 110.375411120426918, -7.233739204100914, 0.0 ], [ 110.375433962307568, -7.23376204778026, 0.0 ], [ 110.375429400046812, -7.2337780170418, 0.0 ], [ 110.375428251612561, -7.233782036112018, 0.0 ], [ 110.375414674547642, -7.233790582369409, 0.0 ], [ 110.375389704871054, -7.233806306116094, 0.0 ], [ 110.375372700489777, -7.233826402366503, 0.0 ], [ 110.375358296048603, -7.233843423834912, 0.0 ], [ 110.375334026044527, -7.23386769653689, 0.0 ], [ 110.375299760975224, -7.233896250011867, 0.0 ], [ 110.37527834541936, -7.233921945441409, 0.0 ], [ 110.37525550443803, -7.233950500714968, 0.0 ], [ 110.375228375489201, -7.233993330927433, 0.0 ], [ 110.375218383121933, -7.234040444610798, 0.0 ], [ 110.375214742666287, -7.234060826845621, 0.0 ], [ 110.375204107283764, -7.234120392542025, 0.0 ], [ 110.375214100550352, -7.234268871511176, 0.0 ], [ 110.375229806310585, -7.234421633951172, 0.0 ], [ 110.375245510272123, -7.234541558546027, 0.0 ], [ 110.375238393936797, -7.23455104459498, 0.0 ], [ 110.375078471993959, -7.234565828550103, 0.0 ], [ 110.375042780599927, -7.234345967692207, 0.0 ], [ 110.375002805734937, -7.234258878244589, 0.0 ], [ 110.374999999850161, -7.2342586696019, 0.0 ], [ 110.374907150244837, -7.234251739426213, 0.0 ], [ 110.37491857253417, -7.233891966540966, 0.0 ], [ 110.374869303175842, -7.233891965641646, 0.0 ], [ 110.374697281754209, -7.233891965641646, 0.0 ], [ 110.374687288487621, -7.233921947240049, 0.0 ], [ 110.374677295221034, -7.233946218143387, 0.0 ], [ 110.374664444808332, -7.23395906585813, 0.0 ], [ 110.374637318557461, -7.23395906585813, 0.0 ], [ 110.374624470842718, -7.233944790020018, 0.0 ], [ 110.374623866498325, -7.233939552368383, 0.0 ], [ 110.374620186472498, -7.233907669603241, 0.0 ], [ 110.374623042719293, -7.233861985841941, 0.0 ], [ 110.37463303598588, -7.233803451667939, 0.0 ], [ 110.374648740846794, -7.233729209935063, 0.0 ], [ 110.374667301055183, -7.233674958332642, 0.0 ], [ 110.374700137101684, -7.233614997833854, 0.0 ], [ 110.374732974047561, -7.233573593046856, 0.0 ], [ 110.37477866050682, -7.233537903451463, 0.0 ], [ 110.374893750346359, -7.233472549718329, 0.0 ], [ 110.374999999850161, -7.233419835956624, 0.0 ], [ 110.375041999988355, -7.233398998664825, 0.0 ], [ 110.375282999410956, -7.233211999933815, 0.0 ], [ 110.375352999941072, -7.233205998757796, 0.0 ], [ 110.375399000263712, -7.233219998504069, 0.0 ], [ 110.375422540018292, -7.233232910070683, 0.0 ], [ 110.375422541816931, -7.233252366003853, 0.0 ], [ 110.375415403897819, -7.233275210582462, 0.0 ], [ 110.375392560218529, -7.233303763158119, 0.0 ], [ 110.375372572786091, -7.233335171980571, 0.0 ], [ 110.375334026044527, -7.233390851706417, 0.0 ], [ 110.375284057013687, -7.233436536367037, 0.0 ], [ 110.375232660758741, -7.233479367478765, 0.0 ], [ 110.375179836380426, -7.23349935491126, 0.0 ], [ 110.375119874082998, -7.233532191857137, 0.0 ] ] ], [ [ [ 110.37444369092367, -7.233146975352611, 0.0 ], [ 110.374441311317526, -7.233146794588833, 0.0 ], [ 110.374441311317526, -7.232317679916946, 0.0 ], [ 110.37444799957558, -7.232327999637448, 0.0 ], [ 110.374461000175074, -7.232391999890808, 0.0 ], [ 110.374470238910476, -7.232444171361351, 0.0 ], [ 110.374510314499503, -7.232506901772069, 0.0 ], [ 110.374541249379206, -7.232571145741758, 0.0 ], [ 110.374572181561007, -7.232628254490294, 0.0 ], [ 110.374615011773415, -7.232673463409583, 0.0 ], [ 110.374653082773591, -7.232704396490647, 0.0 ], [ 110.374719707248744, -7.232721051934959, 0.0 ], [ 110.37476729667344, -7.232728191652654, 0.0 ], [ 110.374786333522536, -7.232742468390143, 0.0 ], [ 110.374791092734824, -7.232785299501927, 0.0 ], [ 110.374776815098016, -7.232849544370936, 0.0 ], [ 110.374745882016896, -7.2329018921086, 0.0 ], [ 110.374669740016543, -7.232980415513737, 0.0 ], [ 110.374574561167151, -7.233047039988833, 0.0 ], [ 110.374477002711558, -7.233127939402834, 0.0 ], [ 110.37444369092367, -7.233146975352611, 0.0 ] ] ], [ [ [ 110.373663223279209, -7.230522197841083, 0.0 ], [ 110.373756498263845, -7.230518391010889, 0.0 ], [ 110.373821219773561, -7.230533616533137, 0.0 ], [ 110.37390878316387, -7.230556462011066, 0.0 ], [ 110.373962083283573, -7.230613568961019, 0.0 ], [ 110.373975409437662, -7.230645929266188, 0.0 ], [ 110.373956373487886, -7.230685905030441, 0.0 ], [ 110.37393543367341, -7.230708747810411, 0.0 ], [ 110.373882133553707, -7.230706844844974, 0.0 ], [ 110.373798376094214, -7.230701132351328, 0.0 ], [ 110.373733655483875, -7.230701132351328, 0.0 ], [ 110.373667030109402, -7.230703038014724, 0.0 ], [ 110.373615633854456, -7.230712555539981, 0.0 ], [ 110.373583273549286, -7.230712555539981, 0.0 ], [ 110.373547105514547, -7.230704940980218, 0.0 ], [ 110.37352235976914, -7.230725880794694, 0.0 ], [ 110.373440505275141, -7.2307315914897, 0.0 ], [ 110.373398985374934, -7.230738286042993, 0.0 ], [ 110.373381495359808, -7.230741108115581, 0.0 ], [ 110.373333530917762, -7.23074999071946, 0.0 ], [ 110.373337713664625, -7.2307315914897, 0.0 ], [ 110.373333905935056, -7.230685905030441, 0.0 ], [ 110.373305353359456, -7.230634507876175, 0.0 ], [ 110.373248245510183, -7.230571691130592, 0.0 ], [ 110.373175589282084, -7.23053624884875, 0.0 ], [ 110.373175951708845, -7.230534496070106, 0.0 ], [ 110.373158777355741, -7.230529811501526, 0.0 ], [ 110.373183524000467, -7.230430827620523, 0.0 ], [ 110.37322730569565, -7.230381333431751, 0.0 ], [ 110.373241048235855, -7.230376754083863, 0.0 ], [ 110.373261569865633, -7.230369912941057, 0.0 ], [ 110.373326057551594, -7.230390275390846, 0.0 ], [ 110.373406242004535, -7.230415598500997, 0.0 ], [ 110.373501419954607, -7.230432730586017, 0.0 ], [ 110.37356804532908, -7.2304688986207, 0.0 ], [ 110.373608020194013, -7.230499356859809, 0.0 ], [ 110.373663223279209, -7.230522197841083, 0.0 ] ] ] ] } },
{ "type": "Feature", "properties": { "OBJECTID": 167, "NO_DI": 102, "NAMA_DI": "DI Keji Panjang", "STATUS": "DI Sesuai Permen PUPR No. 14/2015", "KETERANGAN": "39,452704914712", "KABUPATEN": "KAB. SEMARANG", "LUAS_HA": 39, "Kecamatan": "Bandungan", "Desa": "Pesekan", "NO": 177, "Shape_Leng": 0.15354694529, "Shape_Area": 3.232448e-05 }, "geometry": { "type": "MultiPolygon", "coordinates": [ [ [ [ 110.372749785, -7.238424697000036, 0.0 ], [ 110.372783098000014, -7.238343794999985, 0.0 ], [ 110.372787856, -7.238279549000028, 0.0 ], [ 110.372787262026534, -7.238274796837834, 0.0 ], [ 110.372799169945779, -7.238312217135046, 0.0 ], [ 110.372801549551923, -7.238345529822311, 0.0 ], [ 110.372800358849531, -7.238368135181247, 0.0 ], [ 110.372788461718187, -7.238394309949399, 0.0 ], [ 110.37277061557154, -7.238422862525056, 0.0 ], [ 110.372750390718011, -7.23845022709628, 0.0 ], [ 110.372735524742851, -7.238476987050271, 0.0 ], [ 110.372749785, -7.238424697000036, 0.0 ] ] ], [ [ [ 110.372778338999979, -7.238203407, 0.0 ], [ 110.372775793275153, -7.238175395768616, 0.0 ], [ 110.372784892308971, -7.23819919303827, 0.0 ], [ 110.372783200895597, -7.238242305230017, 0.0 ], [ 110.372778338999979, -7.238203407, 0.0 ] ] ], [ [ [ 110.385395062649692, -7.237319678624287, 0.0 ], [ 110.385372999764172, -7.237339999641222, 0.0 ], [ 110.385338999994929, -7.237361999756445, 0.0 ], [ 110.385323998403862, -7.237416999594814, 0.0 ], [ 110.385338508311662, -7.237440576767836, 0.0 ], [ 110.385234461, -7.237667588000022, 0.0 ], [ 110.385296327, -7.237938847000016, 0.0 ], [ 110.385210667000024, -7.238205345999964, 0.0 ], [ 110.385102535342284, -7.238471670626552, 0.0 ], [ 110.385100999811357, -7.238471999682986, 0.0 ], [ 110.385051999350367, -7.238512000628305, 0.0 ], [ 110.384986999950172, -7.238557999152306, 0.0 ], [ 110.384856000204309, -7.238566999567354, 0.0 ], [ 110.384788999812542, -7.238523997584366, 0.0 ], [ 110.384737000112523, -7.238459999129589, 0.0 ], [ 110.384702999443903, -7.238386997561861, 0.0 ], [ 110.384681999374834, -7.238288998438463, 0.0 ], [ 110.384679000135804, -7.238164000767995, 0.0 ], [ 110.384875000181182, -7.237789999708696, 0.0 ], [ 110.38498799999627, -7.237627998533242, 0.0 ], [ 110.385193000456638, -7.237141999503649, 0.0 ], [ 110.38523199955722, -7.237132999987921, 0.0 ], [ 110.385291000479356, -7.237144999641998, 0.0 ], [ 110.385388000455919, -7.237194000102988, 0.0 ], [ 110.38543399987924, -7.237233000102833, 0.0 ], [ 110.3854413495622, -7.23725112799888, 0.0 ], [ 110.385395062649692, -7.237319678624287, 0.0 ] ] ], [ [ [ 110.38476689700002, -7.239292046, 0.0 ], [ 110.384738344000027, -7.239563305, 0.0 ], [ 110.384806158, -7.239788165, 0.0 ], [ 110.384891819000018, -7.239973761999972, 0.0 ], [ 110.384977478999986, -7.240102252, 0.0 ], [ 110.385246656, -7.240312835, 0.0 ], [ 110.385304394902704, -7.240343046879577, 0.0 ], [ 110.385315012377987, -7.240401871948791, 0.0 ], [ 110.385350349439136, -7.240413650369646, 0.0 ], [ 110.38539179920474, -7.2403887811787, 0.0 ], [ 110.385508157072408, -7.240449665430405, 0.0 ], [ 110.385573423574726, -7.240574264790439, 0.0 ], [ 110.385537731281318, -7.240645648477823, 0.0 ], [ 110.385424707184541, -7.240666469581868, 0.0 ], [ 110.385332503292432, -7.240699187817199, 0.0 ], [ 110.385249222473703, -7.240746774543936, 0.0 ], [ 110.385188464276268, -7.2407596636275, 0.0 ], [ 110.385189999419026, -7.24077999999696, 0.0 ], [ 110.385143999995648, -7.240815999858455, 0.0 ], [ 110.385091000249531, -7.240848998682281, 0.0 ], [ 110.385061999811512, -7.240884999443097, 0.0 ], [ 110.385025999950017, -7.240910999742823, 0.0 ], [ 110.384999999650347, -7.240891000619115, 0.0 ], [ 110.384993000226814, -7.240844998497835, 0.0 ], [ 110.384999999650347, -7.240782999235989, 0.0 ], [ 110.384986999950172, -7.240736999812668, 0.0 ], [ 110.384954000226969, -7.240739999951018, 0.0 ], [ 110.384923999742853, -7.240792998797815, 0.0 ], [ 110.384921000503823, -7.240825998520961, 0.0 ], [ 110.384905000665299, -7.240831999696979, 0.0 ], [ 110.384859000342658, -7.240808999535659, 0.0 ], [ 110.384833000042988, -7.240822000135154, 0.0 ], [ 110.384828999858541, -7.240874998981951, 0.0 ], [ 110.384836000181338, -7.240926999581291, 0.0 ], [ 110.384852000019862, -7.240998999304338, 0.0 ], [ 110.384846437713009, -7.241005127284723, 0.0 ], [ 110.384877431048665, -7.241038260107587, 0.0 ], [ 110.384904200268693, -7.241068002486259, 0.0 ], [ 110.384889328180009, -7.241112618752311, 0.0 ], [ 110.384814970434604, -7.241181026583035, 0.0 ], [ 110.384817943593305, -7.241237539980432, 0.0 ], [ 110.384898251253333, -7.241338666945865, 0.0 ], [ 110.384939891662725, -7.241398152602642, 0.0 ], [ 110.384984505230818, -7.241502255424678, 0.0 ], [ 110.385070761906206, -7.24170450845628, 0.0 ], [ 110.385064811991526, -7.241832405541061, 0.0 ], [ 110.384975583956077, -7.241900814271105, 0.0 ], [ 110.384809021419244, -7.241906761487826, 0.0 ], [ 110.384690047407844, -7.241850250788389, 0.0 ], [ 110.38457702331101, -7.241734251734272, 0.0 ], [ 110.38452348577033, -7.241612305463491, 0.0 ], [ 110.384490769333581, -7.241469535390706, 0.0 ], [ 110.384456731792795, -7.241371430147353, 0.0 ], [ 110.38443000034431, -7.241376999648764, 0.0 ], [ 110.384371000321494, -7.241346999164648, 0.0 ], [ 110.384313999491553, -7.241277000433172, 0.0 ], [ 110.384271000206581, -7.241204999810861, 0.0 ], [ 110.38421700041431, -7.241153999257619, 0.0 ], [ 110.384121999630622, -7.241125999765018, 0.0 ], [ 110.384038000253554, -7.241060998566184, 0.0 ], [ 110.384023000461184, -7.240998999304338, 0.0 ], [ 110.383999999400487, -7.240958000111561, 0.0 ], [ 110.383906999608428, -7.24092999882032, 0.0 ], [ 110.383891999816001, -7.240896999996494, 0.0 ], [ 110.38386100018505, -7.240734999720416, 0.0 ], [ 110.383840000115981, -7.240667997530011, 0.0 ], [ 110.383763999309167, -7.240614000435698, 0.0 ], [ 110.383730000439243, -7.240614000435698, 0.0 ], [ 110.383694999724526, -7.240627998383388, 0.0 ], [ 110.383682999171128, -7.240661998152632, 0.0 ], [ 110.383690999540079, -7.240710999512999, 0.0 ], [ 110.383709000370118, -7.240822000135154, 0.0 ], [ 110.383743999286196, -7.241083999626824, 0.0 ], [ 110.383751998755827, -7.24112799985727, 0.0 ], [ 110.383750000462214, -7.241145999787989, 0.0 ], [ 110.383737999908817, -7.241149999972492, 0.0 ], [ 110.383715999793594, -7.241147999880241, 0.0 ], [ 110.3836850001627, -7.241109999926493, 0.0 ], [ 110.383669000324176, -7.241044999626979, 0.0 ], [ 110.383676999793749, -7.240774999766359, 0.0 ], [ 110.383674999701554, -7.240740999997115, 0.0 ], [ 110.383663000047477, -7.240714999697445, 0.0 ], [ 110.383636999747807, -7.240722999167019, 0.0 ], [ 110.383617000624156, -7.240772998774844, 0.0 ], [ 110.383587000139983, -7.240825998520961, 0.0 ], [ 110.383559999794215, -7.24088399759836, 0.0 ], [ 110.383563999978662, -7.240962998543523, 0.0 ], [ 110.383558999748118, -7.241133000087814, 0.0 ], [ 110.383578999771089, -7.24123699858859, 0.0 ], [ 110.383562999932565, -7.241298000502297, 0.0 ], [ 110.383537999678992, -7.241308998311581, 0.0 ], [ 110.383465999956002, -7.241307000017969, 0.0 ], [ 110.383410000071535, -7.241288000041095, 0.0 ], [ 110.383245999703206, -7.241331999372221, 0.0 ], [ 110.383224999634081, -7.2413899975503, 0.0 ], [ 110.383219999403536, -7.241425000063657, 0.0 ], [ 110.383203999565012, -7.241453999602356, 0.0 ], [ 110.383186000533556, -7.24148799847228, 0.0 ], [ 110.383156000049439, -7.24149599974055, 0.0 ], [ 110.383122000280139, -7.241495000593773, 0.0 ], [ 110.38309299984212, -7.241486997526863, 0.0 ], [ 110.383077000003595, -7.241448998472436, 0.0 ], [ 110.383077000003595, -7.241414000455734, 0.0 ], [ 110.383084000326392, -7.241325999994842, 0.0 ], [ 110.383084000326392, -7.241265000779094, 0.0 ], [ 110.383077000003595, -7.241190000018435, 0.0 ], [ 110.383051999750023, -7.241157999442066, 0.0 ], [ 110.383020000073031, -7.241135998427524, 0.0 ], [ 110.382965000234606, -7.241115998404553, 0.0 ], [ 110.382888000281071, -7.241103999649795, 0.0 ], [ 110.382825999220529, -7.241095998381581, 0.0 ], [ 110.382783999981655, -7.241059998520086, 0.0 ], [ 110.382776000512081, -7.241017000134377, 0.0 ], [ 110.382797000581149, -7.24097200075721, 0.0 ], [ 110.382848000235072, -7.240948999696514, 0.0 ], [ 110.382935000649809, -7.240949998843348, 0.0 ], [ 110.383012000603401, -7.240943998566649, 0.0 ], [ 110.383131999841964, -7.240860000088901, 0.0 ], [ 110.383198000187633, -7.240757000734959, 0.0 ], [ 110.383214000026157, -7.240605000020707, 0.0 ], [ 110.383177000118508, -7.240502999813543, 0.0 ], [ 110.383141000257012, -7.240404000644048, 0.0 ], [ 110.38310100021107, -7.240343999675815, 0.0 ], [ 110.382978999980935, -7.240288999837446, 0.0 ], [ 110.382912999635266, -7.240257998407856, 0.0 ], [ 110.382890000373266, -7.240213999976049, 0.0 ], [ 110.38290600021179, -7.24015900013768, 0.0 ], [ 110.382902998274801, -7.240128000506786, 0.0 ], [ 110.382845999243557, -7.240093999838166, 0.0 ], [ 110.382765000004781, -7.240051998800652, 0.0 ], [ 110.382685999958994, -7.239986999400458, 0.0 ], [ 110.38264699905983, -7.239910999492963, 0.0 ], [ 110.382642000627868, -7.239854000461719, 0.0 ], [ 110.382652000189694, -7.2398139995164, 0.0 ], [ 110.382699999705267, -7.23978799921673, 0.0 ], [ 110.382712999405442, -7.239780999793254, 0.0 ], [ 110.382740999797363, -7.239774999516555, 0.0 ], [ 110.382765278794636, -7.239743436010713, 0.0 ], [ 110.382783718493897, -7.239752145944749, 0.0 ], [ 110.38283701951292, -7.239782601485842, 0.0 ], [ 110.382878897343289, -7.239835901605545, 0.0 ], [ 110.382896029428252, -7.239881588064804, 0.0 ], [ 110.382949330447275, -7.239917754300848, 0.0 ], [ 110.383008339463345, -7.239931080454937, 0.0 ], [ 110.383052122057848, -7.239883491030241, 0.0 ], [ 110.383046412262161, -7.239845420030065, 0.0 ], [ 110.383027374513802, -7.239782601485842, 0.0 ], [ 110.383055929787417, -7.23970645948549, 0.0 ], [ 110.383071408019134, -7.239687755385546, 0.0 ], [ 110.383073000718468, -7.239687999101818, 0.0 ], [ 110.383117000049594, -7.239682998871274, 0.0 ], [ 110.383142999449944, -7.239635999401798, 0.0 ], [ 110.383158999288469, -7.23958899903306, 0.0 ], [ 110.383198000187633, -7.239557998502789, 0.0 ], [ 110.383227000625652, -7.239544999701934, 0.0 ], [ 110.383325041117814, -7.239542115576114, 0.0 ], [ 110.383336967926766, -7.239604394527134, 0.0 ], [ 110.383390268046469, -7.239625336140307, 0.0 ], [ 110.383416917656689, -7.239610107020781, 0.0 ], [ 110.383477831436835, -7.2396291429705, 0.0 ], [ 110.383529228591101, -7.239634854564827, 0.0 ], [ 110.383525421760851, -7.239596781766011, 0.0 ], [ 110.383498771251368, -7.239535867985865, 0.0 ], [ 110.383432145876895, -7.239454013491866, 0.0 ], [ 110.383383327078946, -7.239445398886005, 0.0 ], [ 110.38338600076338, -7.239414999102905, 0.0 ], [ 110.383357000325361, -7.239364998595761, 0.0 ], [ 110.38330299963377, -7.239318000025662, 0.0 ], [ 110.383270999956721, -7.239273999795216, 0.0 ], [ 110.383265999726177, -7.239218999956847, 0.0 ], [ 110.383281999564701, -7.239205998458033, 0.0 ], [ 110.383312999195596, -7.239201000026071, 0.0 ], [ 110.383341999633615, -7.239187998527257, 0.0 ], [ 110.383371000071634, -7.239160999980129, 0.0 ], [ 110.38336299970274, -7.239013998597102, 0.0 ], [ 110.383376000302235, -7.238846998989743, 0.0 ], [ 110.383398999564236, -7.238778998551879, 0.0 ], [ 110.383451999310353, -7.238705999682111, 0.0 ], [ 110.383495999540798, -7.238666999682266, 0.0 ], [ 110.383551000278487, -7.238624999544072, 0.0 ], [ 110.383613999586487, -7.238601997584055, 0.0 ], [ 110.383689000347147, -7.238591998921549, 0.0 ], [ 110.383887999631554, -7.238669998921239, 0.0 ], [ 110.383940000230893, -7.238690999889684, 0.0 ], [ 110.383987000599632, -7.238690999889684, 0.0 ], [ 110.384068000737727, -7.238666999682266, 0.0 ], [ 110.384096000230272, -7.23867199991281, 0.0 ], [ 110.384121999630622, -7.238692999981936, 0.0 ], [ 110.384148999976446, -7.238716999290034, 0.0 ], [ 110.384168999999417, -7.238739999451354, 0.0 ], [ 110.384174999376796, -7.238773998321335, 0.0 ], [ 110.384255999514835, -7.238831999197373, 0.0 ], [ 110.384470999537086, -7.238954999473606, 0.0 ], [ 110.384842332944345, -7.239055548727344, 0.0 ], [ 110.38476689700002, -7.239292046, 0.0 ] ], [ [ 110.383093999888217, -7.239936790250624, 0.0 ], [ 110.383139686347533, -7.23997866987969, 0.0 ], [ 110.38315491456774, -7.240016740879867, 0.0 ], [ 110.383202503992436, -7.240035776829586, 0.0 ], [ 110.383253901146702, -7.240037680694343, 0.0 ], [ 110.383282454621622, -7.240045293455466, 0.0 ], [ 110.383330044046374, -7.24004338959071, 0.0 ], [ 110.383366212081057, -7.240087173983852, 0.0 ], [ 110.383362405250864, -7.240121437254459, 0.0 ], [ 110.383316718791605, -7.240201386085062, 0.0 ], [ 110.383352886826344, -7.240241361849314, 0.0 ], [ 110.383421414266934, -7.240294661969017, 0.0 ], [ 110.383467100726193, -7.240363190308926, 0.0 ], [ 110.383552761151066, -7.240403166073236, 0.0 ], [ 110.383655554560278, -7.240414586563872, 0.0 ], [ 110.383743117051267, -7.240458368259056, 0.0 ], [ 110.383851622054749, -7.240523089768715, 0.0 ], [ 110.383892516926153, -7.240467200500859, 0.0 ], [ 110.383790707375283, -7.24038032149457, 0.0 ], [ 110.383642228406188, -7.240248976409077, 0.0 ], [ 110.383585121456235, -7.240178545103731, 0.0 ], [ 110.383516593116326, -7.240108111999746, 0.0 ], [ 110.38344616091166, -7.240045293455466, 0.0 ], [ 110.383385247131514, -7.239986284439453, 0.0 ], [ 110.383299586706642, -7.239942501844951, 0.0 ], [ 110.383210119451519, -7.239912043605898, 0.0 ], [ 110.38312826495752, -7.239893009454761, 0.0 ], [ 110.383093999888217, -7.239936790250624, 0.0 ] ], [ [ 110.384092685329222, -7.239935617534684, 0.0 ], [ 110.384071300350286, -7.23989997650267, 0.0 ], [ 110.38394801408964, -7.239975592399617, 0.0 ], [ 110.38389852080013, -7.239979400129187, 0.0 ], [ 110.383769077780755, -7.240057445094976, 0.0 ], [ 110.383742429069912, -7.240122168403275, 0.0 ], [ 110.383702452406339, -7.240139300488295, 0.0 ], [ 110.383723392220816, -7.240211635658397, 0.0 ], [ 110.383795728290295, -7.240204021098634, 0.0 ], [ 110.38393468883487, -7.240148817114175, 0.0 ], [ 110.3839213635801, -7.240082191739702, 0.0 ], [ 110.384170732093651, -7.239928002974921, 0.0 ], [ 110.384142177719411, -7.239899449499944, 0.0 ], [ 110.384092685329222, -7.239935617534684, 0.0 ] ], [ [ 110.384138414056622, -7.240213870473724, 0.0 ], [ 110.384145984549605, -7.240270644674467, 0.0 ], [ 110.384174538024581, -7.240303005878957, 0.0 ], [ 110.384197380804551, -7.240282066064424, 0.0 ], [ 110.384273524603543, -7.240228767743417, 0.0 ], [ 110.384343955908889, -7.240196405639551, 0.0 ], [ 110.384418195843125, -7.240179273554588, 0.0 ], [ 110.384496241708234, -7.240165947400499, 0.0 ], [ 110.384492433978721, -7.240103129755596, 0.0 ], [ 110.384446749318101, -7.240103130654916, 0.0 ], [ 110.384402966723599, -7.240084095604459, 0.0 ], [ 110.384399158994029, -7.240049831434533, 0.0 ], [ 110.384313499468476, -7.240038410044519, 0.0 ], [ 110.384187862380031, -7.240044120739526, 0.0 ], [ 110.384195477839114, -7.240167853063895, 0.0 ], [ 110.384138414056622, -7.240213870473724, 0.0 ] ] ], [ [ [ 110.382348658863577, -7.240814589721481, 0.0 ], [ 110.382302259241953, -7.240860989343162, 0.0 ], [ 110.382245151392681, -7.240878835489809, 0.0 ], [ 110.382138077210584, -7.240878835489809, 0.0 ], [ 110.382105953427072, -7.240907388964786, 0.0 ], [ 110.382073831442256, -7.24097520414233, 0.0 ], [ 110.382066693523143, -7.241046587829715, 0.0 ], [ 110.382027432719894, -7.241121541825635, 0.0 ], [ 110.382002448654134, -7.241171509957155, 0.0 ], [ 110.381977462789735, -7.24118935610386, 0.0 ], [ 110.381920355839839, -7.241185787593963, 0.0 ], [ 110.381845402743181, -7.241057293359347, 0.0 ], [ 110.381806141939933, -7.24097520414233, 0.0 ], [ 110.381795434611661, -7.240957358894946, 0.0 ], [ 110.381741896171604, -7.240893113126617, 0.0 ], [ 110.381674080994117, -7.240786037145824, 0.0 ], [ 110.381656234847412, -7.240725360786712, 0.0 ], [ 110.381727618534853, -7.240707515539384, 0.0 ], [ 110.381859680379989, -7.240732498705825, 0.0 ], [ 110.381973892481199, -7.240750344852472, 0.0 ], [ 110.382127368982935, -7.24073963842352, 0.0 ], [ 110.382188044442785, -7.24066468352828, 0.0 ], [ 110.38219518416048, -7.240554039936967, 0.0 ], [ 110.382191614751264, -7.240439823339102, 0.0 ], [ 110.382213028508545, -7.240372010859573, 0.0 ], [ 110.382291551014305, -7.240375577570774, 0.0 ], [ 110.382341520944522, -7.240529054971887, 0.0 ], [ 110.382370074419441, -7.24061471449744, 0.0 ], [ 110.382380781747713, -7.240653977099328, 0.0 ], [ 110.382380781747713, -7.240721791377496, 0.0 ], [ 110.382348658863577, -7.240814589721481, 0.0 ] ] ], [ [ [ 110.379079993746757, -7.240293486555117, 0.0 ], [ 110.379118064746933, -7.240293486555117, 0.0 ], [ 110.379156136646429, -7.240293486555117, 0.0 ], [ 110.379222761121582, -7.240298247566045, 0.0 ], [ 110.379289386496055, -7.240307763292606, 0.0 ], [ 110.379334594515967, -7.240312523404157, 0.0 ], [ 110.379434533477024, -7.24031966042395, 0.0 ], [ 110.379479742396256, -7.240314903010301, 0.0 ], [ 110.379529710527777, -7.240317282616445, 0.0 ], [ 110.379582060064081, -7.240326801040965, 0.0 ], [ 110.379634407801746, -7.240367251647285, 0.0 ], [ 110.379691514751642, -7.24040056343523, 0.0 ], [ 110.37975575962065, -7.240426739102702, 0.0 ], [ 110.379820004489659, -7.240448152859926, 0.0 ], [ 110.379860456894619, -7.240448152859926, 0.0 ], [ 110.379898528794115, -7.240457669485806, 0.0 ], [ 110.379889008570956, -7.240490983072391, 0.0 ], [ 110.379822384095803, -7.240545711315463, 0.0 ], [ 110.37972720704505, -7.240559988052951, 0.0 ], [ 110.379710549802098, -7.240571886083615, 0.0 ], [ 110.379662961276722, -7.240581402709495, 0.0 ], [ 110.379577299952473, -7.240602816466776, 0.0 ], [ 110.379505917164408, -7.240626611628784, 0.0 ], [ 110.379379805233896, -7.24066468352828, 0.0 ], [ 110.379306041940367, -7.240662303922136, 0.0 ], [ 110.379194207646606, -7.240624233821279, 0.0 ], [ 110.379118064746933, -7.240579024002727, 0.0 ], [ 110.379077614140613, -7.240529054971887, 0.0 ], [ 110.379010989665517, -7.240464810102878, 0.0 ], [ 110.378958640129213, -7.240391045909973, 0.0 ], [ 110.378920569129036, -7.240333939859397, 0.0 ], [ 110.378870600997516, -7.240288730040788, 0.0 ], [ 110.37887298060366, -7.240241140616092, 0.0 ], [ 110.378899155371812, -7.240219725959548, 0.0 ], [ 110.378944364291044, -7.240219725959548, 0.0 ], [ 110.379006230453228, -7.240229242585428, 0.0 ], [ 110.379034783028885, -7.240241140616092, 0.0 ], [ 110.379079993746757, -7.240293486555117, 0.0 ] ] ], [ [ [ 110.38048149632408, -7.240310144697389, 0.0 ], [ 110.380462460374304, -7.240338697272989, 0.0 ], [ 110.380414870949608, -7.240364871141821, 0.0 ], [ 110.380381558262343, -7.240374390465718, 0.0 ], [ 110.380353004787423, -7.240386287597062, 0.0 ], [ 110.380329210524735, -7.240391046809293, 0.0 ], [ 110.38030541626199, -7.240383908890237, 0.0 ], [ 110.380303035756583, -7.240338697272989, 0.0 ], [ 110.380307794968815, -7.240286349535381, 0.0 ], [ 110.380300655251119, -7.240260176565869, 0.0 ], [ 110.380269723968638, -7.240253037747436, 0.0 ], [ 110.380222134543942, -7.240253037747436, 0.0 ], [ 110.380176924725333, -7.240262555272636, 0.0 ], [ 110.380160268381758, -7.24027445240398, 0.0 ], [ 110.380105541037949, -7.240303006778277, 0.0 ], [ 110.380088884694317, -7.240312523404157, 0.0 ], [ 110.380048434087996, -7.240364872041141, 0.0 ], [ 110.380029397238957, -7.240395804222942, 0.0 ], [ 110.380007982582413, -7.240407700454966, 0.0 ], [ 110.379974669895148, -7.240405322647462, 0.0 ], [ 110.379993705844925, -7.240343455585958, 0.0 ], [ 110.380007982582413, -7.240262554373317, 0.0 ], [ 110.380050812794821, -7.240193549392757, 0.0 ], [ 110.380098401320254, -7.240117405593764, 0.0 ], [ 110.380212617018742, -7.239996055573442, 0.0 ], [ 110.380333968837647, -7.239905635036962, 0.0 ], [ 110.380422008868663, -7.239831873542073, 0.0 ], [ 110.380471977899504, -7.239822354218234, 0.0 ], [ 110.380521946930344, -7.239843768874778, 0.0 ], [ 110.380571915961241, -7.239872323249074, 0.0 ], [ 110.380588572304816, -7.239879462067449, 0.0 ], [ 110.380552879112145, -7.23991039514857, 0.0 ], [ 110.380552880011464, -7.239965121593059, 0.0 ], [ 110.380598089830016, -7.239981778835954, 0.0 ], [ 110.380636160830193, -7.239996055573442, 0.0 ], [ 110.380621884092761, -7.240041265392051, 0.0 ], [ 110.380588572304816, -7.240074577179939, 0.0 ], [ 110.380562397536664, -7.240148341372787, 0.0 ], [ 110.380531464455601, -7.240200689110452, 0.0 ], [ 110.380512429405144, -7.240243517524277, 0.0 ], [ 110.38048149632408, -7.240310144697389, 0.0 ] ] ], [ [ [ 110.382704894715175, -7.238516830886965, 0.0 ], [ 110.382728554978883, -7.238497249948068, 0.0 ], [ 110.382773407766592, -7.238538462280189, 0.0 ], [ 110.382802794013799, -7.238547695619616, 0.0 ], [ 110.382894458312649, -7.238621028137914, 0.0 ], [ 110.382787000120004, -7.238765999751024, 0.0 ], [ 110.382782789494229, -7.238768846105302, 0.0 ], [ 110.382735217156608, -7.238855123465157, 0.0 ], [ 110.382719037453683, -7.238854170183743, 0.0 ], [ 110.382719318042177, -7.23881175635745, 0.0 ], [ 110.382716000443111, -7.238813999266597, 0.0 ], [ 110.382476000167344, -7.238778998551879, 0.0 ], [ 110.382464143505501, -7.238773370594515, 0.0 ], [ 110.382442066947874, -7.238771365106345, 0.0 ], [ 110.382423030998154, -7.238693320140555, 0.0 ], [ 110.382491561136703, -7.238597188909068, 0.0 ], [ 110.382570569276425, -7.238528057124086, 0.0 ], [ 110.382629156510404, -7.238476792170161, 0.0 ], [ 110.382643846036729, -7.23846393816018, 0.0 ], [ 110.382693672075391, -7.238511744321499, 0.0 ], [ 110.382704894715175, -7.238516830886965, 0.0 ] ] ], [ [ [ 110.376805302522769, -7.238878703689181, 0.0 ], [ 110.376723925568797, -7.238854431886466, 0.0 ], [ 110.376678240008857, -7.238833017229922, 0.0 ], [ 110.376631125426172, -7.238795897712464, 0.0 ], [ 110.376588296113027, -7.238761633542481, 0.0 ], [ 110.37654974937152, -7.238733079168242, 0.0 ], [ 110.376518339649692, -7.238713091735747, 0.0 ], [ 110.376494069645673, -7.238698815897578, 0.0 ], [ 110.37645980547569, -7.238674544994183, 0.0 ], [ 110.376434107348246, -7.23865598568517, 0.0 ], [ 110.376399842278943, -7.238621719716548, 0.0 ], [ 110.376392703460567, -7.238586030121155, 0.0 ], [ 110.37640983644485, -7.238556047623433, 0.0 ], [ 110.376434107348246, -7.238531777619414, 0.0 ], [ 110.376452667556634, -7.238494657202637, 0.0 ], [ 110.376468370618852, -7.238467530951766, 0.0 ], [ 110.376495496869723, -7.238448971642697, 0.0 ], [ 110.376512628954742, -7.23844326184701, 0.0 ], [ 110.376524507200315, -7.23844326184701, 0.0 ], [ 110.376538327082187, -7.23844326184701, 0.0 ], [ 110.376566880557164, -7.238456109561753, 0.0 ], [ 110.376598289379615, -7.238476096994248, 0.0 ], [ 110.376625414731166, -7.238498941572857, 0.0 ], [ 110.376649685634561, -7.238531776720095, 0.0 ], [ 110.376671102089745, -7.238560331094334, 0.0 ], [ 110.376702510012876, -7.238583173874304, 0.0 ], [ 110.37671334774285, -7.238594924416191, 0.0 ], [ 110.376735999866582, -7.238635000005218, 0.0 ], [ 110.376739829179826, -7.238637054056767, 0.0 ], [ 110.376742485777186, -7.238675973117608, 0.0 ], [ 110.376761044186878, -7.238705953816691, 0.0 ], [ 110.376781032518693, -7.238727367573915, 0.0 ], [ 110.376806731545457, -7.23875163937663, 0.0 ], [ 110.376832840663099, -7.238758040750952, 0.0 ], [ 110.376829572526788, -7.238801607508151, 0.0 ], [ 110.376829572526788, -7.238845864944665, 0.0 ], [ 110.376816724812045, -7.238872992094855, 0.0 ], [ 110.376805302522769, -7.238878703689181, 0.0 ] ] ], [ [ [ 110.374913999481578, -7.237677999939706, 0.0 ], [ 110.374999999850161, -7.237725106428456, 0.0 ], [ 110.375218173579924, -7.237844616435837, 0.0 ], [ 110.375226695555625, -7.237846522998609, 0.0 ], [ 110.375240020810395, -7.237852232794239, 0.0 ], [ 110.375302839354617, -7.237894111523985, 0.0 ], [ 110.375329487166141, -7.237922664099642, 0.0 ], [ 110.375321874405017, -7.237943603914118, 0.0 ], [ 110.375232405351312, -7.238012130455388, 0.0 ], [ 110.375181009096366, -7.238046396424011, 0.0 ], [ 110.375129614640059, -7.238046396424011, 0.0 ], [ 110.37507060292603, -7.238097793578277, 0.0 ], [ 110.375026821230904, -7.238105405440081, 0.0 ], [ 110.374999999850161, -7.238096467078265, 0.0 ], [ 110.374969714280951, -7.238086371288944, 0.0 ], [ 110.374939256941218, -7.238048300288767, 0.0 ], [ 110.374891666617202, -7.237993095404988, 0.0 ], [ 110.374891261022924, -7.237989838959834, 0.0 ], [ 110.374851000173578, -7.237946000607394, 0.0 ], [ 110.37470999816793, -7.23788399864759, 0.0 ], [ 110.374621999505734, -7.237879998463086, 0.0 ], [ 110.374577000128511, -7.237881998555338, 0.0 ], [ 110.374510998883579, -7.237884999593007, 0.0 ], [ 110.374433999829307, -7.237925999685103, 0.0 ], [ 110.374353999737366, -7.237969999915492, 0.0 ], [ 110.374254000521773, -7.237951999085453, 0.0 ], [ 110.374245000106725, -7.237760999270677, 0.0 ], [ 110.374246549638599, -7.237714502522238, 0.0 ], [ 110.374158793793356, -7.237711368384907, 0.0 ], [ 110.374113107334097, -7.237701849960388, 0.0 ], [ 110.374086457723934, -7.237684717875368, 0.0 ], [ 110.374080444856702, -7.237665676529673, 0.0 ], [ 110.374072486755892, -7.237662110717793, 0.0 ], [ 110.374041999738552, -7.237673000608424, 0.0 ], [ 110.374016999484979, -7.237650998694562, 0.0 ], [ 110.373995999415911, -7.237579999916989, 0.0 ], [ 110.373999999600358, -7.237526998372232, 0.0 ], [ 110.374031999277406, -7.237469999340931, 0.0 ], [ 110.374085999968997, -7.237444999986735, 0.0 ], [ 110.374323999253249, -7.237481998995008, 0.0 ], [ 110.374697000266394, -7.237544998303008, 0.0 ], [ 110.374824999873908, -7.23761099954794, 0.0 ], [ 110.374913999481578, -7.237677999939706, 0.0 ] ] ], [ [ [ 110.383685573930165, -7.23814904054575, 0.0 ], [ 110.383728404142573, -7.23814904054575, 0.0 ], [ 110.38375695761755, -7.238144757974169, 0.0 ], [ 110.383788365540681, -7.238129053113255, 0.0 ], [ 110.383805499424341, -7.238103354086491, 0.0 ], [ 110.383825485957459, -7.238063381020197, 0.0 ], [ 110.383836908246792, -7.238037681993376, 0.0 ], [ 110.383839762694947, -7.238009129417719, 0.0 ], [ 110.383838335470841, -7.237962013935771, 0.0 ], [ 110.383831197551785, -7.237926323441002, 0.0 ], [ 110.383825485957459, -7.237900624414237, 0.0 ], [ 110.383819775262452, -7.237879210657013, 0.0 ], [ 110.383818347139083, -7.237850655383397, 0.0 ], [ 110.383838336370161, -7.237829240726853, 0.0 ], [ 110.383858322903336, -7.237827812603427, 0.0 ], [ 110.383891158949893, -7.237877782533587, 0.0 ], [ 110.383909719158282, -7.237929179687853, 0.0 ], [ 110.383918285200764, -7.237991996433436, 0.0 ], [ 110.383928279366671, -7.238054814977659, 0.0 ], [ 110.383932561938252, -7.238106208534646, 0.0 ], [ 110.383932561938252, -7.23817188332572, 0.0 ], [ 110.383932561938252, -7.238216141661553, 0.0 ], [ 110.383914003528503, -7.238246121461316, 0.0 ], [ 110.383868315270604, -7.238266109793074, 0.0 ], [ 110.383834051999941, -7.238274675835555, 0.0 ], [ 110.38380692574907, -7.238286098124888, 0.0 ], [ 110.383799787830014, -7.238338922503203, 0.0 ], [ 110.38380121595344, -7.238356053688904, 0.0 ], [ 110.383779801296839, -7.238361764383853, 0.0 ], [ 110.383715555528511, -7.238361764383853, 0.0 ], [ 110.383681291358585, -7.238361763484534, 0.0 ], [ 110.3836341767759, -7.238358909935698, 0.0 ], [ 110.383604196076874, -7.238351772016642, 0.0 ], [ 110.383607052323669, -7.238333211808254, 0.0 ], [ 110.383637032123374, -7.238316079723234, 0.0 ], [ 110.383654164208394, -7.238310369028284, 0.0 ], [ 110.383665585598351, -7.238287525348994, 0.0 ], [ 110.38366003678135, -7.238268222300576, 0.0 ], [ 110.383622755385886, -7.238247550484004, 0.0 ], [ 110.383577068926627, -7.238237555418777, 0.0 ], [ 110.383514253080364, -7.238216141661553, 0.0 ], [ 110.383485698706068, -7.238206147495646, 0.0 ], [ 110.383435730574547, -7.238194727005009, 0.0 ], [ 110.383415742242789, -7.238194727005009, 0.0 ], [ 110.383391473138033, -7.238190443534108, 0.0 ], [ 110.383367202234638, -7.238190443534108, 0.0 ], [ 110.383354352721256, -7.238190443534108, 0.0 ], [ 110.38333008181786, -7.238190443534108, 0.0 ], [ 110.383308668060636, -7.238190443534108, 0.0 ], [ 110.383265836948851, -7.238190443534108, 0.0 ], [ 110.383227289308024, -7.238190443534108, 0.0 ], [ 110.38320730187553, -7.238194727005009, 0.0 ], [ 110.383180175624659, -7.238210431865866, 0.0 ], [ 110.383173037705603, -7.238223280479986, 0.0 ], [ 110.383173037705603, -7.238246121461316, 0.0 ], [ 110.383214439794642, -7.238273248611506, 0.0 ], [ 110.383272975767284, -7.238273248611506, 0.0 ], [ 110.383322943898804, -7.238273248611506, 0.0 ], [ 110.383341504107193, -7.23827182048808, 0.0 ], [ 110.383372912030325, -7.238278957507816, 0.0 ], [ 110.383388616891239, -7.238300374862376, 0.0 ], [ 110.383405748976202, -7.23832178951892, 0.0 ], [ 110.383411460570528, -7.238333211808254, 0.0 ], [ 110.383414315018683, -7.238347487646365, 0.0 ], [ 110.383404320852776, -7.238363193406599, 0.0 ], [ 110.383364345987843, -7.238370329527015, 0.0 ], [ 110.383320089450649, -7.238370331325712, 0.0 ], [ 110.38328011368634, -7.238378897368193, 0.0 ], [ 110.383242995068201, -7.238396028553836, 0.0 ], [ 110.383215867918011, -7.238410306190644, 0.0 ], [ 110.383191597913992, -7.238424582028813, 0.0 ], [ 110.383168755134022, -7.23844028688967, 0.0 ], [ 110.383148766802208, -7.238460274322165, 0.0 ], [ 110.383120214226551, -7.238487401472355, 0.0 ], [ 110.383107363813849, -7.238497395638262, 0.0 ], [ 110.383075955890718, -7.238508816128899, 0.0 ], [ 110.38302027706419, -7.238406023619063, 0.0 ], [ 110.383010281998963, -7.238363193406599, 0.0 ], [ 110.383143237770241, -7.238274641661349, 0.0 ], [ 110.383093096968935, -7.238235857498751, 0.0 ], [ 110.383058823805754, -7.238240411665629, 0.0 ], [ 110.38303883547394, -7.238200437700016, 0.0 ], [ 110.382706187040981, -7.238491684043936, 0.0 ], [ 110.382699049121868, -7.238500250086418, 0.0 ], [ 110.382647652866922, -7.238447425708102, 0.0 ], [ 110.382626237311058, -7.238453135503732, 0.0 ], [ 110.38258340799797, -7.238403166472892, 0.0 ], [ 110.38251630688211, -7.23844028599035, 0.0 ], [ 110.382489180631239, -7.238397455777942, 0.0 ], [ 110.382426361187697, -7.238444569461251, 0.0 ], [ 110.382360689993902, -7.238473123835547, 0.0 ], [ 110.382320715128969, -7.238488827797141, 0.0 ], [ 110.382300727696474, -7.238484544326241, 0.0 ], [ 110.382286450059667, -7.23846741314054, 0.0 ], [ 110.382346414155734, -7.238423154804707, 0.0 ], [ 110.382354978399576, -7.238373186673186, 0.0 ], [ 110.382354978399576, -7.238341777850735, 0.0 ], [ 110.38234784048052, -7.238313223476439, 0.0 ], [ 110.382306439290801, -7.238268966039925, 0.0 ], [ 110.382292161653993, -7.238251833055585, 0.0 ], [ 110.382293906338759, -7.238248720501986, 0.0 ], [ 110.382277883117865, -7.238234701869942, 0.0 ], [ 110.382267890750597, -7.238214713538127, 0.0 ], [ 110.382272174221498, -7.238180449368201, 0.0 ], [ 110.382299300472425, -7.2381261986651, 0.0 ], [ 110.382317858882118, -7.238056242201765, 0.0 ], [ 110.382342129785513, -7.238004845946818, 0.0 ], [ 110.382377822078865, -7.237946310873497, 0.0 ], [ 110.382419223268585, -7.237873499962006, 0.0 ], [ 110.382449205766306, -7.237823530931166, 0.0 ], [ 110.38252059035301, -7.23772644911628, 0.0 ], [ 110.382596771024225, -7.237635820836431, 0.0 ], [ 110.382626237311058, -7.237596528556878, 0.0 ], [ 110.38265621890946, -7.237562267084911, 0.0 ], [ 110.382689054955961, -7.237516579726332, 0.0 ], [ 110.382690483079386, -7.237496592293837, 0.0 ], [ 110.382690483079386, -7.23746375534796, 0.0 ], [ 110.38270761516435, -7.237445196938268, 0.0 ], [ 110.382733313291851, -7.237439485343941, 0.0 ], [ 110.382773288156784, -7.237432346525509, 0.0 ], [ 110.382794703712648, -7.237423780483027, 0.0 ], [ 110.38282468531105, -7.237416643463291, 0.0 ], [ 110.382858948581656, -7.237412359992391, 0.0 ], [ 110.382880364137577, -7.237409504644859, 0.0 ], [ 110.382900351570015, -7.237409504644859, 0.0 ], [ 110.382930332269098, -7.23741807068734, 0.0 ], [ 110.382964597338344, -7.237436630895729, 0.0 ], [ 110.38298886554378, -7.237448049587783, 0.0 ], [ 110.383051685886642, -7.237460900000485, 0.0 ], [ 110.383107363813849, -7.237465182572066, 0.0 ], [ 110.383147339578102, -7.237475176737973, 0.0 ], [ 110.38318445909556, -7.237483742780455, 0.0 ], [ 110.383203019303949, -7.237490881598887, 0.0 ], [ 110.383218724164863, -7.237502303888164, 0.0 ], [ 110.383235856249826, -7.237523719444027, 0.0 ], [ 110.383247276740462, -7.237555126467839, 0.0 ], [ 110.383252987435469, -7.237573686676228, 0.0 ], [ 110.383260126253901, -7.237585108066241, 0.0 ], [ 110.383278685562971, -7.237606523622105, 0.0 ], [ 110.383311521609471, -7.23762651195392, 0.0 ], [ 110.383338648759718, -7.237642216814834, 0.0 ], [ 110.38337005668285, -7.237657921675691, 0.0 ], [ 110.383411460570528, -7.237670768491114, 0.0 ], [ 110.383460000578623, -7.237675052861334, 0.0 ], [ 110.383501403566981, -7.237682192579086, 0.0 ], [ 110.383528529817852, -7.237685047027242, 0.0 ], [ 110.383554227945297, -7.237687901475454, 0.0 ], [ 110.383584209543699, -7.237706460784466, 0.0 ], [ 110.383607052323669, -7.237737870506294, 0.0 ], [ 110.383632749551793, -7.237770706552794, 0.0 ], [ 110.383651308860863, -7.237824956356576, 0.0 ], [ 110.38366130212745, -7.237880637881062, 0.0 ], [ 110.383662731150196, -7.237946310873497, 0.0 ], [ 110.383641315594275, -7.238009129417719, 0.0 ], [ 110.383619900937731, -7.23805338685429, 0.0 ], [ 110.383585635868485, -7.238083367553315, 0.0 ], [ 110.383584209543699, -7.238101926862385, 0.0 ], [ 110.383597058157761, -7.238129053113255, 0.0 ], [ 110.383618472814305, -7.238140475402588, 0.0 ], [ 110.383649882536133, -7.238146745475888, 0.0 ], [ 110.383685573930165, -7.23814904054575, 0.0 ] ] ], [ [ [ 110.38142700035587, -7.237107000587571, 0.0 ], [ 110.381601000285968, -7.237227000725454, 0.0 ], [ 110.38165500007824, -7.237244999756911, 0.0 ], [ 110.381740000400782, -7.237277998580737, 0.0 ], [ 110.381814999362803, -7.237290000033454, 0.0 ], [ 110.381860999685443, -7.237290000033454, 0.0 ], [ 110.381931999362337, -7.237305000725144, 0.0 ], [ 110.381996999661851, -7.23733799954897, 0.0 ], [ 110.382081999984393, -7.237370997473533, 0.0 ], [ 110.38229900009884, -7.2375070001479, 0.0 ], [ 110.382306999568414, -7.2375249991793, 0.0 ], [ 110.382329999729791, -7.237531999502153, 0.0 ], [ 110.382366999637384, -7.237530998556679, 0.0 ], [ 110.382388999752607, -7.237520998994853, 0.0 ], [ 110.382392999937053, -7.237503000862773, 0.0 ], [ 110.382392999937053, -7.23748399998658, 0.0 ], [ 110.382439000259694, -7.237463999963609, 0.0 ], [ 110.382548999936432, -7.23744700007893, 0.0 ], [ 110.382578999521286, -7.237447998326388, 0.0 ], [ 110.382622999751675, -7.237461000724579, 0.0 ], [ 110.382644999866898, -7.237480999848231, 0.0 ], [ 110.382644999866898, -7.23750999938693, 0.0 ], [ 110.382630000074528, -7.237543000009396, 0.0 ], [ 110.38239999936053, -7.237809999731667, 0.0 ], [ 110.382119999938084, -7.23830099989118, 0.0 ], [ 110.382078000699209, -7.238296999706733, 0.0 ], [ 110.381998140002224, -7.238358912633657, 0.0 ], [ 110.381935322357322, -7.238400790464084, 0.0 ], [ 110.381880119272125, -7.238427440973567, 0.0 ], [ 110.381830625982673, -7.238459801278736, 0.0 ], [ 110.38174115872755, -7.238486450888956, 0.0 ], [ 110.381663111963121, -7.238511198433002, 0.0 ], [ 110.381577450638872, -7.238505486838676, 0.0 ], [ 110.381545091233022, -7.238484548822839, 0.0 ], [ 110.381539380538015, -7.238429345737643, 0.0 ], [ 110.381604101148412, -7.238362719463908, 0.0 ], [ 110.381676361674806, -7.238328897760368, 0.0 ], [ 110.381739254862794, -7.238286577463555, 0.0 ], [ 110.381809687067459, -7.238271348344028, 0.0 ], [ 110.381834433712186, -7.238238987139482, 0.0 ], [ 110.381839999616375, -7.238179999707199, 0.0 ], [ 110.381855999454899, -7.238152999361375, 0.0 ], [ 110.381855999454899, -7.238106999938054, 0.0 ], [ 110.381810000031521, -7.238028999938365, 0.0 ], [ 110.381651998141251, -7.237858000146559, 0.0 ], [ 110.381560000193929, -7.2377719988786, 0.0 ], [ 110.381567999663503, -7.237717999985648, 0.0 ], [ 110.381329000333153, -7.237645997564698, 0.0 ], [ 110.381325000148706, -7.237676999893608, 0.0 ], [ 110.381200998927, -7.237616998925319, 0.0 ], [ 110.381151000218551, -7.237612999640191, 0.0 ], [ 110.381093000241833, -7.237646998510115, 0.0 ], [ 110.381065999896066, -7.237715999893453, 0.0 ], [ 110.380952999181602, -7.237665997587669, 0.0 ], [ 110.380908000703755, -7.237646998510115, 0.0 ], [ 110.380844999597116, -7.237599999940016, 0.0 ], [ 110.380781000243019, -7.237555999709571, 0.0 ], [ 110.380704000289427, -7.237510999433027, 0.0 ], [ 110.380566000220767, -7.237447998326388, 0.0 ], [ 110.380462999967563, -7.237401000655609, 0.0 ], [ 110.380372000267641, -7.237365000794114, 0.0 ], [ 110.380328000037252, -7.237350999249145, 0.0 ], [ 110.380244999806962, -7.237348000010172, 0.0 ], [ 110.380150999968748, -7.237331998372952, 0.0 ], [ 110.380099735014824, -7.237212689813759, 0.0 ], [ 110.380106569862392, -7.237030313598041, 0.0 ], [ 110.380152998262304, -7.237034999965203, 0.0 ], [ 110.380304461181993, -7.237025920409849, 0.0 ], [ 110.380469999391039, -7.237015999988387, 0.0 ], [ 110.380621000059193, -7.236975999043068, 0.0 ], [ 110.380908999850533, -7.236827999412583, 0.0 ], [ 110.381001000495814, -7.236799999920038, 0.0 ], [ 110.381200000679542, -7.23675400049666, 0.0 ], [ 110.381222999941542, -7.236746998375224, 0.0 ], [ 110.381261998142747, -7.236751999505145, 0.0 ], [ 110.38129199952624, -7.23676799934367, 0.0 ], [ 110.381294663318101, -7.236814609406679, 0.0 ], [ 110.381295999710687, -7.236837999873728, 0.0 ], [ 110.381298999849037, -7.236902997475283, 0.0 ], [ 110.381313000494629, -7.236954999873319, 0.0 ], [ 110.38142700035587, -7.237107000587571, 0.0 ] ] ], [ [ [ 110.375089825934765, -7.236829522864127, 0.0 ], [ 110.375383000425188, -7.236742999989417, 0.0 ], [ 110.375531755486179, -7.236658149853668, 0.0 ], [ 110.375660000608605, -7.236584999897786, 0.0 ], [ 110.375865000169711, -7.236600000589533, 0.0 ], [ 110.376021000169089, -7.236639998836836, 0.0 ], [ 110.376064522859508, -7.236705613373317, 0.0 ], [ 110.37615299996105, -7.236838999919883, 0.0 ], [ 110.376229999914642, -7.236869998651457, 0.0 ], [ 110.376293999268739, -7.236847998536234, 0.0 ], [ 110.376423999867768, -7.236910000496096, 0.0 ], [ 110.376094999085012, -7.237664998440891, 0.0 ], [ 110.375944999362275, -7.237624999294212, 0.0 ], [ 110.375923000146429, -7.237582999156018, 0.0 ], [ 110.375855999754663, -7.237554998764153, 0.0 ], [ 110.375784000031615, -7.237546999294523, 0.0 ], [ 110.375717000539225, -7.237554998764153, 0.0 ], [ 110.375538000378469, -7.237634999755414, 0.0 ], [ 110.375327000540722, -7.237654000631551, 0.0 ], [ 110.375258000056704, -7.237613999686289, 0.0 ], [ 110.375234999895383, -7.237574999686444, 0.0 ], [ 110.375274999941382, -7.237522999986425, 0.0 ], [ 110.375291999826004, -7.23747299857996, 0.0 ], [ 110.375282999410956, -7.237433999479435, 0.0 ], [ 110.37524199931886, -7.237408000079085, 0.0 ], [ 110.375167000356839, -7.237390999295144, 0.0 ], [ 110.374999999850161, -7.237377147037648, 0.0 ], [ 110.374949999343073, -7.237372999364368, 0.0 ], [ 110.374898999689151, -7.237361999756445, 0.0 ], [ 110.374835000335054, -7.237348000010172, 0.0 ], [ 110.374784999827966, -7.237350000102367, 0.0 ], [ 110.374748999966414, -7.237360998811027, 0.0 ], [ 110.374734999320822, -7.237402999848541, 0.0 ], [ 110.374558000151637, -7.237312998396135, 0.0 ], [ 110.374055998585504, -7.237105998742777, 0.0 ], [ 110.374127000061037, -7.236969000518911, 0.0 ], [ 110.37434400017554, -7.236945999458271, 0.0 ], [ 110.374480000151948, -7.236850999573903, 0.0 ], [ 110.374540180085319, -7.236841330063271, 0.0 ], [ 110.374528086002442, -7.23677481260745, 0.0 ], [ 110.374547121952162, -7.236744354368398, 0.0 ], [ 110.374739381717177, -7.236694861978265, 0.0 ], [ 110.374832657601132, -7.236656791877408, 0.0 ], [ 110.374977327941394, -7.236630141367868, 0.0 ], [ 110.374999999850161, -7.236625451403427, 0.0 ], [ 110.375032531026534, -7.236618719977912, 0.0 ], [ 110.375131517605496, -7.236569228487042, 0.0 ], [ 110.375175299300679, -7.236590164704296, 0.0 ], [ 110.375226696454945, -7.236609201553335, 0.0 ], [ 110.375243827640588, -7.236654888012652, 0.0 ], [ 110.375207659605849, -7.236668212368045, 0.0 ], [ 110.375144841960946, -7.236685343553688, 0.0 ], [ 110.375118192350783, -7.236704379503465, 0.0 ], [ 110.37509344660532, -7.236755775758411, 0.0 ], [ 110.37510677096077, -7.236776716472264, 0.0 ], [ 110.375102964130576, -7.236805269947183, 0.0 ], [ 110.375089825934765, -7.236829522864127, 0.0 ] ] ], [ [ [ 110.384672999859106, -7.238064998900541, 0.0 ], [ 110.38464000013596, -7.238219000606364, 0.0 ], [ 110.384631999767009, -7.238301999937278, 0.0 ], [ 110.384646999559436, -7.238408999475723, 0.0 ], [ 110.38466599953631, -7.238515999913432, 0.0 ], [ 110.384690999789882, -7.238586999590325, 0.0 ], [ 110.38470000020493, -7.238662998598443, 0.0 ], [ 110.384669000573979, -7.238703999589859, 0.0 ], [ 110.384620000112989, -7.238726000604402, 0.0 ], [ 110.384547000343844, -7.238753000050849, 0.0 ], [ 110.38450500020565, -7.238742999589704, 0.0 ], [ 110.38436700013699, -7.23864099848322, 0.0 ], [ 110.384344998223128, -7.238594999959219, 0.0 ], [ 110.384331000275495, -7.238501000121005, 0.0 ], [ 110.384236999537961, -7.238258998853667, 0.0 ], [ 110.384224999883884, -7.238200999776268, 0.0 ], [ 110.384229000068387, -7.238146999084677, 0.0 ], [ 110.384249000091359, -7.238121000583646, 0.0 ], [ 110.384299000598446, -7.238111000122501, 0.0 ], [ 110.384322999906601, -7.238096998577589, 0.0 ], [ 110.384328999283923, -7.238062999707608, 0.0 ], [ 110.384304999975825, -7.237816998255823, 0.0 ], [ 110.384311000252524, -7.237766998647999, 0.0 ], [ 110.384389000252213, -7.237621000009085, 0.0 ], [ 110.384385768088805, -7.237583829230289, 0.0 ], [ 110.384392964463814, -7.237583276147234, 0.0 ], [ 110.384427466054774, -7.237570190112137, 0.0 ], [ 110.384461968545054, -7.237553534667825, 0.0 ], [ 110.384503608954446, -7.237549963460026, 0.0 ], [ 110.384541679954623, -7.237567811405313, 0.0 ], [ 110.384569043626527, -7.237583276147234, 0.0 ], [ 110.384601166510663, -7.237597553784042, 0.0 ], [ 110.384683258425696, -7.237347708629784, 0.0 ], [ 110.384687668701019, -7.237343299253837, 0.0 ], [ 110.384398911680478, -7.237250152872207, 0.0 ], [ 110.384414379120358, -7.237175197976967, 0.0 ], [ 110.38445007141371, -7.237081210729229, 0.0 ], [ 110.384489332216958, -7.237000309516645, 0.0 ], [ 110.384530973525671, -7.236901559459341, 0.0 ], [ 110.384560715904399, -7.236836126585899, 0.0 ], [ 110.384598786904576, -7.236779018736684, 0.0 ], [ 110.384617821954976, -7.236744517145723, 0.0 ], [ 110.384630909788712, -7.236696926821651, 0.0 ], [ 110.384657084556864, -7.23660650808381, 0.0 ], [ 110.384660621590456, -7.23659058558701, 0.0 ], [ 110.38467612050664, -7.236574386098994, 0.0 ], [ 110.384699913870008, -7.236568437083633, 0.0 ], [ 110.384730846951072, -7.236574384300354, 0.0 ], [ 110.384740365375649, -7.236611265497459, 0.0 ], [ 110.384733227456536, -7.236657666018402, 0.0 ], [ 110.384707052688384, -7.236714772968355, 0.0 ], [ 110.384690397244071, -7.236750465261707, 0.0 ], [ 110.384667790985816, -7.236784968651364, 0.0 ], [ 110.384649944839168, -7.236820660045396, 0.0 ], [ 110.384638047707824, -7.236852781130892, 0.0 ], [ 110.384642806920056, -7.236888472524925, 0.0 ], [ 110.384666602082063, -7.236932492540461, 0.0 ], [ 110.38469515465772, -7.236962238516469, 0.0 ], [ 110.384721329425872, -7.236981273566869, 0.0 ], [ 110.384766539244424, -7.236988411485981, 0.0 ], [ 110.384814129568497, -7.236991981794461, 0.0 ], [ 110.384833163719577, -7.237007446536381, 0.0 ], [ 110.384834354421969, -7.237039569420517, 0.0 ], [ 110.384798662128617, -7.237109763304886, 0.0 ], [ 110.384784385391129, -7.237147836103702, 0.0 ], [ 110.384780815981912, -7.23720613195735, 0.0 ], [ 110.384790334406489, -7.237254910285856, 0.0 ], [ 110.384796281623153, -7.2372858424676, 0.0 ], [ 110.384800491349665, -7.237307588974033, 0.0 ], [ 110.38489978819473, -7.237342302804961, 0.0 ], [ 110.384672999859106, -7.238064998900541, 0.0 ] ] ], [ [ [ 110.372619283053552, -7.236168525656865, 0.0 ], [ 110.372714461003625, -7.236168525656865, 0.0 ], [ 110.372754912509265, -7.236316052243978, 0.0 ], [ 110.372783465084922, -7.236437404962203, 0.0 ], [ 110.372797639299677, -7.23648559693271, 0.0 ], [ 110.372831055408938, -7.236599207387485, 0.0 ], [ 110.372816584417876, -7.236634727010994, 0.0 ], [ 110.372804880640786, -7.236663454954453, 0.0 ], [ 110.372676390003448, -7.23682049726807, 0.0 ], [ 110.372516965385728, -7.23705606478552, 0.0 ], [ 110.37240751159743, -7.237163141665633, 0.0 ], [ 110.372300434717374, -7.237210729291689, 0.0 ], [ 110.372297272701019, -7.237209841660842, 0.0 ], [ 110.372295675505086, -7.237210729291689, 0.0 ], [ 110.372152908130261, -7.237213108897834, 0.0 ], [ 110.37209342157422, -7.237203591372577, 0.0 ], [ 110.372045831250148, -7.237201212665809, 0.0 ], [ 110.372007761149291, -7.237213108897834, 0.0 ], [ 110.371964930037564, -7.237232145746873, 0.0 ], [ 110.371931618249619, -7.237241661473433, 0.0 ], [ 110.371900684269235, -7.237210729291689, 0.0 ], [ 110.371888788037211, -7.237184554523537, 0.0 ], [ 110.371862613269059, -7.237158381554025, 0.0 ], [ 110.37181740345045, -7.237151244534289, 0.0 ], [ 110.371743641056241, -7.237167899978544, 0.0 ], [ 110.371724605106522, -7.237165519473081, 0.0 ], [ 110.3717340362968, -7.237104218085165, 0.0 ], [ 110.371734122631722, -7.237103655109536, 0.0 ], [ 110.371719845894233, -7.237079858148888, 0.0 ], [ 110.371677014782449, -7.23707510073524, 0.0 ], [ 110.371674122562752, -7.23708030691057, 0.0 ], [ 110.371653221419081, -7.237117931847024, 0.0 ], [ 110.371636565075505, -7.237153621442417, 0.0 ], [ 110.371617530025048, -7.237175037897657, 0.0 ], [ 110.371610391206673, -7.237198832160345, 0.0 ], [ 110.371610389408033, -7.237215488503921, 0.0 ], [ 110.371667498156569, -7.237239282766666, 0.0 ], [ 110.37179836840005, -7.237239282766666, 0.0 ], [ 110.371843578218602, -7.237239282766666, 0.0 ], [ 110.371843578218602, -7.237298768423386, 0.0 ], [ 110.371810265531394, -7.237327322797682, 0.0 ], [ 110.371743641056241, -7.237348737454226, 0.0 ], [ 110.371665119449744, -7.237374912222378, 0.0 ], [ 110.371598494075329, -7.237377292727842, 0.0 ], [ 110.371558042569688, -7.237353496666515, 0.0 ], [ 110.371550904650576, -7.237289251797506, 0.0 ], [ 110.371565180488744, -7.237210729291689, 0.0 ], [ 110.371581836832377, -7.237158381554025, 0.0 ], [ 110.371603251488921, -7.23710603291704, 0.0 ], [ 110.371586596943928, -7.237048926866407, 0.0 ], [ 110.371572319307177, -7.236989439411047, 0.0 ], [ 110.371572319307177, -7.236960863453021, 0.0 ], [ 110.371568999909471, -7.236955999020097, 0.0 ], [ 110.371586000693412, -7.236785000127611, 0.0 ], [ 110.371630998271996, -7.236695000473844, 0.0 ], [ 110.371694000277955, -7.236641999828407, 0.0 ], [ 110.371740000600596, -7.236577998675671, 0.0 ], [ 110.371820999839315, -7.236497999483049, 0.0 ], [ 110.371873553521766, -7.236465152644655, 0.0 ], [ 110.371912583199219, -7.236513546962556, 0.0 ], [ 110.371964930936883, -7.236544481842316, 0.0 ], [ 110.372017278674548, -7.236482615680131, 0.0 ], [ 110.37208390404902, -7.236411230194051, 0.0 ], [ 110.372169564473893, -7.236354122344835, 0.0 ], [ 110.372221913110877, -7.236354123244155, 0.0 ], [ 110.372300434717374, -7.236354122344835, 0.0 ], [ 110.372402751485879, -7.236332709486931, 0.0 ], [ 110.372488411910751, -7.236327948476003, 0.0 ], [ 110.372509826567295, -7.236304155112634, 0.0 ], [ 110.372517615595541, -7.236248081483723, 0.0 ], [ 110.37252172279932, -7.236218495587082, 0.0 ], [ 110.372536001335448, -7.236163766444633, 0.0 ], [ 110.372619283053552, -7.236168525656865, 0.0 ] ] ], [ [ [ 110.37962542087655, -7.236490202360926, 0.0 ], [ 110.379636129104142, -7.236522325245062, 0.0 ], [ 110.379611144139062, -7.236565155457527, 0.0 ], [ 110.379571883335814, -7.236575862785799, 0.0 ], [ 110.37955046777995, -7.236550880518678, 0.0 ], [ 110.379518344895757, -7.236497342078621, 0.0 ], [ 110.379479084092509, -7.23646521649647, 0.0 ], [ 110.37941483832418, -7.236454510966837, 0.0 ], [ 110.379345353105634, -7.236499983387489, 0.0 ], [ 110.379364998795722, -7.236522999736621, 0.0 ], [ 110.37938900080178, -7.236589000082233, 0.0 ], [ 110.379398999464343, -7.236637999643904, 0.0 ], [ 110.379472000132751, -7.236706999228602, 0.0 ], [ 110.379533000247818, -7.236760999920136, 0.0 ], [ 110.379596183916817, -7.236796758763376, 0.0 ], [ 110.37961908425342, -7.236936670790669, 0.0 ], [ 110.379757093315277, -7.236984259316046, 0.0 ], [ 110.379809441052942, -7.237041368064638, 0.0 ], [ 110.379847512053118, -7.237207930601471, 0.0 ], [ 110.379876066427357, -7.237288832713432, 0.0 ], [ 110.380051000753156, -7.237342999779571, 0.0 ], [ 110.380098000222574, -7.237401000655609, 0.0 ], [ 110.380213998377371, -7.237477999709881, 0.0 ], [ 110.380330000129447, -7.237508998441456, 0.0 ], [ 110.380418999737117, -7.237541999963298, 0.0 ], [ 110.380477000613155, -7.237585999294367, 0.0 ], [ 110.38064800040496, -7.237709999616754, 0.0 ], [ 110.380610516662102, -7.237757263486856, 0.0 ], [ 110.380578394677229, -7.237789389069007, 0.0 ], [ 110.380528426545709, -7.237832218382152, 0.0 ], [ 110.38048916664178, -7.237889324432729, 0.0 ], [ 110.380442765221517, -7.237910740887912, 0.0 ], [ 110.380410642337324, -7.237885756822152, 0.0 ], [ 110.380360674205804, -7.237835788690631, 0.0 ], [ 110.380292859927579, -7.237771542022983, 0.0 ], [ 110.380214338321139, -7.237685881598111, 0.0 ], [ 110.380114400259401, -7.237596652663342, 0.0 ], [ 110.380060861819402, -7.237589514744286, 0.0 ], [ 110.380043016572017, -7.237600222072558, 0.0 ], [ 110.380032309243745, -7.237628775547535, 0.0 ], [ 110.380053723900289, -7.237685881598111, 0.0 ], [ 110.380117968769298, -7.237764404103928, 0.0 ], [ 110.380171506310035, -7.237810805524191, 0.0 ], [ 110.38020362919417, -7.237860773655711, 0.0 ], [ 110.380242889997419, -7.237971417247081, 0.0 ], [ 110.380285721109203, -7.238057079470593, 0.0 ], [ 110.380367813024236, -7.238092769965306, 0.0 ], [ 110.38041421174654, -7.23811061701133, 0.0 ], [ 110.380467750186597, -7.238157014834314, 0.0 ], [ 110.380510580399005, -7.238214123582907, 0.0 ], [ 110.380564118839061, -7.238296212799924, 0.0 ], [ 110.380660486592262, -7.238335475401811, 0.0 ], [ 110.380724732360591, -7.238296213699243, 0.0 ], [ 110.380771131982215, -7.238264091714427, 0.0 ], [ 110.380792545739439, -7.238217692092746, 0.0 ], [ 110.380810392785463, -7.238149876915259, 0.0 ], [ 110.380853222997928, -7.238071355308762, 0.0 ], [ 110.38091389845772, -7.23803566301541, 0.0 ], [ 110.381067374060137, -7.23803566211609, 0.0 ], [ 110.381127880447366, -7.238059865570278, 0.0 ], [ 110.381214999572649, -7.238408999475723, 0.0 ], [ 110.381237999733969, -7.238547998691161, 0.0 ], [ 110.381279999872163, -7.238613999936092, 0.0 ], [ 110.381381000033173, -7.23865700012044, 0.0 ], [ 110.381406458941001, -7.238665145280208, 0.0 ], [ 110.381491802804533, -7.238692455892078, 0.0 ], [ 110.381549215523933, -7.238753071097278, 0.0 ], [ 110.381595615145557, -7.238778053364399, 0.0 ], [ 110.381638444458702, -7.238806608638015, 0.0 ], [ 110.381688413489542, -7.23882445298608, 0.0 ], [ 110.381691982898758, -7.238853006461056, 0.0 ], [ 110.381642013867918, -7.23884943795116, 0.0 ], [ 110.381520661149636, -7.238856575870216, 0.0 ], [ 110.381442140442516, -7.238885131143832, 0.0 ], [ 110.381374323466332, -7.238935098376032, 0.0 ], [ 110.381295801859835, -7.238988637715408, 0.0 ], [ 110.381238695809202, -7.238995776533841, 0.0 ], [ 110.38115303448501, -7.239045744665361, 0.0 ], [ 110.381145896565954, -7.239142112418506, 0.0 ], [ 110.381156603894226, -7.239202789676938, 0.0 ], [ 110.381181587959986, -7.239256324519715, 0.0 ], [ 110.381267249284178, -7.239349126460979, 0.0 ], [ 110.381370754956436, -7.239413370430668, 0.0 ], [ 110.381445708053036, -7.239388385465588, 0.0 ], [ 110.38144213864382, -7.239349126460979, 0.0 ], [ 110.381406445451148, -7.239288448303228, 0.0 ], [ 110.38133863297162, -7.239206356388195, 0.0 ], [ 110.381295801859835, -7.239152819746778, 0.0 ], [ 110.381292234249258, -7.239113558943529, 0.0 ], [ 110.381317217415699, -7.239102851615257, 0.0 ], [ 110.381363617936699, -7.239124266271801, 0.0 ], [ 110.381427861906388, -7.239177804711858, 0.0 ], [ 110.381506385311468, -7.239245618990083, 0.0 ], [ 110.381588477226501, -7.239274171565739, 0.0 ], [ 110.381645583277134, -7.239192080550026, 0.0 ], [ 110.381645582377757, -7.23913854300929, 0.0 ], [ 110.381656290605406, -7.239095713696202, 0.0 ], [ 110.381716966065198, -7.239095713696202, 0.0 ], [ 110.381788350651902, -7.239113558943529, 0.0 ], [ 110.381859735238663, -7.239131405090234, 0.0 ], [ 110.381909702470864, -7.239120696862642, 0.0 ], [ 110.381931118926047, -7.239067157523266, 0.0 ], [ 110.381918812603203, -7.239057929579758, 0.0 ], [ 110.381899550923606, -7.239049904929118, 0.0 ], [ 110.381874565958526, -7.239030870778038, 0.0 ], [ 110.381869806746238, -7.239015402438838, 0.0 ], [ 110.381873377054774, -7.239004695110566, 0.0 ], [ 110.38188646308987, -7.239002315504422, 0.0 ], [ 110.38190549903959, -7.239003505307494, 0.0 ], [ 110.381929294201655, -7.239009453423478, 0.0 ], [ 110.38196141708579, -7.239023731959605, 0.0 ], [ 110.381984021545406, -7.239038007797774, 0.0 ], [ 110.382003836308058, -7.239044612418866, 0.0 ], [ 110.382063812095339, -7.239051038974196, 0.0 ], [ 110.382072060677103, -7.239045147515526, 0.0 ], [ 110.382097044742864, -7.239018970948678, 0.0 ], [ 110.382108942773527, -7.238995178484629, 0.0 ], [ 110.382112512182744, -7.238965434307318, 0.0 ], [ 110.382101803955152, -7.238940449342238, 0.0 ], [ 110.38208157910168, -7.238926173504069, 0.0 ], [ 110.38205659503592, -7.238920224488709, 0.0 ], [ 110.382035180379319, -7.238908326458045, 0.0 ], [ 110.382010196313558, -7.238899999635237, 0.0 ], [ 110.382000677889039, -7.238895238624309, 0.0 ], [ 110.381992291710958, -7.238888491910302, 0.0 ], [ 110.381977387246707, -7.2388764976522, 0.0 ], [ 110.38195546717111, -7.238859547230277, 0.0 ], [ 110.381949519055127, -7.238848840801325, 0.0 ], [ 110.381949519055127, -7.238825045639317, 0.0 ], [ 110.381950974158201, -7.238814865313714, 0.0 ], [ 110.38195286902976, -7.238801584125781, 0.0 ], [ 110.381954278267415, -7.238791733851372, 0.0 ], [ 110.381966176298079, -7.238764368380828, 0.0 ], [ 110.38198045213619, -7.23875009164334, 0.0 ], [ 110.382015206436677, -7.238732891209906, 0.0 ], [ 110.382023033236464, -7.238731143827181, 0.0 ], [ 110.382055405232848, -7.238723918673884, 0.0 ], [ 110.38208295866167, -7.238726249716592, 0.0 ], [ 110.382123141270029, -7.238722966291789, 0.0 ], [ 110.382147161262537, -7.238723650675865, 0.0 ], [ 110.382253999822296, -7.238767998943956, 0.0 ], [ 110.382386999660355, -7.238812000073722, 0.0 ], [ 110.382475000121246, -7.238818999497198, 0.0 ], [ 110.38254599979814, -7.238831999197373, 0.0 ], [ 110.382594000212976, -7.238839000419489, 0.0 ], [ 110.382603676918222, -7.238843323460571, 0.0 ], [ 110.382657407813156, -7.238854788917308, 0.0 ], [ 110.382687150191884, -7.238864307341885, 0.0 ], [ 110.382724033187628, -7.238878584079373, 0.0 ], [ 110.382752586662605, -7.238896429326701, 0.0 ], [ 110.382785899349813, -7.238914275473405, 0.0 ], [ 110.382807314905733, -7.238928553110213, 0.0 ], [ 110.382828729562277, -7.238941640044629, 0.0 ], [ 110.382843007199085, -7.238949966867438, 0.0 ], [ 110.382858473739645, -7.238955916782061, 0.0 ], [ 110.382866801461773, -7.23896662411039, 0.0 ], [ 110.382867991264845, -7.238992797979222, 0.0 ], [ 110.382872749577814, -7.239020161651069, 0.0 ], [ 110.382883457805406, -7.23904157630767, 0.0 ], [ 110.38289535493675, -7.239068939979575, 0.0 ], [ 110.382901303952053, -7.239097493454494, 0.0 ], [ 110.382903683558197, -7.239128426535615, 0.0 ], [ 110.382903683558197, -7.239146273581639, 0.0 ], [ 110.382903683558197, -7.239160548520431, 0.0 ], [ 110.382908797103369, -7.239184073885838, 0.0 ], [ 110.38293999998109, -7.239186997581839, 0.0 ], [ 110.383001000096158, -7.239188999472674, 0.0 ], [ 110.383050915167644, -7.239212248746242, 0.0 ], [ 110.383114265211248, -7.239444895265649, 0.0 ], [ 110.3831499575046, -7.23947582744745, 0.0 ], [ 110.383192787717064, -7.239487724578794, 0.0 ], [ 110.383208254257568, -7.23950081241253, 0.0 ], [ 110.38320580900097, -7.239511843496757, 0.0 ], [ 110.383170182358072, -7.239524608473857, 0.0 ], [ 110.383111885605103, -7.239528176983754, 0.0 ], [ 110.383060726771191, -7.239528176983754, 0.0 ], [ 110.383036933407823, -7.239526986281362, 0.0 ], [ 110.383002419226329, -7.239522191995491, 0.0 ], [ 110.382883000050469, -7.239562000485876, 0.0 ], [ 110.382813000419674, -7.239573999240633, 0.0 ], [ 110.38271900058146, -7.239608999056031, 0.0 ], [ 110.382649000051345, -7.239625999839973, 0.0 ], [ 110.38254299965979, -7.239605999817002, 0.0 ], [ 110.382455999245053, -7.239575999332828, 0.0 ], [ 110.382367999683481, -7.239532000001759, 0.0 ], [ 110.382288000490917, -7.239499999425391, 0.0 ], [ 110.38226199929187, -7.239517999356167, 0.0 ], [ 110.38223900002987, -7.239549999932478, 0.0 ], [ 110.382217999960801, -7.239591000024575, 0.0 ], [ 110.382194999799481, -7.239632000116671, 0.0 ], [ 110.382191999661131, -7.239684999862789, 0.0 ], [ 110.382217999960801, -7.239763999908632, 0.0 ], [ 110.382268000467889, -7.2398139995164, 0.0 ], [ 110.382346999614413, -7.239871999493118, 0.0 ], [ 110.3824259996602, -7.239977999884729, 0.0 ], [ 110.382488000720741, -7.240070998777526, 0.0 ], [ 110.38253500019016, -7.240126998661992, 0.0 ], [ 110.382611000097654, -7.240190998915409, 0.0 ], [ 110.382671999313402, -7.240249999837602, 0.0 ], [ 110.382716000443111, -7.24030799981432, 0.0 ], [ 110.382768998390645, -7.240381998730186, 0.0 ], [ 110.382786000073907, -7.240454999398651, 0.0 ], [ 110.382780999843305, -7.240528000067115, 0.0 ], [ 110.38274499998181, -7.240586000043834, 0.0 ], [ 110.382687000005092, -7.240580999813233, 0.0 ], [ 110.382637000397324, -7.240550999329116, 0.0 ], [ 110.382586999890179, -7.240518999652068, 0.0 ], [ 110.382514000121091, -7.240469000044243, 0.0 ], [ 110.382489999913616, -7.240419999583253, 0.0 ], [ 110.382481999544723, -7.240351999145389, 0.0 ], [ 110.382476000167344, -7.240290999030321, 0.0 ], [ 110.382447000628645, -7.240252999975894, 0.0 ], [ 110.3823970001215, -7.240220998500206, 0.0 ], [ 110.382293999868239, -7.24018500043735, 0.0 ], [ 110.382122000030336, -7.240168999699506, 0.0 ], [ 110.382080999938239, -7.24013599907704, 0.0 ], [ 110.382045000076744, -7.240104999446146, 0.0 ], [ 110.382007000122996, -7.240081997486129, 0.0 ], [ 110.381952999431462, -7.240069999630748, 0.0 ], [ 110.381899999685288, -7.240081997486129, 0.0 ], [ 110.38185000007752, -7.240110998823468, 0.0 ], [ 110.381807999939326, -7.240140998408322, 0.0 ], [ 110.381785998924784, -7.240134000783485, 0.0 ], [ 110.381781999639657, -7.240107999584438, 0.0 ], [ 110.381814999362803, -7.240048999561623, 0.0 ], [ 110.38185300021587, -7.240018999976826, 0.0 ], [ 110.381895999500841, -7.239996998962283, 0.0 ], [ 110.381907000008084, -7.239970998662614, 0.0 ], [ 110.381896999546939, -7.239949998593488, 0.0 ], [ 110.381866999062822, -7.239938999884885, 0.0 ], [ 110.381827999962297, -7.239943000069331, 0.0 ], [ 110.381787999916298, -7.239938999884885, 0.0 ], [ 110.381730999985734, -7.239888998478477, 0.0 ], [ 110.381588999732628, -7.239730000139332, 0.0 ], [ 110.381558999248455, -7.239712997556751, 0.0 ], [ 110.381509000540007, -7.239701998848147, 0.0 ], [ 110.381474999871386, -7.23971599949374, 0.0 ], [ 110.381454999848415, -7.23974199889409, 0.0 ], [ 110.381406000286745, -7.23974199889409, 0.0 ], [ 110.381357999871852, -7.239721000623661, 0.0 ], [ 110.381305000125735, -7.239684000716011, 0.0 ], [ 110.381277000633133, -7.239682998871274, 0.0 ], [ 110.38123499959562, -7.239703999839662, 0.0 ], [ 110.381203999964669, -7.239746999124691, 0.0 ], [ 110.381188999272979, -7.239789998409663, 0.0 ], [ 110.381154000356901, -7.239796999631778, 0.0 ], [ 110.381115000357056, -7.23977599956271, 0.0 ], [ 110.381084999872883, -7.239747999170788, 0.0 ], [ 110.381072000172708, -7.239714998548322, 0.0 ], [ 110.381069000034358, -7.239661999701468, 0.0 ], [ 110.381089000057386, -7.239599999540303, 0.0 ], [ 110.38113100019558, -7.239496000140264, 0.0 ], [ 110.381132999388456, -7.23946599965609, 0.0 ], [ 110.381116999549931, -7.239436000071294, 0.0 ], [ 110.38108200063391, -7.239429000647817, 0.0 ], [ 110.381031000080668, -7.239409998872304, 0.0 ], [ 110.380997998558826, -7.239374999056906, 0.0 ], [ 110.380982999665775, -7.239338000048633, 0.0 ], [ 110.380961000449872, -7.239294999864285, 0.0 ], [ 110.380926999781252, -7.239265998526946, 0.0 ], [ 110.380843000404184, -7.239237999933721, 0.0 ], [ 110.380792999897096, -7.239241999218848, 0.0 ], [ 110.380747999620553, -7.239262999287917, 0.0 ], [ 110.38070800047393, -7.239315999034091, 0.0 ], [ 110.380668000427931, -7.239355999080033, 0.0 ], [ 110.380615999828592, -7.239379997488868, 0.0 ], [ 110.380572999644301, -7.239379997488868, 0.0 ], [ 110.380544000105601, -7.239349999702654, 0.0 ], [ 110.380459999829213, -7.239139000764226, 0.0 ], [ 110.380428999298942, -7.23908299998044, 0.0 ], [ 110.380392000290669, -7.239038998850674, 0.0 ], [ 110.380347998261584, -7.239023999058247, 0.0 ], [ 110.3802920001757, -7.239023999058247, 0.0 ], [ 110.380234000199039, -7.239008998366558, 0.0 ], [ 110.380189999968593, -7.238987000049974, 0.0 ], [ 110.380147999830399, -7.238955999519703, 0.0 ], [ 110.380124999669079, -7.238949999243005, 0.0 ], [ 110.38008200038405, -7.238953999427508, 0.0 ], [ 110.380048999761584, -7.238970997513491, 0.0 ], [ 110.380016000038438, -7.239006000026848, 0.0 ], [ 110.379987999646517, -7.239086000118789, 0.0 ], [ 110.379978000084691, -7.239171000441274, 0.0 ], [ 110.379969999715797, -7.239223000141294, 0.0 ], [ 110.379955999969468, -7.239256999011275, 0.0 ], [ 110.379926999531449, -7.239272999749119, 0.0 ], [ 110.379841000062186, -7.239326999541333, 0.0 ], [ 110.379816999854711, -7.239360997511994, 0.0 ], [ 110.379786000223817, -7.239397000071449, 0.0 ], [ 110.379749000316167, -7.2394279997024, 0.0 ], [ 110.379707000177973, -7.239443999540924, 0.0 ], [ 110.379673000408729, -7.23945099986372, 0.0 ], [ 110.379640999832361, -7.239444998687702, 0.0 ], [ 110.379616999624886, -7.239411000717041, 0.0 ], [ 110.379592000270634, -7.239387999656401, 0.0 ], [ 110.379567000017119, -7.239387999656401, 0.0 ], [ 110.379545999947993, -7.239398999264381, 0.0 ], [ 110.379538000478419, -7.239429000647817, 0.0 ], [ 110.379531000155566, -7.239679999632244, 0.0 ], [ 110.379521999740575, -7.239722998917216, 0.0 ], [ 110.379502999763702, -7.239742998940187, 0.0 ], [ 110.379478999556227, -7.239744999931759, 0.0 ], [ 110.379457000340381, -7.239730000139332, 0.0 ], [ 110.379426999856207, -7.239712997556751, 0.0 ], [ 110.379376000202285, -7.239710999263139, 0.0 ], [ 110.379319000271721, -7.239723999862633, 0.0 ], [ 110.379279000225722, -7.239752999401333, 0.0 ], [ 110.379244999557159, -7.239782998986186, 0.0 ], [ 110.379205000410479, -7.239806000046826, 0.0 ], [ 110.379155999949489, -7.239806000046826, 0.0 ], [ 110.379117999995742, -7.239788998363565, 0.0 ], [ 110.379085999419374, -7.239759000577351, 0.0 ], [ 110.379027000295878, -7.239723999862633, 0.0 ], [ 110.378782999835607, -7.239746999124691, 0.0 ], [ 110.378725999905043, -7.239740000600477, 0.0 ], [ 110.378678999536248, -7.239721000623661, 0.0 ], [ 110.378540999467589, -7.23965599942477, 0.0 ], [ 110.378467000551723, -7.239653999332575, 0.0 ], [ 110.378422999421957, -7.239680999678342, 0.0 ], [ 110.378345999468365, -7.239691998386945, 0.0 ], [ 110.37823500064485, -7.239679999632244, 0.0 ], [ 110.378159999884133, -7.239657998617702, 0.0 ], [ 110.378076000507065, -7.239611000047546, 0.0 ], [ 110.378001999792502, -7.239575999332828, 0.0 ], [ 110.377914000230987, -7.239549999932478, 0.0 ], [ 110.377800000369803, -7.23958899903306, 0.0 ], [ 110.377730999885785, -7.239595998456537, 0.0 ], [ 110.377679000185765, -7.239608999056031, 0.0 ], [ 110.377632999863124, -7.239601999632555, 0.0 ], [ 110.377607999609552, -7.239572000047701, 0.0 ], [ 110.37759399896396, -7.239529999909507, 0.0 ], [ 110.37760600041662, -7.239486000578438, 0.0 ], [ 110.377714000001163, -7.239370998872459, 0.0 ], [ 110.377734000024134, -7.239277999979663, 0.0 ], [ 110.377734000024134, -7.239248999541644, 0.0 ], [ 110.377723998663669, -7.239221000049042, 0.0 ], [ 110.377691000739162, -7.239196998942305, 0.0 ], [ 110.377650000647066, -7.2391810000031, 0.0 ], [ 110.377436999817746, -7.239085000072635, 0.0 ], [ 110.377417999840873, -7.239068997536151, 0.0 ], [ 110.377369000279202, -7.239052999496266, 0.0 ], [ 110.377314999587611, -7.239039999796091, 0.0 ], [ 110.377289999334039, -7.239014998643199, 0.0 ], [ 110.377280999818367, -7.238989997490364, 0.0 ], [ 110.377283999956717, -7.238963999888654, 0.0 ], [ 110.377311000302484, -7.238934998551315, 0.0 ], [ 110.377321999910407, -7.238875999427762, 0.0 ], [ 110.3773700003253, -7.238834998436403, 0.0 ], [ 110.377426000209823, -7.238794999289723, 0.0 ], [ 110.377459998180427, -7.238731999981781, 0.0 ], [ 110.377433999679397, -7.238635000005218, 0.0 ], [ 110.377374000509803, -7.238571998898578, 0.0 ], [ 110.377272999449417, -7.238537999129335, 0.0 ], [ 110.37714200060293, -7.238555999959374, 0.0 ], [ 110.377063999703864, -7.23857399989015, 0.0 ], [ 110.377025999750174, -7.23858899968252, 0.0 ], [ 110.37699600016532, -7.238621998506403, 0.0 ], [ 110.376974000050097, -7.238651999889839, 0.0 ], [ 110.376906469957703, -7.238655698801438, 0.0 ], [ 110.376893819194436, -7.238637424577462, 0.0 ], [ 110.376873079928771, -7.238598813084707, 0.0 ], [ 110.376873999935185, -7.238587999636422, 0.0 ], [ 110.37686100023501, -7.238536000835722, 0.0 ], [ 110.376837000027592, -7.238490999659859, 0.0 ], [ 110.376814999912369, -7.238453999752267, 0.0 ], [ 110.376809998782505, -7.238398999913841, 0.0 ], [ 110.376845000396486, -7.238332998668909, 0.0 ], [ 110.376903000373204, -7.238247000098909, 0.0 ], [ 110.376897000096562, -7.238219998853822, 0.0 ], [ 110.376846999589418, -7.238153999407473, 0.0 ], [ 110.376783000235321, -7.238106999938054, 0.0 ], [ 110.376748000419923, -7.238053997493921, 0.0 ], [ 110.376739000004932, -7.23800499973089, 0.0 ], [ 110.376774999866427, -7.237949999892521, 0.0 ], [ 110.376858999243495, -7.237911999938774, 0.0 ], [ 110.376964000488272, -7.237912999085609, 0.0 ], [ 110.377081000487863, -7.237988999892366, 0.0 ], [ 110.37720900009532, -7.238104999845802, 0.0 ], [ 110.377293000371708, -7.238207000052967, 0.0 ], [ 110.377420999979222, -7.238308997562115, 0.0 ], [ 110.377491000509337, -7.238349998553531, 0.0 ], [ 110.377651999839998, -7.2385369999825, 0.0 ], [ 110.377712999955065, -7.23861499998219, 0.0 ], [ 110.377763000462153, -7.238678999336287, 0.0 ], [ 110.377882000553939, -7.238763999658829, 0.0 ], [ 110.378021999815473, -7.238791000004596, 0.0 ], [ 110.378071541668362, -7.238800263921007, 0.0 ], [ 110.378104946086466, -7.238860146178752, 0.0 ], [ 110.378197743531075, -7.238853007360376, 0.0 ], [ 110.37829054277438, -7.238881561734615, 0.0 ], [ 110.378386911426901, -7.238902976391216, 0.0 ], [ 110.378417223975759, -7.238907111473964, 0.0 ], [ 110.37843275886479, -7.23891390675135, 0.0 ], [ 110.378478444424729, -7.238932466060419, 0.0 ], [ 110.378518418390343, -7.238953880716963, 0.0 ], [ 110.37857838248641, -7.238981006967833, 0.0 ], [ 110.37862406714703, -7.238998139952173, 0.0 ], [ 110.378671180830395, -7.239018125585972, 0.0 ], [ 110.378685456668563, -7.239028120651199, 0.0 ], [ 110.378689741038784, -7.239048108983013, 0.0 ], [ 110.378698307081265, -7.239085228500471, 0.0 ], [ 110.378704016876952, -7.239108069481802, 0.0 ], [ 110.378711155695328, -7.239133768508566, 0.0 ], [ 110.378711383223845, -7.239167032632395, 0.0 ], [ 110.378711155695328, -7.239192303581888, 0.0 ], [ 110.37867831964877, -7.239202296848475, 0.0 ], [ 110.378638343884518, -7.239190875458462, 0.0 ], [ 110.378594085548684, -7.239160893860117, 0.0 ], [ 110.37855553970644, -7.239159466636011, 0.0 ], [ 110.378534124150576, -7.239159466636011, 0.0 ], [ 110.378507164274254, -7.239165244780168, 0.0 ], [ 110.378504695635229, -7.239167096484266, 0.0 ], [ 110.37845115629591, -7.239234911661811, 0.0 ], [ 110.37843704233569, -7.239261125100768, 0.0 ], [ 110.37843704233569, -7.23927225511045, 0.0 ], [ 110.378435614212265, -7.239292241643568, 0.0 ], [ 110.37843704233569, -7.239313656300169, 0.0 ], [ 110.378455602544079, -7.239343637898514, 0.0 ], [ 110.378478070306755, -7.239356032354976, 0.0 ], [ 110.378497003733798, -7.239366479779164, 0.0 ], [ 110.378547444009371, -7.239377840015266, 0.0 ], [ 110.378572226627, -7.239387466358437, 0.0 ], [ 110.378622478944294, -7.239409802820091, 0.0 ], [ 110.378693861732415, -7.239427648067476, 0.0 ], [ 110.378797369203312, -7.2394740476891, 0.0 ], [ 110.378858043763785, -7.23947404678978, 0.0 ], [ 110.378891135217771, -7.239471288569064, 0.0 ], [ 110.378919595163268, -7.23944071881408, 0.0 ], [ 110.378960999950266, -7.239409309991629, 0.0 ], [ 110.378995263220872, -7.239383613662767, 0.0 ], [ 110.379026672043324, -7.239356486512577, 0.0 ], [ 110.379053762321348, -7.239342520940568, 0.0 ], [ 110.379069238754425, -7.239334542155348, 0.0 ], [ 110.379098935267734, -7.239319695247673, 0.0 ], [ 110.379135176147543, -7.239310800952637, 0.0 ], [ 110.379165156846568, -7.239309372829268, 0.0 ], [ 110.379196565669019, -7.239300807686107, 0.0 ], [ 110.379209414283082, -7.239289384497454, 0.0 ], [ 110.379223863690413, -7.239261719552644, 0.0 ], [ 110.379234223880417, -7.239244086545284, 0.0 ], [ 110.379275640358571, -7.239199219368459, 0.0 ], [ 110.37936487019266, -7.239117128352746, 0.0 ], [ 110.379429115960988, -7.239067157523266, 0.0 ], [ 110.379450642133463, -7.239040250706978, 0.0 ], [ 110.379453547843013, -7.239026693427093, 0.0 ], [ 110.379449263472793, -7.239008133218704, 0.0 ], [ 110.379427849715569, -7.239003850647123, 0.0 ], [ 110.379389302074685, -7.239002423423074, 0.0 ], [ 110.379366459294715, -7.23901384481303, 0.0 ], [ 110.379346472761597, -7.239033830446886, 0.0 ], [ 110.379326483530463, -7.239053819677963, 0.0 ], [ 110.379295944352407, -7.239066706063568, 0.0 ], [ 110.379275640358571, -7.239095712796882, 0.0 ], [ 110.379172133786994, -7.239181374121074, 0.0 ], [ 110.379068628114737, -7.239245618090763, 0.0 ], [ 110.378986536199761, -7.239274171565739, 0.0 ], [ 110.378897305466353, -7.239270603055843, 0.0 ], [ 110.378875895306408, -7.239258708622458, 0.0 ], [ 110.378869627931067, -7.239259404697748, 0.0 ], [ 110.378822513348382, -7.239262260045223, 0.0 ], [ 110.378811092857688, -7.23925512212611, 0.0 ], [ 110.378805383062058, -7.23922799587524, 0.0 ], [ 110.378812520981114, -7.239193730805994, 0.0 ], [ 110.378838219108559, -7.239165178230337, 0.0 ], [ 110.378876766749443, -7.239120920793823, 0.0 ], [ 110.378916740715056, -7.239102361484754, 0.0 ], [ 110.378956716479365, -7.239085227601151, 0.0 ], [ 110.378980985584064, -7.239076662457933, 0.0 ], [ 110.379008379832896, -7.239066872438173, 0.0 ], [ 110.379043642250338, -7.239020758800905, 0.0 ], [ 110.379118595346938, -7.238863715587968, 0.0 ], [ 110.379147148821914, -7.238756641405814, 0.0 ], [ 110.379136441493642, -7.238621009252142, 0.0 ], [ 110.379129303574587, -7.238496088024021, 0.0 ], [ 110.379143579412698, -7.23839972027082, 0.0 ], [ 110.379193547544219, -7.238289074880868, 0.0 ], [ 110.37923264017428, -7.238132706159433, 0.0 ], [ 110.379233380316293, -7.237962995096098, 0.0 ], [ 110.379225671327731, -7.237932156443833, 0.0 ], [ 110.379197117852755, -7.237821511953143, 0.0 ], [ 110.379168563478459, -7.237685881598111, 0.0 ], [ 110.37910431860945, -7.237625205238999, 0.0 ], [ 110.379061489296362, -7.237539546612766, 0.0 ], [ 110.37902579700301, -7.237407484767573, 0.0 ], [ 110.379009156847189, -7.237310974921513, 0.0 ], [ 110.379016679676113, -7.237300632717961, 0.0 ], [ 110.379026672043324, -7.237283501532318, 0.0 ], [ 110.379040948780812, -7.237257803404873, 0.0 ], [ 110.379046659475819, -7.237247806541006, 0.0 ], [ 110.379059508989201, -7.237242097644639, 0.0 ], [ 110.379070930379214, -7.237233530702838, 0.0 ], [ 110.379065218784888, -7.237216400416514, 0.0 ], [ 110.379039520657386, -7.237203550003755, 0.0 ], [ 110.378993835996766, -7.237203550003755, 0.0 ], [ 110.378976703911803, -7.237203550903132, 0.0 ], [ 110.378971798110058, -7.2372061094743, 0.0 ], [ 110.378951816972858, -7.237216535314815, 0.0 ], [ 110.378943866965926, -7.237220682088775, 0.0 ], [ 110.378919596062588, -7.237239240498525, 0.0 ], [ 110.378895326058512, -7.237266367648715, 0.0 ], [ 110.378882477444449, -7.237297776471166, 0.0 ], [ 110.378881050220343, -7.237330612517724, 0.0 ], [ 110.378881050220343, -7.23735916689202, 0.0 ], [ 110.378881049321024, -7.23740913592286, 0.0 ], [ 110.378892470711037, -7.237450538011899, 0.0 ], [ 110.378908013693945, -7.23747065224876, 0.0 ], [ 110.378916740715056, -7.23748194683435, 0.0 ], [ 110.378922452309382, -7.237511928432696, 0.0 ], [ 110.378925306757537, -7.237561895664896, 0.0 ], [ 110.378916740715056, -7.2376004442051, 0.0 ], [ 110.378919486345296, -7.237626061393598, 0.0 ], [ 110.378968688254417, -7.237721573891463, 0.0 ], [ 110.378986242121414, -7.237744981445701, 0.0 ], [ 110.379020961348374, -7.237781759220752, 0.0 ], [ 110.379042376004918, -7.237811740819154, 0.0 ], [ 110.379043397634746, -7.237821184599966, 0.0 ], [ 110.379048087599244, -7.23786456429815, 0.0 ], [ 110.379050942946719, -7.237913106104941, 0.0 ], [ 110.379052371070145, -7.23795879166488, 0.0 ], [ 110.379052371070145, -7.238000193753919, 0.0 ], [ 110.379023818494488, -7.238043024865647, 0.0 ], [ 110.379002402039305, -7.238067294869722, 0.0 ], [ 110.378979559259335, -7.23808157250653, 0.0 ], [ 110.3789450972385, -7.238088029638789, 0.0 ], [ 110.378915313491007, -7.238078715360359, 0.0 ], [ 110.378869606347337, -7.238060197420111, 0.0 ], [ 110.378836174050264, -7.238042883672108, 0.0 ], [ 110.378823942371127, -7.23802732000479, 0.0 ], [ 110.378822514247702, -7.2380044763255, 0.0 ], [ 110.378838219108559, -7.237970212155517, 0.0 ], [ 110.378856779316948, -7.237925954719003, 0.0 ], [ 110.378868200706961, -7.237885979854013, 0.0 ], [ 110.378873910502648, -7.237848858537916, 0.0 ], [ 110.378876765850123, -7.237808885471622, 0.0 ], [ 110.378873910502648, -7.237748922274875, 0.0 ], [ 110.378861060989209, -7.237708946510622, 0.0 ], [ 110.378832507514289, -7.237640419969352, 0.0 ], [ 110.37880966473432, -7.237583312120137, 0.0 ], [ 110.378783967506138, -7.237529061416978, 0.0 ], [ 110.37876969076865, -7.237476236139344, 0.0 ], [ 110.378755414031218, -7.237420556413497, 0.0 ], [ 110.378745420764631, -7.23738771946762, 0.0 ], [ 110.378738486092345, -7.237355751266875, 0.0 ], [ 110.378756761215641, -7.237315814173428, 0.0 ], [ 110.378761124726168, -7.237292066675479, 0.0 ], [ 110.378776828687762, -7.237217826741244, 0.0 ], [ 110.378816804452015, -7.237156435421127, 0.0 ], [ 110.378846785151097, -7.237105040964821, 0.0 ], [ 110.378879622096918, -7.237056500057406, 0.0 ], [ 110.378896754181937, -7.237023662212209, 0.0 ], [ 110.378910289878036, -7.237013735495452, 0.0 ], [ 110.378934999650596, -7.236961998397476, 0.0 ], [ 110.378958999858014, -7.236876999873573, 0.0 ], [ 110.378989000342131, -7.236737000612038, 0.0 ], [ 110.379031998727839, -7.236710998513729, 0.0 ], [ 110.379116999050325, -7.236686998306254, 0.0 ], [ 110.379213999926208, -7.23662999837569, 0.0 ], [ 110.379243999511004, -7.236602999828506, 0.0 ], [ 110.379222999441936, -7.236570999252194, 0.0 ], [ 110.379140000110965, -7.236564999874815, 0.0 ], [ 110.379058999972926, -7.236586999090662, 0.0 ], [ 110.37900345424606, -7.23660413567228, 0.0 ], [ 110.378958143703414, -7.236609636825222, 0.0 ], [ 110.378934049067198, -7.23661049747642, 0.0 ], [ 110.378918168838482, -7.236611064948647, 0.0 ], [ 110.378889615363505, -7.23660107078274, 0.0 ], [ 110.378888188139456, -7.236575373554615, 0.0 ], [ 110.378903067422698, -7.236547128547102, 0.0 ], [ 110.37893672904687, -7.236522547377604, 0.0 ], [ 110.378993835996766, -7.236499704597634, 0.0 ], [ 110.379027351031482, -7.23648142497774, 0.0 ], [ 110.379040948780812, -7.236474006470189, 0.0 ], [ 110.379092345935078, -7.23645544806044, 0.0 ], [ 110.379118043163203, -7.236449736466113, 0.0 ], [ 110.379168012194043, -7.236438315076157, 0.0 ], [ 110.379209414283082, -7.236434031605199, 0.0 ], [ 110.379235112410583, -7.236421184789776, 0.0 ], [ 110.379262749476368, -7.236397283507756, 0.0 ], [ 110.379275640358571, -7.236379557870237, 0.0 ], [ 110.379404130995908, -7.236308174182852, 0.0 ], [ 110.379496930239213, -7.23624749782374, 0.0 ], [ 110.37960043681079, -7.236133283024571, 0.0 ], [ 110.379721789529015, -7.236097593429122, 0.0 ], [ 110.379736066266503, -7.236136851534411, 0.0 ], [ 110.379700373073831, -7.236176113236979, 0.0 ], [ 110.379639696714719, -7.2362260813685, 0.0 ], [ 110.37960400532063, -7.236311742692749, 0.0 ], [ 110.379596867401574, -7.236358142314373, 0.0 ], [ 110.379589728583142, -7.236404543734636, 0.0 ], [ 110.379589728583142, -7.236447373047781, 0.0 ], [ 110.37962542087655, -7.236490202360926, 0.0 ] ], [ [ 110.379432684470885, -7.237254010064476, 0.0 ], [ 110.379443391799157, -7.237314686423588, 0.0 ], [ 110.379432684470885, -7.237428900323437, 0.0 ], [ 110.379436253880101, -7.237475300844437, 0.0 ], [ 110.379486222011622, -7.237546683632502, 0.0 ], [ 110.379486222910941, -7.237578806516638, 0.0 ], [ 110.379507637567485, -7.237625205238999, 0.0 ], [ 110.379532622532565, -7.237668035451406, 0.0 ], [ 110.37955046777995, -7.237678744578375, 0.0 ], [ 110.379593297992358, -7.237721574790783, 0.0 ], [ 110.379643267023198, -7.237728712709895, 0.0 ], [ 110.379699308276543, -7.237727379015269, 0.0 ], [ 110.379725358038911, -7.237646622593502, 0.0 ], [ 110.379739635675719, -7.237503852520717, 0.0 ], [ 110.379675389907391, -7.237432469732653, 0.0 ], [ 110.379636129104142, -7.237371793373541, 0.0 ], [ 110.379586160073302, -7.237303979994635, 0.0 ], [ 110.379554037189109, -7.237232594508555, 0.0 ], [ 110.379518344895757, -7.237182625477715, 0.0 ], [ 110.379486222910941, -7.237150503492899, 0.0 ], [ 110.379446960309053, -7.237104104770594, 0.0 ], [ 110.379393423667636, -7.237075549496979, 0.0 ], [ 110.379332747308524, -7.237125518527819, 0.0 ], [ 110.379347024045956, -7.237179056967875, 0.0 ], [ 110.379432684470885, -7.237254010064476, 0.0 ] ] ], [ [ [ 110.377994300696457, -7.236529464962814, 0.0 ], [ 110.377983593368185, -7.236579433094334, 0.0 ], [ 110.377990731287298, -7.236615124488367, 0.0 ], [ 110.377997870105673, -7.236640108554127, 0.0 ], [ 110.378029992090546, -7.236693647893503, 0.0 ], [ 110.378072823202274, -7.236803825636002, 0.0 ], [ 110.378076000507065, -7.236811998674739, 0.0 ], [ 110.378115652515419, -7.236857829025553, 0.0 ], [ 110.378104946086466, -7.236961336496449, 0.0 ], [ 110.378087099939762, -7.237022012855562, 0.0 ], [ 110.378044268827978, -7.237093397442266, 0.0 ], [ 110.378047838237194, -7.237139796164627, 0.0 ], [ 110.378076390812851, -7.237168349639603, 0.0 ], [ 110.378119221924635, -7.237193333705363, 0.0 ], [ 110.378147774500235, -7.237200472523739, 0.0 ], [ 110.378169190955475, -7.237221888079603, 0.0 ], [ 110.378194175021235, -7.237278994130236, 0.0 ], [ 110.378258418990924, -7.237357518434692, 0.0 ], [ 110.378326235967052, -7.237371793373541, 0.0 ], [ 110.378376204098629, -7.237353948126156, 0.0 ], [ 110.378401189063709, -7.237311117913691, 0.0 ], [ 110.378397618755173, -7.237286132049292, 0.0 ], [ 110.378344081214436, -7.237239733326987, 0.0 ], [ 110.378297681592812, -7.23713622855405, 0.0 ], [ 110.378279835446108, -7.237064843068026, 0.0 ], [ 110.378265559607939, -7.237000597299698, 0.0 ], [ 110.378258419890244, -7.236907798955713, 0.0 ], [ 110.378258419890244, -7.236811430303192, 0.0 ], [ 110.378249150577915, -7.236706715942148, 0.0 ], [ 110.378274999791472, -7.236686998306254, 0.0 ], [ 110.378323000206365, -7.236661999851378, 0.0 ], [ 110.37838500036753, -7.236641000681573, 0.0 ], [ 110.378457000090521, -7.236627999182758, 0.0 ], [ 110.37867000002052, -7.236624999044409, 0.0 ], [ 110.37870699812953, -7.236651998490913, 0.0 ], [ 110.378704999835918, -7.236695000473844, 0.0 ], [ 110.378704594241697, -7.236695786481334, 0.0 ], [ 110.378686000758364, -7.236731999482117, 0.0 ], [ 110.378621999605684, -7.236750998559671, 0.0 ], [ 110.378576000182306, -7.236777999804815, 0.0 ], [ 110.378544000505258, -7.236806997544875, 0.0 ], [ 110.378523000436189, -7.236852999666155, 0.0 ], [ 110.378523000436189, -7.236903998420757, 0.0 ], [ 110.378551999974889, -7.236961998397476, 0.0 ], [ 110.378586999790286, -7.237007999619436, 0.0 ], [ 110.37862899992848, -7.237053999942077, 0.0 ], [ 110.378656000274248, -7.237093999988076, 0.0 ], [ 110.37867000002052, -7.237152999111572, 0.0 ], [ 110.378647999905354, -7.23728899908798, 0.0 ], [ 110.378637998544832, -7.237359000517415, 0.0 ], [ 110.378629615964087, -7.237443177960245, 0.0 ], [ 110.378629616863407, -7.237528836586478, 0.0 ], [ 110.378636754782463, -7.237582375925854, 0.0 ], [ 110.378652363415881, -7.237618051132131, 0.0 ], [ 110.378677093872852, -7.237653363911591, 0.0 ], [ 110.37869279783439, -7.237694766899949, 0.0 ], [ 110.378708503594623, -7.237749017603051, 0.0 ], [ 110.378711358942098, -7.237804697328897, 0.0 ], [ 110.378708503594623, -7.237861803379474, 0.0 ], [ 110.378691370610341, -7.237920337553476, 0.0 ], [ 110.378658533664463, -7.237954604421418, 0.0 ], [ 110.378634263660388, -7.237967453035481, 0.0 ], [ 110.378587149977022, -7.237956030746147, 0.0 ], [ 110.37857430226228, -7.237928905394597, 0.0 ], [ 110.37857430136296, -7.237904633591938, 0.0 ], [ 110.37857430136296, -7.237863232402219, 0.0 ], [ 110.378567163443904, -7.237813262472059, 0.0 ], [ 110.378558596502103, -7.237753300174631, 0.0 ], [ 110.37855145768367, -7.23767620669156, 0.0 ], [ 110.378550031358941, -7.237630520232301, 0.0 ], [ 110.378547446707387, -7.23760076256508, 0.0 ], [ 110.37853486159463, -7.237583027035043, 0.0 ], [ 110.378511483718057, -7.23755913654486, 0.0 ], [ 110.378487212814662, -7.237534867440161, 0.0 ], [ 110.378448666073155, -7.237514880007666, 0.0 ], [ 110.378419796936157, -7.237513540917121, 0.0 ], [ 110.378385848428195, -7.237516305433076, 0.0 ], [ 110.378345872663942, -7.237526299598983, 0.0 ], [ 110.378344445439893, -7.237547716054223, 0.0 ], [ 110.3783614381299, -7.237561155522883, 0.0 ], [ 110.378380136833925, -7.237571986058242, 0.0 ], [ 110.378408689409525, -7.237579124876675, 0.0 ], [ 110.378435816559772, -7.237589119042582, 0.0 ], [ 110.378454376768161, -7.23760910467638, 0.0 ], [ 110.378455803092891, -7.237649079541313, 0.0 ], [ 110.378455803092891, -7.237686199958091, 0.0 ], [ 110.378454241869804, -7.237694850536855, 0.0 ], [ 110.378450024948734, -7.237718214923632, 0.0 ], [ 110.378445683021937, -7.237738189765594, 0.0 ], [ 110.378437245582461, -7.237760439892327, 0.0 ], [ 110.378427250517234, -7.237797558510465, 0.0 ], [ 110.378415464901821, -7.237857203347232, 0.0 ], [ 110.378410117532951, -7.237923194699647, 0.0 ], [ 110.378400125165683, -7.237981728873649, 0.0 ], [ 110.378384418506187, -7.23803598137539, 0.0 ], [ 110.378374645573501, -7.238056139679031, 0.0 ], [ 110.378361578424176, -7.238083095058755, 0.0 ], [ 110.378330167803085, -7.238130206943424, 0.0 ], [ 110.378288766613366, -7.238164470214087, 0.0 ], [ 110.378244508277476, -7.238190169240852, 0.0 ], [ 110.378225948069087, -7.238187314792697, 0.0 ], [ 110.378214525779811, -7.238167326460882, 0.0 ], [ 110.378211999584153, -7.238141998854132, 0.0 ], [ 110.378252999676249, -7.238038999500191, 0.0 ], [ 110.378294999814443, -7.237961998647279, 0.0 ], [ 110.378314999837414, -7.237887999731356, 0.0 ], [ 110.37829054187506, -7.237792957578904, 0.0 ], [ 110.378244144052076, -7.237732281219735, 0.0 ], [ 110.378186813170942, -7.237716230119872, 0.0 ], [ 110.378161703200078, -7.237730455596022, 0.0 ], [ 110.37814171486832, -7.237773288506389, 0.0 ], [ 110.378126010007406, -7.237827540108867, 0.0 ], [ 110.378111734169238, -7.237881790811969, 0.0 ], [ 110.3780917467368, -7.237934616089603, 0.0 ], [ 110.378070331180879, -7.237977444503429, 0.0 ], [ 110.378044633053435, -7.238024559086114, 0.0 ], [ 110.378016078679138, -7.238051685336984, 0.0 ], [ 110.377967538671044, -7.238068816522627, 0.0 ], [ 110.377914759258772, -7.238073466916944, 0.0 ], [ 110.377866173385257, -7.238074529016274, 0.0 ], [ 110.377803356639674, -7.238057395132614, 0.0 ], [ 110.377740078541876, -7.238035907631001, 0.0 ], [ 110.377727689481333, -7.238031698803809, 0.0 ], [ 110.377674865103018, -7.237998860958612, 0.0 ], [ 110.377612046558738, -7.237971735607061, 0.0 ], [ 110.37756921634633, -7.237943182132085, 0.0 ], [ 110.377526386133866, -7.237904633591938, 0.0 ], [ 110.377482127798032, -7.237878934565117, 0.0 ], [ 110.377433587789881, -7.237851810112886, 0.0 ], [ 110.377420169904951, -7.237841872604292, 0.0 ], [ 110.377395039249734, -7.23782325663791, 0.0 ], [ 110.377373295441316, -7.237805652408895, 0.0 ], [ 110.377335077851626, -7.237774716629815, 0.0 ], [ 110.377282254372574, -7.237726174823081, 0.0 ], [ 110.377256731612931, -7.237704766461775, 0.0 ], [ 110.377201939517931, -7.237671605759942, 0.0 ], [ 110.377130555830547, -7.237632344057374, 0.0 ], [ 110.377130555830547, -7.237568100087685, 0.0 ], [ 110.377119847602955, -7.237478869354277, 0.0 ], [ 110.377098433845731, -7.2374503158793, 0.0 ], [ 110.377043310800218, -7.237434692856766, 0.0 ], [ 110.376987033025216, -7.237418742480941, 0.0 ], [ 110.376965999681204, -7.23742399901829, 0.0 ], [ 110.376932999958058, -7.237456000493978, 0.0 ], [ 110.376915850785963, -7.237466874196855, 0.0 ], [ 110.376795052050056, -7.237439607651709, 0.0 ], [ 110.376730806281728, -7.237439607651709, 0.0 ], [ 110.376670129922616, -7.237418192995165, 0.0 ], [ 110.376652283775911, -7.237393207130765, 0.0 ], [ 110.376636624780474, -7.237332304142456, 0.0 ], [ 110.376689999543885, -7.237229999964484, 0.0 ], [ 110.376801000166097, -7.237056000034329, 0.0 ], [ 110.376899000188757, -7.23700099929664, 0.0 ], [ 110.376950570012866, -7.236980110743445, 0.0 ], [ 110.376978000234601, -7.236969000518911, 0.0 ], [ 110.377061999611669, -7.236955999020097, 0.0 ], [ 110.377153000210853, -7.236955999020097, 0.0 ], [ 110.377228000072193, -7.236970998812524, 0.0 ], [ 110.377379999887125, -7.237023999457961, 0.0 ], [ 110.37744219699988, -7.237087172335066, 0.0 ], [ 110.377489266616408, -7.23707658281802, 0.0 ], [ 110.37754780079041, -7.237048028443724, 0.0 ], [ 110.377582065859713, -7.237032324482129, 0.0 ], [ 110.377613474682164, -7.237022330316222, 0.0 ], [ 110.377647738852147, -7.237013763374421, 0.0 ], [ 110.37766487093711, -7.237013763374421, 0.0 ], [ 110.377677428170841, -7.237013763374421, 0.0 ], [ 110.377683431145499, -7.237013763374421, 0.0 ], [ 110.377693169903921, -7.237024728808137, 0.0 ], [ 110.377684858369605, -7.237050883791198, 0.0 ], [ 110.377662016488955, -7.23705944983368, 0.0 ], [ 110.377650698520995, -7.237063801653051, 0.0 ], [ 110.377643456280566, -7.237066587752793, 0.0 ], [ 110.377624896072177, -7.237080864490281, 0.0 ], [ 110.377606336763108, -7.237106563517045, 0.0 ], [ 110.377606336763108, -7.237130834420441, 0.0 ], [ 110.37763774558556, -7.237153677200411, 0.0 ], [ 110.377681911291234, -7.237141749492082, 0.0 ], [ 110.377721977887006, -7.23710941886452, 0.0 ], [ 110.377766237122216, -7.237075154694594, 0.0 ], [ 110.377800499493503, -7.237043745872143, 0.0 ], [ 110.377824771296218, -7.237002344682423, 0.0 ], [ 110.377839048033707, -7.236965223366326, 0.0 ], [ 110.377857607342776, -7.236922392254542, 0.0 ], [ 110.377874740327059, -7.236880991064822, 0.0 ], [ 110.377886160817752, -7.236863858979859, 0.0 ], [ 110.377893298736808, -7.236842441625356, 0.0 ], [ 110.377906146451551, -7.2368181725206, 0.0 ], [ 110.377914715191991, -7.236815316273805, 0.0 ], [ 110.377921853111104, -7.236828166686507, 0.0 ], [ 110.377921853111104, -7.236863858979859, 0.0 ], [ 110.377908870498061, -7.236903818556357, 0.0 ], [ 110.377899009431815, -7.236948090382043, 0.0 ], [ 110.377898093022623, -7.236965035407991, 0.0 ], [ 110.377896154084283, -7.237000915659678, 0.0 ], [ 110.377899009431815, -7.237048028443724, 0.0 ], [ 110.377899009431815, -7.237090858656131, 0.0 ], [ 110.37788330636954, -7.237163669567622, 0.0 ], [ 110.377857607342776, -7.237193652065343, 0.0 ], [ 110.377839048033707, -7.237226489011221, 0.0 ], [ 110.377831633123435, -7.237239293558503, 0.0 ], [ 110.377819410437496, -7.237300410585419, 0.0 ], [ 110.377808702209904, -7.237396776539981, 0.0 ], [ 110.377794425472416, -7.237468162026005, 0.0 ], [ 110.377794425472416, -7.237546683632502, 0.0 ], [ 110.377844394503256, -7.237553822450877, 0.0 ], [ 110.377883655306505, -7.237443177960245, 0.0 ], [ 110.377901500553889, -7.237336101979452, 0.0 ], [ 110.377919347599857, -7.237214747462588, 0.0 ], [ 110.377958607503786, -7.237118381508026, 0.0 ], [ 110.377962176913002, -7.237032719284514, 0.0 ], [ 110.377976455449129, -7.236914938673408, 0.0 ], [ 110.377983593368185, -7.236811430303192, 0.0 ], [ 110.377963817276395, -7.236694968997597, 0.0 ], [ 110.377963999838755, -7.236695000473844, 0.0 ], [ 110.377937193746561, -7.236604418059414, 0.0 ], [ 110.377844394503256, -7.236493771770085, 0.0 ], [ 110.377794426371736, -7.23646521649647, 0.0 ], [ 110.377723040885712, -7.236475926522758, 0.0 ], [ 110.377673072754192, -7.236504479997734, 0.0 ], [ 110.377619536112775, -7.23648663385103, 0.0 ], [ 110.377605257576647, -7.236425956592598, 0.0 ], [ 110.377605257576647, -7.236336727657829, 0.0 ], [ 110.377626674031831, -7.2362260813685, 0.0 ], [ 110.377655226607487, -7.236147561560642, 0.0 ], [ 110.377708763248904, -7.23608688430221, 0.0 ], [ 110.3777623034876, -7.236076176973938, 0.0 ], [ 110.377876517387449, -7.236090453711427, 0.0 ], [ 110.378015716252378, -7.236136851534411, 0.0 ], [ 110.378119221924635, -7.236165406808027, 0.0 ], [ 110.378129930152227, -7.236215374939547, 0.0 ], [ 110.378083529631226, -7.236283190117092, 0.0 ], [ 110.378065304870006, -7.236309699433036, 0.0 ], [ 110.378022854171434, -7.236441089484629, 0.0 ], [ 110.377994300696457, -7.236529464962814, 0.0 ] ] ], [ [ [ 110.383158024423324, -7.235995224499959, 0.0 ], [ 110.383234166423676, -7.235995224499959, 0.0 ], [ 110.383251297609377, -7.235995224499959, 0.0 ], [ 110.383291274272949, -7.235999030430889, 0.0 ], [ 110.383302694763586, -7.236008548855409, 0.0 ], [ 110.383355994883345, -7.236016162515853, 0.0 ], [ 110.383395969748278, -7.236000933396326, 0.0 ], [ 110.383447366003224, -7.235989513804952, 0.0 ], [ 110.383527314833771, -7.235985706974759, 0.0 ], [ 110.38355967693758, -7.235987609940196, 0.0 ], [ 110.383639626667502, -7.235995224499959, 0.0 ], [ 110.383677697667679, -7.236008548855409, 0.0 ], [ 110.383719576397368, -7.236021874110179, 0.0 ], [ 110.383748129872345, -7.236040910059899, 0.0 ], [ 110.383774779482565, -7.236065656704625, 0.0 ], [ 110.383778586312758, -7.236080885824151, 0.0 ], [ 110.383812062676611, -7.236150371942074, 0.0 ], [ 110.38390041477237, -7.236381647894689, 0.0 ], [ 110.383923259350979, -7.236425429589872, 0.0 ], [ 110.383987979062056, -7.236427333454628, 0.0 ], [ 110.384033663722676, -7.236410201369665, 0.0 ], [ 110.384092676336024, -7.236374035133565, 0.0 ], [ 110.38414978328592, -7.236332156403876, 0.0 ], [ 110.384216408660393, -7.236290277674129, 0.0 ], [ 110.384258286490763, -7.236265530130083, 0.0 ], [ 110.384281683253164, -7.236252533127868, 0.0 ], [ 110.384290000183398, -7.236250999783749, 0.0 ], [ 110.384366000090893, -7.23625899835406, 0.0 ], [ 110.384393999583494, -7.236297999253225, 0.0 ], [ 110.384419999883164, -7.236396999322039, 0.0 ], [ 110.384551432202898, -7.236444488921961, 0.0 ], [ 110.384532399850457, -7.23654916281356, 0.0 ], [ 110.38450384637548, -7.236648147593883, 0.0 ], [ 110.38447719766458, -7.236697639984072, 0.0 ], [ 110.384435318035571, -7.236768073088058, 0.0 ], [ 110.384404860695838, -7.236819468443684, 0.0 ], [ 110.384372500390668, -7.236868961733137, 0.0 ], [ 110.384345849881129, -7.236929875513283, 0.0 ], [ 110.384321104135722, -7.236985079497799, 0.0 ], [ 110.384271610846213, -7.237061220598832, 0.0 ], [ 110.38422211845608, -7.237125943907131, 0.0 ], [ 110.38419927567611, -7.237179244926153, 0.0 ], [ 110.38418595132066, -7.237223026621336, 0.0 ], [ 110.38417262606589, -7.237276325841719, 0.0 ], [ 110.384119325946187, -7.237392918448393, 0.0 ], [ 110.384071737420811, -7.237466683540561, 0.0 ], [ 110.384053889475467, -7.237501185131521, 0.0 ], [ 110.384034855324387, -7.237520221081297, 0.0 ], [ 110.384015819374611, -7.237534497818785, 0.0 ], [ 110.383993214015675, -7.23754639405081, 0.0 ], [ 110.383967038348203, -7.237559483683185, 0.0 ], [ 110.383945624590979, -7.237579706738018, 0.0 ], [ 110.383927778444274, -7.23761182962221, 0.0 ], [ 110.38391588221225, -7.237642763602594, 0.0 ], [ 110.383908742494555, -7.237670125475859, 0.0 ], [ 110.383895284140124, -7.237772623907404, 0.0 ], [ 110.383853000715476, -7.23776900053889, 0.0 ], [ 110.383779000000914, -7.237723998463707, 0.0 ], [ 110.383767000346836, -7.23768599940928, 0.0 ], [ 110.383752999701244, -7.237665997587669, 0.0 ], [ 110.383617000624156, -7.237602999179046, 0.0 ], [ 110.383566000070914, -7.237597998948445, 0.0 ], [ 110.383521999840468, -7.237597998948445, 0.0 ], [ 110.383480999748429, -7.237605998418019, 0.0 ], [ 110.383456999540954, -7.237619999962988, 0.0 ], [ 110.383420999679458, -7.237624999294212, 0.0 ], [ 110.383377999495167, -7.23760799940959, 0.0 ], [ 110.383274000095071, -7.237496998787435, 0.0 ], [ 110.383255000118197, -7.237468999294833, 0.0 ], [ 110.383223000441205, -7.237444999986735, 0.0 ], [ 110.383171999887963, -7.23743199938724, 0.0 ], [ 110.383087999611575, -7.237420000632483, 0.0 ], [ 110.38299200058043, -7.237399998810872, 0.0 ], [ 110.382950000442236, -7.237375998603397, 0.0 ], [ 110.382899999935091, -7.23735199749666, 0.0 ], [ 110.382707000028063, -7.237350999249145, 0.0 ], [ 110.382571000051655, -7.237372999364368, 0.0 ], [ 110.382473000028995, -7.237401000655609, 0.0 ], [ 110.382403000398199, -7.237401000655609, 0.0 ], [ 110.382362999452937, -7.237396000425008, 0.0 ], [ 110.382279000075869, -7.237346999064698, 0.0 ], [ 110.382258771625061, -7.237342577997538, 0.0 ], [ 110.382016666935669, -7.237250911899991, 0.0 ], [ 110.3820110003075, -7.237245998903688, 0.0 ], [ 110.381940999777385, -7.237219999503338, 0.0 ], [ 110.381885999939016, -7.237208999895358, 0.0 ], [ 110.381794999339832, -7.237220999549436, 0.0 ], [ 110.381758999478279, -7.237219999503338, 0.0 ], [ 110.381669999870667, -7.237179999457339, 0.0 ], [ 110.381544000355404, -7.237099997566816, 0.0 ], [ 110.381459000032862, -7.237065000449377, 0.0 ], [ 110.381411000517346, -7.237022999411863, 0.0 ], [ 110.381407548919299, -7.237008196570969, 0.0 ], [ 110.381394843297414, -7.237000783459337, 0.0 ], [ 110.381366288023855, -7.23698769652492, 0.0 ], [ 110.381347253872718, -7.236974610489824, 0.0 ], [ 110.381329406826751, -7.236931779378097, 0.0 ], [ 110.381324648513782, -7.236875863130535, 0.0 ], [ 110.381324648513782, -7.236819945983655, 0.0 ], [ 110.381337736347518, -7.236756890018398, 0.0 ], [ 110.381375807347695, -7.236710490396774, 0.0 ], [ 110.381419827363231, -7.236685504532375, 0.0 ], [ 110.381457898363408, -7.236666470381238, 0.0 ], [ 110.38149359155608, -7.236654571451254, 0.0 ], [ 110.381522144131679, -7.236654574149213, 0.0 ], [ 110.381547128197496, -7.236659331562862, 0.0 ], [ 110.381564975243464, -7.236685504532375, 0.0 ], [ 110.381573301166952, -7.236706921886878, 0.0 ], [ 110.381579506489118, -7.236723462217981, 0.0 ], [ 110.381659998510202, -7.236770998582699, 0.0 ], [ 110.381781000492822, -7.23687399973528, 0.0 ], [ 110.382126000214782, -7.236579999667185, 0.0 ], [ 110.382423999568005, -7.236358998468972, 0.0 ], [ 110.382476734014119, -7.236375549591912, 0.0 ], [ 110.382761685103731, -7.236205899682489, 0.0 ], [ 110.382783019720648, -7.236193194959924, 0.0 ], [ 110.382752564179555, -7.236137991874784, 0.0 ], [ 110.382995562795031, -7.235966463281613, 0.0 ], [ 110.383043808724835, -7.235932407754376, 0.0 ], [ 110.383083783589825, -7.235966671024983, 0.0 ], [ 110.383119951624508, -7.235979995380433, 0.0 ], [ 110.383158024423324, -7.235995224499959, 0.0 ] ] ], [ [ [ 110.379978175452493, -7.235810271726621, 0.0 ], [ 110.379978175452493, -7.235887603530045, 0.0 ], [ 110.379960331104485, -7.235914373649393, 0.0 ], [ 110.37987704848706, -7.235911398692053, 0.0 ], [ 110.379793767668332, -7.235887603530045, 0.0 ], [ 110.379737256069575, -7.235860835209337, 0.0 ], [ 110.379658582477646, -7.235838524828011, 0.0 ], [ 110.379502000616924, -7.235888999277847, 0.0 ], [ 110.379203999465062, -7.235918999761964, 0.0 ], [ 110.379120000087994, -7.235866999162624, 0.0 ], [ 110.379064000203527, -7.235833998540159, 0.0 ], [ 110.37901799988083, -7.23580999923206, 0.0 ], [ 110.378925000088771, -7.235803999854681, 0.0 ], [ 110.378816999604908, -7.235803999854681, 0.0 ], [ 110.378794000342907, -7.235710000016468, 0.0 ], [ 110.378865534217084, -7.235690816577858, 0.0 ], [ 110.378856854860032, -7.235658580379152, 0.0 ], [ 110.378874699208041, -7.235628838000423, 0.0 ], [ 110.378928239446736, -7.235628838000423, 0.0 ], [ 110.379059109690218, -7.235608016896435, 0.0 ], [ 110.37915726169831, -7.235566376487043, 0.0 ], [ 110.379510000086498, -7.235517997457578, 0.0 ], [ 110.379677769513535, -7.235450378332246, 0.0 ], [ 110.379731307054215, -7.235450378332246, 0.0 ], [ 110.379805664799676, -7.235497966857622, 0.0 ], [ 110.379847305209012, -7.23552771103499, 0.0 ], [ 110.379900843649068, -7.235554478456379, 0.0 ], [ 110.379948432174444, -7.235622889884439, 0.0 ], [ 110.379975202293792, -7.235706171602487, 0.0 ], [ 110.379978175452493, -7.235810271726621, 0.0 ] ] ], [ [ [ 110.381000669545301, -7.235282746501525, 0.0 ], [ 110.380918816849999, -7.235261806686992, 0.0 ], [ 110.380876938120252, -7.235246577567466, 0.0 ], [ 110.380850999873815, -7.235237999833771, 0.0 ], [ 110.380557251615926, -7.235132693718811, 0.0 ], [ 110.38076843401609, -7.234599363369853, 0.0 ], [ 110.3808103136451, -7.234563197133809, 0.0 ], [ 110.380841124418396, -7.234508971611717, 0.0 ], [ 110.380886148077309, -7.234488828596511, 0.0 ], [ 110.380925999735155, -7.234470999536939, 0.0 ], [ 110.381010187969878, -7.234473728979367, 0.0 ], [ 110.3810825240393, -7.234487053334817, 0.0 ], [ 110.381143437819446, -7.234507993149293, 0.0 ], [ 110.381219579819799, -7.234551774844476, 0.0 ], [ 110.381236711904819, -7.234580330118092, 0.0 ], [ 110.381139630089933, -7.234766878288781, 0.0 ], [ 110.381139630089933, -7.234806854053033, 0.0 ], [ 110.381196737939149, -7.234823985238677, 0.0 ], [ 110.381223388448689, -7.234863961002929, 0.0 ], [ 110.381248134194095, -7.234892513578586, 0.0 ], [ 110.381251491363287, -7.234894528059954, 0.0 ], [ 110.381204351599592, -7.234991499258228, 0.0 ], [ 110.381111077514277, -7.235206602702533, 0.0 ], [ 110.381100205610039, -7.235259869547292, 0.0 ], [ 110.381050161935491, -7.235282745602206, 0.0 ], [ 110.381000669545301, -7.235282746501525, 0.0 ] ] ] ] } },
{ "type": "Feature", "properties": { "OBJECTID": 49, "NO_DI": 33, "NAMA_DI": "DI Dawuhan Bd", "STATUS": "DI Sesuai Permen PUPR No. 14/2015", "KETERANGAN": "11,9794102573981", "KABUPATEN": "KAB. SEMARANG", "LUAS_HA": 12, "Kecamatan": "Bandungan", "Desa": "Jetis", "NO": 51, "Shape_Leng": 0.02796914394, "Shape_Area": 9.81482e-06 }, "geometry": { "type": "MultiPolygon", "coordinates": [ [ [ [ 110.380576937775515, -7.228533512611477, 0.0 ], [ 110.380877312238226, -7.228695958051958, 0.0 ], [ 110.380942746010987, -7.228549623066613, 0.0 ], [ 110.381039113764132, -7.228541294445108, 0.0 ], [ 110.38109384200726, -7.228549621267973, 0.0 ], [ 110.381159276679341, -7.228561518399317, 0.0 ], [ 110.381203297594197, -7.228565088707853, 0.0 ], [ 110.381361530610207, -7.228548432364221, 0.0 ], [ 110.381457898363408, -7.228547241661829, 0.0 ], [ 110.381475395573091, -7.228542766635314, 0.0 ], [ 110.381476935212447, -7.228565088707853, 0.0 ], [ 110.381493592455399, -7.228622195657749, 0.0 ], [ 110.381517386718087, -7.228650750032045, 0.0 ], [ 110.381532852359328, -7.228675733198486, 0.0 ], [ 110.381545940193064, -7.228710236588086, 0.0 ], [ 110.381556646622016, -7.22876258342643, 0.0 ], [ 110.381563784541072, -7.228798276619102, 0.0 ], [ 110.381585200096993, -7.228819689477064, 0.0 ], [ 110.381626841405648, -7.228826830094079, 0.0 ], [ 110.381656585583016, -7.228826830094079, 0.0 ], [ 110.381716071239737, -7.228826828295439, 0.0 ], [ 110.381771989285937, -7.228826830094079, 0.0 ], [ 110.381805300174506, -7.228833968013191, 0.0 ], [ 110.381858839513882, -7.228847054947607, 0.0 ], [ 110.381912377054618, -7.228855381770416, 0.0 ], [ 110.381965913696035, -7.228858952978271, 0.0 ], [ 110.38202777985822, -7.228861331685039, 0.0 ], [ 110.38211225137934, -7.228861331685039, 0.0 ], [ 110.382150322379516, -7.228861331685039, 0.0 ], [ 110.382201481213428, -7.228850624356767, 0.0 ], [ 110.382230034688405, -7.228851812361199, 0.0 ], [ 110.382251449344949, -7.228879178731063, 0.0 ], [ 110.382277624113101, -7.228922008044208, 0.0 ], [ 110.382295470259805, -7.228955320731416, 0.0 ], [ 110.382324023734782, -7.228991013024768, 0.0 ], [ 110.38234186898211, -7.229012425882729, 0.0 ], [ 110.382359714229494, -7.229038601550201, 0.0 ], [ 110.382381131583998, -7.229067154125801, 0.0 ], [ 110.382428719210111, -7.229092138191561, 0.0 ], [ 110.382484637256255, -7.229094519596345, 0.0 ], [ 110.382532225781631, -7.229094520495664, 0.0 ], [ 110.382578625403312, -7.229089758585417, 0.0 ], [ 110.382629784237224, -7.229086190974897, 0.0 ], [ 110.382657147909129, -7.229082622465, 0.0 ], [ 110.382684511581033, -7.229082622465, 0.0 ], [ 110.382710685449808, -7.229094519596345, 0.0 ], [ 110.382730911202657, -7.229112365743049, 0.0 ], [ 110.382734478813234, -7.229142109021041, 0.0 ], [ 110.382729720500265, -7.229164713480714, 0.0 ], [ 110.382716634465169, -7.229189698445794, 0.0 ], [ 110.382710684550489, -7.22920278448089, 0.0 ], [ 110.382711161191196, -7.229239031655936, 0.0 ], [ 110.382733765650812, -7.229305656131089, 0.0 ], [ 110.38275756081282, -7.229344916934338, 0.0 ], [ 110.382794442909301, -7.229391316555962, 0.0 ], [ 110.382815857565845, -7.22941154230881, 0.0 ], [ 110.382850360056125, -7.229427008849314, 0.0 ], [ 110.382877723728029, -7.22944009488441, 0.0 ], [ 110.382916984531278, -7.229468648359386, 0.0 ], [ 110.382951487021558, -7.229492443521394, 0.0 ], [ 110.382989558921054, -7.229513859077315, 0.0 ], [ 110.38302762992123, -7.229530514521571, 0.0 ], [ 110.383074029542911, -7.229551930077491, 0.0 ], [ 110.383116859755319, -7.229566207714242, 0.0 ], [ 110.383148981740192, -7.229570966027211, 0.0 ], [ 110.383183484230472, -7.229572154930963, 0.0 ], [ 110.383217986720751, -7.229578104845643, 0.0 ], [ 110.383242970786512, -7.229582863158555, 0.0 ], [ 110.383258436427752, -7.229593569587507, 0.0 ], [ 110.383281042686008, -7.229607847224315, 0.0 ], [ 110.383310785964056, -7.229618554552587, 0.0 ], [ 110.383336959832889, -7.229629262780179, 0.0 ], [ 110.383373841929313, -7.229632833088715, 0.0 ], [ 110.383394066782841, -7.229637590502364, 0.0 ], [ 110.383429759076193, -7.229647108027564, 0.0 ], [ 110.383464260667154, -7.229663765270516, 0.0 ], [ 110.383488055829162, -7.229683991023307, 0.0 ], [ 110.383505901076546, -7.229708975089068, 0.0 ], [ 110.383527314833771, -7.229729200841916, 0.0 ], [ 110.383555870107386, -7.229751805301532, 0.0 ], [ 110.383582044875538, -7.229768462544484, 0.0 ], [ 110.383608218744371, -7.229786306892493, 0.0 ], [ 110.383647480446939, -7.22980058542862, 0.0 ], [ 110.383691499563099, -7.229804154837836, 0.0 ], [ 110.383730761265667, -7.229806533544661, 0.0 ], [ 110.383760504543716, -7.229807721549037, 0.0 ], [ 110.38377835069042, -7.229813669665077, 0.0 ], [ 110.383797426210322, -7.229819540439394, 0.0 ], [ 110.3838318882311, -7.229750614599141, 0.0 ], [ 110.383872337038781, -7.229768462544484, 0.0 ], [ 110.383904460822293, -7.229767271842093, 0.0 ], [ 110.383915169049885, -7.229755374710749, 0.0 ], [ 110.383949670640845, -7.229763701533557, 0.0 ], [ 110.383985362934197, -7.229737528564044, 0.0 ], [ 110.38402700334359, -7.22975656541314, 0.0 ], [ 110.384065074343766, -7.229776788467973, 0.0 ], [ 110.384094817621815, -7.229791067004101, 0.0 ], [ 110.384151925471031, -7.229816051069861, 0.0 ], [ 110.384193565880423, -7.229833895417869, 0.0 ], [ 110.384203685052057, -7.229822934480808, 0.0 ], [ 110.384207841718592, -7.229818429776685, 0.0 ], [ 110.384244723815016, -7.229824378791989, 0.0 ], [ 110.384282795714512, -7.229838656428797, 0.0 ], [ 110.384413665957993, -7.2297006455683, 0.0 ], [ 110.384519552135657, -7.229800584529301, 0.0 ], [ 110.384490997761418, -7.229827949100525, 0.0 ], [ 110.38453620847929, -7.229893382873286, 0.0 ], [ 110.384515981827178, -7.229930265869029, 0.0 ], [ 110.384487430150841, -7.229957629540934, 0.0 ], [ 110.384446978645201, -7.229960008247758, 0.0 ], [ 110.384427942695481, -7.229973094282855, 0.0 ], [ 110.384388680992913, -7.229982612707374, 0.0 ], [ 110.384376784760889, -7.229990939530182, 0.0 ], [ 110.384368456139384, -7.230007596773135, 0.0 ], [ 110.384441030529217, -7.230167020491535, 0.0 ], [ 110.384443409235985, -7.230202713684264, 0.0 ], [ 110.384452926761242, -7.230255060522552, 0.0 ], [ 110.384456496170401, -7.230291941719713, 0.0 ], [ 110.384469583104817, -7.230334771932121, 0.0 ], [ 110.384476721923249, -7.230366896614953, 0.0 ], [ 110.384480401049757, -7.23036566364442, 0.0 ], [ 110.384471268434368, -7.230406251847, 0.0 ], [ 110.384465319419007, -7.230430046109689, 0.0 ], [ 110.384421299403527, -7.230433615518905, 0.0 ], [ 110.384379659893455, -7.230413388866737, 0.0 ], [ 110.384355864731447, -7.230413388866737, 0.0 ], [ 110.384330880665686, -7.230424096195009, 0.0 ], [ 110.384330880665686, -7.230465737503721, 0.0 ], [ 110.384330879766367, -7.230528792569658, 0.0 ], [ 110.384326122352718, -7.23057995140357, 0.0 ], [ 110.384326122352718, -7.230639438858987, 0.0 ], [ 110.384310654912838, -7.230678698762915, 0.0 ], [ 110.384298757781494, -7.230679887666611, 0.0 ], [ 110.384254737766014, -7.230657285005634, 0.0 ], [ 110.384244029538365, -7.230656093403923, 0.0 ], [ 110.384230944402645, -7.230671561743122, 0.0 ], [ 110.384228741962943, -7.230677431618119, 0.0 ], [ 110.384198821518453, -7.230757220369355, 0.0 ], [ 110.384176216159517, -7.230807189400196, 0.0 ], [ 110.384159560715204, -7.230853589921196, 0.0 ], [ 110.384133385947052, -7.230886901709084, 0.0 ], [ 110.384084605819965, -7.230923782906189, 0.0 ], [ 110.384017981344812, -7.230986839770765, 0.0 ], [ 110.383989428769155, -7.231029669983229, 0.0 ], [ 110.383931131116867, -7.231065362276581, 0.0 ], [ 110.383900198035747, -7.231074879801838, 0.0 ], [ 110.383858558525731, -7.231068931685797, 0.0 ], [ 110.383821676429307, -7.231057033655134, 0.0 ], [ 110.383769327792322, -7.231034430094837, 0.0 ], [ 110.383720549463874, -7.231024909871621, 0.0 ], [ 110.383676529448337, -7.231022530265534, 0.0 ], [ 110.383640837154985, -7.231026101473333, 0.0 ], [ 110.383608714270792, -7.231042756917645, 0.0 ], [ 110.383586108911857, -7.231062983569814, 0.0 ], [ 110.383556365633808, -7.231086776933182, 0.0 ], [ 110.383527812158889, -7.231118898917998, 0.0 ], [ 110.383501637390737, -7.231146261690583, 0.0 ], [ 110.383494499471624, -7.231177195671023, 0.0 ], [ 110.383493310567872, -7.231210508358231, 0.0 ], [ 110.383515915027544, -7.231246201550903, 0.0 ], [ 110.383539710189552, -7.231266426404432, 0.0 ], [ 110.383569453467544, -7.231289030864048, 0.0 ], [ 110.383595626437057, -7.231306875212056, 0.0 ], [ 110.383624180811353, -7.23133067127344, 0.0 ], [ 110.383646786170289, -7.231347328516335, 0.0 ], [ 110.383668200826889, -7.231363984859968, 0.0 ], [ 110.383674147144234, -7.231373500586528, 0.0 ], [ 110.383665821220745, -7.2313901587288, 0.0 ], [ 110.383664631417673, -7.231405624370041, 0.0 ], [ 110.383670581332296, -7.231423469617368, 0.0 ], [ 110.383695565398114, -7.231432988941265, 0.0 ], [ 110.38376813798925, -7.231436558350424, 0.0 ], [ 110.383810968201658, -7.231437747254176, 0.0 ], [ 110.383881161186707, -7.231447263880057, 0.0 ], [ 110.383923993197811, -7.231460351713793, 0.0 ], [ 110.38396325400106, -7.231481765471074, 0.0 ], [ 110.383998946294412, -7.231503183724897, 0.0 ], [ 110.384042966309892, -7.231542443628825, 0.0 ], [ 110.384077467900909, -7.231582894235146, 0.0 ], [ 110.384098882557453, -7.231609069003298, 0.0 ], [ 110.384115538901085, -7.23162929475609, 0.0 ], [ 110.384148852487613, -7.231680452690682, 0.0 ], [ 110.384170267144157, -7.231709007064978, 0.0 ], [ 110.38418692168915, -7.231738749443707, 0.0 ], [ 110.384202390028349, -7.231768492721699, 0.0 ], [ 110.384220236174997, -7.231794666590531, 0.0 ], [ 110.384230943503326, -7.231817271949467, 0.0 ], [ 110.38423689161931, -7.23183392649446, 0.0 ], [ 110.384239178595294, -7.231856223385932, 0.0 ], [ 110.384207999999262, -7.2318700001004, 0.0 ], [ 110.38418299974569, -7.23188800003112, 0.0 ], [ 110.384146999884194, -7.231907000007993, 0.0 ], [ 110.384105999792098, -7.23191099929312, 0.0 ], [ 110.384048000714699, -7.231904999016422, 0.0 ], [ 110.384013100724076, -7.231895029132261, 0.0 ], [ 110.384007253332129, -7.231900458339453, 0.0 ], [ 110.383998926509321, -7.231930200718125, 0.0 ], [ 110.383992977493961, -7.231973031829909, 0.0 ], [ 110.383988218281729, -7.23201348243623, 0.0 ], [ 110.383976321150385, -7.232049174729582, 0.0 ], [ 110.383959665706072, -7.232081296714398, 0.0 ], [ 110.383948956579161, -7.232115800104054, 0.0 ], [ 110.38393349093792, -7.232155060007983, 0.0 ], [ 110.383912076281376, -7.232184805084614, 0.0 ], [ 110.383876382189328, -7.232197890220391, 0.0 ], [ 110.383861024466739, -7.232199895708561, 0.0 ], [ 110.383834742679312, -7.232191943003727, 0.0 ], [ 110.383796670779816, -7.232181234776135, 0.0 ], [ 110.383768118204159, -7.232155060007983, 0.0 ], [ 110.383743133239079, -7.232130076841543, 0.0 ], [ 110.38372290928487, -7.232103902073391, 0.0 ], [ 110.383690786400734, -7.232069399583054, 0.0 ], [ 110.383665802334974, -7.232046795123438, 0.0 ], [ 110.38361940181403, -7.232031327683558, 0.0 ], [ 110.383601555667326, -7.23202299996143, 0.0 ], [ 110.383528983076189, -7.23202299996143, 0.0 ], [ 110.383399301736461, -7.232015862042374, 0.0 ], [ 110.383335056867452, -7.23200753252155, 0.0 ], [ 110.383307693195547, -7.232006345416437, 0.0 ], [ 110.383268431492979, -7.232012294431797, 0.0 ], [ 110.383220842967603, -7.232027760073038, 0.0 ], [ 110.383185149774931, -7.232049174729582, 0.0 ], [ 110.383156596299955, -7.232067020876286, 0.0 ], [ 110.383135181643354, -7.23208248651747, 0.0 ], [ 110.383100679153074, -7.232101523366566, 0.0 ], [ 110.383071254235062, -7.232113972681645, 0.0 ], [ 110.383073000718468, -7.232058999822925, 0.0 ], [ 110.383104000349419, -7.231960999800265, 0.0 ], [ 110.383120000187944, -7.231949000146187, 0.0 ], [ 110.383147999680489, -7.231925999984867, 0.0 ], [ 110.38316799970346, -7.231908000054091, 0.0 ], [ 110.383207000602681, -7.2318700001004, 0.0 ], [ 110.383249882076484, -7.231837090309398, 0.0 ], [ 110.383231550295875, -7.231789812949444, 0.0 ], [ 110.383186339577946, -7.231726758782827, 0.0 ], [ 110.383153026890739, -7.231669650034291, 0.0 ], [ 110.383117335496706, -7.231635147543955, 0.0 ], [ 110.383082833905746, -7.231614921791163, 0.0 ], [ 110.383062608152898, -7.231588747922331, 0.0 ], [ 110.38302929456637, -7.23156376475589, 0.0 ], [ 110.383018722136399, -7.231549226315678, 0.0 ], [ 110.383010260415233, -7.231537589987738, 0.0 ], [ 110.382995983677745, -7.23151379482573, 0.0 ], [ 110.382956721075857, -7.23148881165929, 0.0 ], [ 110.382937686025457, -7.231478103431698, 0.0 ], [ 110.382919839878753, -7.231465016497282, 0.0 ], [ 110.382908593856598, -7.231440645769112, 0.0 ], [ 110.382902202374794, -7.231413653517222, 0.0 ], [ 110.382905564040584, -7.231371028350225, 0.0 ], [ 110.382910321454233, -7.231350801698113, 0.0 ], [ 110.382896045616064, -7.231332956450728, 0.0 ], [ 110.382878199469417, -7.231327007435425, 0.0 ], [ 110.382854625540574, -7.231336265056541, 0.0 ], [ 110.382835370156272, -7.231349613693681, 0.0 ], [ 110.38281514440348, -7.231371028350225, 0.0 ], [ 110.382806815781976, -7.231416235470817, 0.0 ], [ 110.382796108453704, -7.23146382669421, 0.0 ], [ 110.382794917751312, -7.23150427909917, 0.0 ], [ 110.38281514440348, -7.23156971377125, 0.0 ], [ 110.382828231337839, -7.231639908554882, 0.0 ], [ 110.382852025600585, -7.231705340529004, 0.0 ], [ 110.382854405206672, -7.231764828883684, 0.0 ], [ 110.382850834898193, -7.231848110601788, 0.0 ], [ 110.382816332407856, -7.231904028647932, 0.0 ], [ 110.382788970534648, -7.23193852844031, 0.0 ], [ 110.382748519029008, -7.231978982643909, 0.0 ], [ 110.382717586847207, -7.232012293532478, 0.0 ], [ 110.382692601882127, -7.23203251748663, 0.0 ], [ 110.382667354315004, -7.23201601043047, 0.0 ], [ 110.382661668801063, -7.232012294431797, 0.0 ], [ 110.382627167210046, -7.231977791042198, 0.0 ], [ 110.382603372048038, -7.231917114683029, 0.0 ], [ 110.382581957391494, -7.231844541192572, 0.0 ], [ 110.382566489951614, -7.231785055535852, 0.0 ], [ 110.382521281032382, -7.231701772918427, 0.0 ], [ 110.382491536855014, -7.231622061508858, 0.0 ], [ 110.382465362986181, -7.231562575852138, 0.0 ], [ 110.382423723476109, -7.23148881165929, 0.0 ], [ 110.382399928314101, -7.23146382669421, 0.0 ], [ 110.382388528507818, -7.231459223963952, 0.0 ], [ 110.382386000513577, -7.231455999894422, 0.0 ], [ 110.382146000237753, -7.231330999525937, 0.0 ], [ 110.381919230787958, -7.231145298516651, 0.0 ], [ 110.381847892965936, -7.231130703419183, 0.0 ], [ 110.38180982196576, -7.231123563701431, 0.0 ], [ 110.381770561162512, -7.231097389832655, 0.0 ], [ 110.381749145606648, -7.23107954458527, 0.0 ], [ 110.381722971737815, -7.231035524569734, 0.0 ], [ 110.381717706207212, -7.231010843575518, 0.0 ], [ 110.38170400053923, -7.230987999896229, 0.0 ], [ 110.381694000078085, -7.23093300005786, 0.0 ], [ 110.381663999593968, -7.230889999873568, 0.0 ], [ 110.381627999732473, -7.230861999481647, 0.0 ], [ 110.381561000240026, -7.230845998743803, 0.0 ], [ 110.381518271650975, -7.230848671528918, 0.0 ], [ 110.381513236346848, -7.230864614710129, 0.0 ], [ 110.381528464567054, -7.230933143050038, 0.0 ], [ 110.38157986172132, -7.230999766625871, 0.0 ], [ 110.381595089941527, -7.231047357849263, 0.0 ], [ 110.38159889857036, -7.231093042509883, 0.0 ], [ 110.381604607466727, -7.231144439664092, 0.0 ], [ 110.38163125797621, -7.231224387595375, 0.0 ], [ 110.381667426010949, -7.231270074054635, 0.0 ], [ 110.381705497910446, -7.231304339123881, 0.0 ], [ 110.381753085536502, -7.23132147210822, 0.0 ], [ 110.381814000216025, -7.231348122617703, 0.0 ], [ 110.381857782810471, -7.231370963599034, 0.0 ], [ 110.381901564505654, -7.231426167583493, 0.0 ], [ 110.381916791826541, -7.231458527888719, 0.0 ], [ 110.38192060045543, -7.231502309583846, 0.0 ], [ 110.381909179964737, -7.231546093077668, 0.0 ], [ 110.381869205099804, -7.231570838823131, 0.0 ], [ 110.381800675860575, -7.231587970008775, 0.0 ], [ 110.381737856416976, -7.231589874772851, 0.0 ], [ 110.381665522146193, -7.231567032892201, 0.0 ], [ 110.381589378347201, -7.231534670788392, 0.0 ], [ 110.381541791620464, -7.231496598888896, 0.0 ], [ 110.381507525651841, -7.231445203533269, 0.0 ], [ 110.381461840991221, -7.231397612309934, 0.0 ], [ 110.381421864327649, -7.231374771328603, 0.0 ], [ 110.381370468972023, -7.231346217853627, 0.0 ], [ 110.381311458157313, -7.23132718280317, 0.0 ], [ 110.381254351207417, -7.23132147210822, 0.0 ], [ 110.381221990902247, -7.231321470309581, 0.0 ], [ 110.381187726732264, -7.231336699429107, 0.0 ], [ 110.381182713011867, -7.231341210428468, 0.0 ], [ 110.381177179483302, -7.231367036259655, 0.0 ], [ 110.381185822867508, -7.231380482023553, 0.0 ], [ 110.38124864051241, -7.231414746193536, 0.0 ], [ 110.38130384359755, -7.231449008564823, 0.0 ], [ 110.381349530056809, -7.231473757008246, 0.0 ], [ 110.381372372836779, -7.231487081363639, 0.0 ], [ 110.381378084431105, -7.231502310483222, 0.0 ], [ 110.381357145515892, -7.231527057127948, 0.0 ], [ 110.381179502432133, -7.231526327777772, 0.0 ], [ 110.381136672219725, -7.231527516681524, 0.0 ], [ 110.381115256663804, -7.231521568565483, 0.0 ], [ 110.381102170628708, -7.231502534414403, 0.0 ], [ 110.381102170628708, -7.231478738353019, 0.0 ], [ 110.381087893891277, -7.231445426565131, 0.0 ], [ 110.381080755072844, -7.231421630503803, 0.0 ], [ 110.381064098729212, -7.231375230882179, 0.0 ], [ 110.381064098729212, -7.231333591372106, 0.0 ], [ 110.381071237547644, -7.231300278684841, 0.0 ], [ 110.381095031810332, -7.231253879063217, 0.0 ], [ 110.381100979926316, -7.231206291437161, 0.0 ], [ 110.381099791022621, -7.231174168552968, 0.0 ], [ 110.38108432538138, -7.231133716148008, 0.0 ], [ 110.381079565269772, -7.231108732981568, 0.0 ], [ 110.381072427350716, -7.231083748915808, 0.0 ], [ 110.381062909825516, -7.231054004738496, 0.0 ], [ 110.381052200698548, -7.231026641066592, 0.0 ], [ 110.381041493370276, -7.231001657000832, 0.0 ], [ 110.381032597276601, -7.230983863014842, 0.0 ], [ 110.381028999988416, -7.230979999527335, 0.0 ], [ 110.381007017859645, -7.230949448658066, 0.0 ], [ 110.380997474254116, -7.230899339333007, 0.0 ], [ 110.380987956728859, -7.230855318418151, 0.0 ], [ 110.380968921678459, -7.230814870509846, 0.0 ], [ 110.380947504323899, -7.23078631613555, 0.0 ], [ 110.380914193435331, -7.230756572857501, 0.0 ], [ 110.380882069651875, -7.230741104518302, 0.0 ], [ 110.380853516176899, -7.230728017583886, 0.0 ], [ 110.38082377379817, -7.230701844614373, 0.0 ], [ 110.380794030520178, -7.230680429957829, 0.0 ], [ 110.380776184373474, -7.230662582911805, 0.0 ], [ 110.38075476971693, -7.230638788649117, 0.0 ], [ 110.38071431821129, -7.230578111390685, 0.0 ], [ 110.380695282261513, -7.230545988506492, 0.0 ], [ 110.380665538983521, -7.230526952556772, 0.0 ], [ 110.380637166272265, -7.230523143927883, 0.0 ], [ 110.380604862624352, -7.230518625733964, 0.0 ], [ 110.380576309149433, -7.230518625733964, 0.0 ], [ 110.38054418716456, -7.230524574749268, 0.0 ], [ 110.380515633689583, -7.230535282976859, 0.0 ], [ 110.380491838527576, -7.230545988506492, 0.0 ], [ 110.38046923226932, -7.230547180108204, 0.0 ], [ 110.380440679693663, -7.230534091375148, 0.0 ], [ 110.380439119369896, -7.230529407705944, 0.0 ], [ 110.380433541774607, -7.230512677617924, 0.0 ], [ 110.380419265037119, -7.230469846506139, 0.0 ], [ 110.380404986500992, -7.230425827389979, 0.0 ], [ 110.380402960328411, -7.230421529529906, 0.0 ], [ 110.380429971466071, -7.230413929359315, 0.0 ], [ 110.38034907025343, -7.23026521296913, 0.0 ], [ 110.380370484910031, -7.230231902080561, 0.0 ], [ 110.380312783508202, -7.230124595873349, 0.0 ], [ 110.380119451751341, -7.229948744239096, 0.0 ], [ 110.380049258766348, -7.229890447486127, 0.0 ], [ 110.380067104013676, -7.229869033728903, 0.0 ], [ 110.380001669341652, -7.229794081531566, 0.0 ], [ 110.380025463604341, -7.229770284570918, 0.0 ], [ 110.379939804078731, -7.229678676929325, 0.0 ], [ 110.380233667449829, -7.229309860461626, 0.0 ], [ 110.380359778481079, -7.229089758585417, 0.0 ], [ 110.380419265037119, -7.228869659407223, 0.0 ], [ 110.380452577724327, -7.228692388642799, 0.0 ], [ 110.380480215689488, -7.228623952933049, 0.0 ], [ 110.380519522358156, -7.228526622005973, 0.0 ], [ 110.380527530820927, -7.228506791954828, 0.0 ], [ 110.380576937775515, -7.228533512611477, 0.0 ] ], [ [ 110.383697256123526, -7.230517663459352, 0.0 ], [ 110.383774587926951, -7.230550380795364, 0.0 ], [ 110.383851920629695, -7.23054145772204, 0.0 ], [ 110.383902483213092, -7.230511712645352, 0.0 ], [ 110.383906560739263, -7.230513786481993, 0.0 ], [ 110.383914381243756, -7.230496841456045, 0.0 ], [ 110.38392925333244, -7.230464125019296, 0.0 ], [ 110.383941150463784, -7.230422484609903, 0.0 ], [ 110.383941150463784, -7.230374896084527, 0.0 ], [ 110.38393222739046, -7.230327306659831, 0.0 ], [ 110.383887610225088, -7.230276740479155, 0.0 ], [ 110.383834073583671, -7.230235102767722, 0.0 ], [ 110.383780536042991, -7.230232126911062, 0.0 ], [ 110.383729973459594, -7.230244024042406, 0.0 ], [ 110.383703203340247, -7.23026187108843, 0.0 ], [ 110.383667511946157, -7.230300536540483, 0.0 ], [ 110.38364966579951, -7.230351100922519, 0.0 ], [ 110.38364966579951, -7.230410587478559, 0.0 ], [ 110.383661562930854, -7.230467099976636, 0.0 ], [ 110.383697256123526, -7.230517663459352, 0.0 ] ] ], [ [ [ 110.380079798843724, -7.228215062674963, 0.0 ], [ 110.380114301334004, -7.228236478230826, 0.0 ], [ 110.380151183430428, -7.228225771801874, 0.0 ], [ 110.380158321349484, -7.228241236543795, 0.0 ], [ 110.380165459268596, -7.228269790918091, 0.0 ], [ 110.380179736006085, -7.228304292509051, 0.0 ], [ 110.380188065526852, -7.228330467277203, 0.0 ], [ 110.380192822940501, -7.228345933817764, 0.0 ], [ 110.380216618102509, -7.228366159570555, 0.0 ], [ 110.3802368438553, -7.22837805580258, 0.0 ], [ 110.380247551183629, -7.2283935205445, 0.0 ], [ 110.380274915754796, -7.228413748095932, 0.0 ], [ 110.380302276728742, -7.228431592443997, 0.0 ], [ 110.380320124674085, -7.228454197802932, 0.0 ], [ 110.380343918936774, -7.228472045748276, 0.0 ], [ 110.380365334492637, -7.22848394287962, 0.0 ], [ 110.380389127856006, -7.228494651107212, 0.0 ], [ 110.380420061836446, -7.228498218717789, 0.0 ], [ 110.380435527477687, -7.228507737142309, 0.0 ], [ 110.38045380889622, -7.228509217426392, 0.0 ], [ 110.38045694303355, -7.228526773991405, 0.0 ], [ 110.380464081851983, -7.228543428536341, 0.0 ], [ 110.380468840164895, -7.22856841440074, 0.0 ], [ 110.380458132836623, -7.22859815588015, 0.0 ], [ 110.380429580260966, -7.228604105794773, 0.0 ], [ 110.380178142407431, -7.228596068553657, 0.0 ], [ 110.380169028677813, -7.228595776274005, 0.0 ], [ 110.380180981567094, -7.228614605379676, 0.0 ], [ 110.380255878905757, -7.22873259643211, 0.0 ], [ 110.380239221662805, -7.228781376559255, 0.0 ], [ 110.380232083743749, -7.228809927336215, 0.0 ], [ 110.380222566218492, -7.228976490772368, 0.0 ], [ 110.380148802924964, -7.228975300969296, 0.0 ], [ 110.3801178698439, -7.228876554509327, 0.0 ], [ 110.3801178698439, -7.228845620528944, 0.0 ], [ 110.38008693676278, -7.228823014270631, 0.0 ], [ 110.380045297252707, -7.228820635563807, 0.0 ], [ 110.380004845747067, -7.228815876351575, 0.0 ], [ 110.37997809541281, -7.228808111605019, 0.0 ], [ 110.379975319205698, -7.228808640406385, 0.0 ], [ 110.379909666897674, -7.22870404295719, 0.0 ], [ 110.379853749750794, -7.228586258748805, 0.0 ], [ 110.379810919538386, -7.22850297882934, 0.0 ], [ 110.379778797553513, -7.228449439490021, 0.0 ], [ 110.379755001492185, -7.228407799979948, 0.0 ], [ 110.379733586835641, -7.228334036686419, 0.0 ], [ 110.379733586835641, -7.228285256559275, 0.0 ], [ 110.379758570901402, -7.22824837536217, 0.0 ], [ 110.379783555866481, -7.228222200594018, 0.0 ], [ 110.379788314179393, -7.228152006709706, 0.0 ], [ 110.37981686765437, -7.228067535188529, 0.0 ], [ 110.379820437962906, -7.227980687658544, 0.0 ], [ 110.379831145291178, -7.227923580708648, 0.0 ], [ 110.379846610932418, -7.227870039570632, 0.0 ], [ 110.379858507164442, -7.227828401859199, 0.0 ], [ 110.379868026488282, -7.227795088272671, 0.0 ], [ 110.379877544912802, -7.227767724600767, 0.0 ], [ 110.379894201256434, -7.22773917202511, 0.0 ], [ 110.379915615912978, -7.227718945372999, 0.0 ], [ 110.379931081554219, -7.227712996357639, 0.0 ], [ 110.379950117503995, -7.227722515681535, 0.0 ], [ 110.379960825731587, -7.227760585782335, 0.0 ], [ 110.379966775646267, -7.227801036388655, 0.0 ], [ 110.379978670978971, -7.227870039570632, 0.0 ], [ 110.379991757913331, -7.227929527925312, 0.0 ], [ 110.380028638211172, -7.228053259350418, 0.0 ], [ 110.380040537141156, -7.228091331249914, 0.0 ], [ 110.380053624974892, -7.228149628902202, 0.0 ], [ 110.380079798843724, -7.228215062674963, 0.0 ] ] ], [ [ [ 110.380330832002358, -7.227672546650638, 0.0 ], [ 110.380329641299966, -7.22769515200963, 0.0 ], [ 110.380329641299966, -7.227762965388479, 0.0 ], [ 110.380349867952077, -7.227862902550839, 0.0 ], [ 110.380361765083478, -7.227917630793968, 0.0 ], [ 110.380370092805606, -7.227959270304041, 0.0 ], [ 110.380378421427054, -7.228012810542737, 0.0 ], [ 110.38037247241175, -7.228043740925841, 0.0 ], [ 110.380346298542918, -7.228072295300137, 0.0 ], [ 110.380320124674085, -7.228068726790241, 0.0 ], [ 110.380303468330453, -7.228062778674257, 0.0 ], [ 110.380277295360941, -7.22800329121884, 0.0 ], [ 110.380265396430957, -7.227921199303864, 0.0 ], [ 110.380264207527205, -7.227875988585936, 0.0 ], [ 110.380261827021741, -7.227831968570456, 0.0 ], [ 110.380257069608149, -7.227795088272671, 0.0 ], [ 110.380251119693469, -7.227742740535007, 0.0 ], [ 110.380236842955981, -7.227701100125614, 0.0 ], [ 110.380222566218492, -7.227692772403486, 0.0 ], [ 110.380194012743573, -7.227715377762422, 0.0 ], [ 110.380185684122068, -7.227747500646615, 0.0 ], [ 110.380172597187652, -7.22777367361607, 0.0 ], [ 110.38013690579362, -7.227758207974887, 0.0 ], [ 110.380116680940148, -7.22772370458523, 0.0 ], [ 110.380094074681836, -7.227684442882662, 0.0 ], [ 110.380059573990195, -7.227655889407743, 0.0 ], [ 110.380021502090699, -7.227640423766502, 0.0 ], [ 110.379982240388131, -7.227632096044374, 0.0 ], [ 110.37994179068113, -7.227622578519117, 0.0 ], [ 110.37992575397044, -7.227618932667554, 0.0 ], [ 110.379919185322194, -7.227609491584701, 0.0 ], [ 110.379909667796994, -7.227590453836342, 0.0 ], [ 110.379896579963258, -7.227567848477406, 0.0 ], [ 110.379893010554042, -7.227550004129341, 0.0 ], [ 110.379901339175547, -7.227532158881957, 0.0 ], [ 110.379929892650466, -7.22751907194754, 0.0 ], [ 110.379948929499562, -7.227507173916877, 0.0 ], [ 110.379983431090523, -7.227491706477053, 0.0 ], [ 110.380017933580859, -7.227477430638885, 0.0 ], [ 110.380061952697019, -7.227466722411236, 0.0 ], [ 110.380109542121716, -7.227452444774485, 0.0 ], [ 110.380159510253236, -7.227439359638709, 0.0 ], [ 110.380197582152732, -7.227436979133245, 0.0 ], [ 110.380249929890397, -7.227454825279892, 0.0 ], [ 110.380314176558045, -7.227477430638885, 0.0 ], [ 110.380344063727648, -7.227503697137877, 0.0 ], [ 110.380333000267797, -7.227592998917714, 0.0 ], [ 110.380334631637993, -7.227597974866626, 0.0 ], [ 110.38033202090611, -7.227607110179918, 0.0 ], [ 110.38033202180543, -7.227636854357286, 0.0 ], [ 110.380330832002358, -7.227672546650638, 0.0 ] ] ], [ [ [ 110.37903989567468, -7.227297939448306, 0.0 ], [ 110.379017290315744, -7.227297939448306, 0.0 ], [ 110.378998253466705, -7.227290801529193, 0.0 ], [ 110.378968511087976, -7.227277714594834, 0.0 ], [ 110.37893995671368, -7.227264626761041, 0.0 ], [ 110.378900695910431, -7.227239642695281, 0.0 ], [ 110.378830205249812, -7.227099563394063, 0.0 ], [ 110.378807897566503, -7.22705523581044, 0.0 ], [ 110.378765066454719, -7.226999317764239, 0.0 ], [ 110.378759552711244, -7.226998355489684, 0.0 ], [ 110.378737702782814, -7.226994558552008, 0.0 ], [ 110.378648473848045, -7.22686011979863, 0.0 ], [ 110.378655562304402, -7.226849398081185, 0.0 ], [ 110.378656065025439, -7.226848635456122, 0.0 ], [ 110.378864166348251, -7.226635601351859, 0.0 ], [ 110.378933204603754, -7.226564925430921, 0.0 ], [ 110.378943527022216, -7.226554358396868, 0.0 ], [ 110.378968511087976, -7.226535322447148, 0.0 ], [ 110.378985167431608, -7.226532943740324, 0.0 ], [ 110.379001823775184, -7.226542458567565, 0.0 ], [ 110.379013720906528, -7.226567444431964, 0.0 ], [ 110.379018480118816, -7.226597189508652, 0.0 ], [ 110.379022049528032, -7.226632880003365, 0.0 ], [ 110.379022908380591, -7.226658635687443, 0.0 ], [ 110.379026807840944, -7.226662710515654, 0.0 ], [ 110.379026807840944, -7.226686418443421, 0.0 ], [ 110.379030375451521, -7.226734007868117, 0.0 ], [ 110.379035136462448, -7.226755421625342, 0.0 ], [ 110.379041084578432, -7.226774458474438, 0.0 ], [ 110.379044653987648, -7.226798253636446, 0.0 ], [ 110.37905536131592, -7.22682561640903, 0.0 ], [ 110.379064877941801, -7.226864879010918, 0.0 ], [ 110.379080345381681, -7.22690057040495, 0.0 ], [ 110.379091054508592, -7.226925554470711, 0.0 ], [ 110.379108899755977, -7.226958864459959, 0.0 ], [ 110.379128117368793, -7.226991026914334, 0.0 ], [ 110.379137453230953, -7.227023113825624, 0.0 ], [ 110.379136263427881, -7.227062372830176, 0.0 ], [ 110.379119607084249, -7.227111152058001, 0.0 ], [ 110.379108899755977, -7.227150412861192, 0.0 ], [ 110.379095811922241, -7.227187294058353, 0.0 ], [ 110.379081536084072, -7.227252728730377, 0.0 ], [ 110.37906487884112, -7.227288421923106, 0.0 ], [ 110.37903989567468, -7.227297939448306, 0.0 ] ] ] ] } },
{ "type": "Feature", "properties": { "OBJECTID": 63, "NO_DI": 324, "NAMA_DI": "DI Duren Selo", "STATUS": "DI Sesuai Permen PUPR No. 14/2015", "KETERANGAN": "82,6644598450356", "KABUPATEN": "KAB. SEMARANG", "LUAS_HA": 83, "Kecamatan": "Bandungan", "Desa": "Mlilir", "NO": 65, "Shape_Leng": 0.14556910655, "Shape_Area": 6.772805e-05 }, "geometry": { "type": "MultiPolygon", "coordinates": [ [ [ [ 110.38218587199998, -7.225654626999982, 0.0 ], [ 110.382346486000017, -7.225779548, 0.0 ], [ 110.382366539519253, -7.225804615074624, 0.0 ], [ 110.382427851364298, -7.225901763555498, 0.0 ], [ 110.382466998852976, -7.22593084493252, 0.0 ], [ 110.382468427476439, -7.225931975913205, 0.0 ], [ 110.382489253000017, -7.22595800800002, 0.0 ], [ 110.382588490202167, -7.22664765244198, 0.0 ], [ 110.382578999521286, -7.226654999728396, 0.0 ], [ 110.382555000213131, -7.226665998437056, 0.0 ], [ 110.382519000351635, -7.226669999520823, 0.0 ], [ 110.382475000121246, -7.226687998552222, 0.0 ], [ 110.382443998691656, -7.226714999797366, 0.0 ], [ 110.382430999890801, -7.226763999359036, 0.0 ], [ 110.382417000144528, -7.226793999843153, 0.0 ], [ 110.382390999844802, -7.226799000073754, 0.0 ], [ 110.382372999914082, -7.226793999843153, 0.0 ], [ 110.382342000283131, -7.226761000120007, 0.0 ], [ 110.38232199936084, -7.226698999059522, 0.0 ], [ 110.382281999314898, -7.226640999982124, 0.0 ], [ 110.382248998692376, -7.226605999267406, 0.0 ], [ 110.382216000767869, -7.226556998806416, 0.0 ], [ 110.382155000652801, -7.22648399993659, 0.0 ], [ 110.382156999845733, -7.226455999544669, 0.0 ], [ 110.382183000145403, -7.226412998461058, 0.0 ], [ 110.382183998392861, -7.226386999060708, 0.0 ], [ 110.382151999615132, -7.226364999844805, 0.0 ], [ 110.38207499966154, -7.22635200014463, 0.0 ], [ 110.382014999592627, -7.226331999222339, 0.0 ], [ 110.381987000100025, -7.226303000582959, 0.0 ], [ 110.381972999454433, -7.226255999314844, 0.0 ], [ 110.38197699963888, -7.226155999199932, 0.0 ], [ 110.381996000515073, -7.226124999569038, 0.0 ], [ 110.382017000584199, -7.226109998877291, 0.0 ], [ 110.382038999800045, -7.226102998554495, 0.0 ], [ 110.382061999062046, -7.226067998739097, 0.0 ], [ 110.382053000445694, -7.22604099929265, 0.0 ], [ 110.382017000584199, -7.226032000676241, 0.0 ], [ 110.381971000261501, -7.226025999500223, 0.0 ], [ 110.381879999662317, -7.225979000030804, 0.0 ], [ 110.381842999754724, -7.225944998462865, 0.0 ], [ 110.381830768075531, -7.225919312925896, 0.0 ], [ 110.381842629234029, -7.225841376778078, 0.0 ], [ 110.381850241995153, -7.225812823303102, 0.0 ], [ 110.381859761318992, -7.225780462098612, 0.0 ], [ 110.381873085674442, -7.225730969708422, 0.0 ], [ 110.381880699334886, -7.225683380283726, 0.0 ], [ 110.381888313894649, -7.2256224674029, 0.0 ], [ 110.381895927555092, -7.225576780044321, 0.0 ], [ 110.381907002312403, -7.225534329569068, 0.0 ], [ 110.38218587199998, -7.225654626999982, 0.0 ] ] ], [ [ [ 110.382661109945872, -7.227152320061951, 0.0 ], [ 110.382602000581926, -7.227139000464433, 0.0 ], [ 110.382576000282256, -7.227111000072568, 0.0 ], [ 110.382584999797984, -7.227065999796025, 0.0 ], [ 110.382577998575812, -7.227037998504784, 0.0 ], [ 110.382556000259285, -7.227013000049851, 0.0 ], [ 110.382560000443732, -7.226990999934628, 0.0 ], [ 110.382577998575812, -7.226981999519637, 0.0 ], [ 110.382602000581926, -7.226981999519637, 0.0 ], [ 110.382639999636353, -7.227013000049851, 0.0 ], [ 110.382641155922641, -7.227013650481196, 0.0 ], [ 110.382661109945872, -7.227152320061951, 0.0 ] ] ], [ [ [ 110.382874649512118, -7.227564362533307, 0.0 ], [ 110.382873172259167, -7.227563788038367, 0.0 ], [ 110.382867872554357, -7.227561729490162, 0.0 ], [ 110.382848000235072, -7.22755399891787, 0.0 ], [ 110.382794999589635, -7.22752499937917, 0.0 ], [ 110.382723999013422, -7.227427998503288, 0.0 ], [ 110.382673000258819, -7.227360999910161, 0.0 ], [ 110.382675000351071, -7.227278999726025, 0.0 ], [ 110.382686517968466, -7.227257692088756, 0.0 ], [ 110.38268687050271, -7.227257039180984, 0.0 ], [ 110.382688111847074, -7.227254742831219, 0.0 ], [ 110.382874649512118, -7.227564362533307, 0.0 ] ] ], [ [ [ 110.383013, -7.227794, 0.0 ], [ 110.383054937834828, -7.22789271521117, 0.0 ], [ 110.383054743581624, -7.227892872458028, 0.0 ], [ 110.383053726448395, -7.2278936980357, 0.0 ], [ 110.38304099924278, -7.227903999769751, 0.0 ], [ 110.383004999381285, -7.227946999054723, 0.0 ], [ 110.382976999888683, -7.227991999331266, 0.0 ], [ 110.38295799991181, -7.228023999907634, 0.0 ], [ 110.38294300011944, -7.228089999353926, 0.0 ], [ 110.382927999427693, -7.228125998316102, 0.0 ], [ 110.382866000165848, -7.228136999722722, 0.0 ], [ 110.382840999912275, -7.2281089993308, 0.0 ], [ 110.382829999405033, -7.228031999377208, 0.0 ], [ 110.382829999405033, -7.227965999930916, 0.0 ], [ 110.382780999843305, -7.227722998617423, 0.0 ], [ 110.382770000235382, -7.227705999632121, 0.0 ], [ 110.38274499998181, -7.227696998317754, 0.0 ], [ 110.382699999705267, -7.22771199990882, 0.0 ], [ 110.382645999913052, -7.227726998801927, 0.0 ], [ 110.38259499935981, -7.227701998548355, 0.0 ], [ 110.382566999867208, -7.227630998871462, 0.0 ], [ 110.382496999337093, -7.227526998572102, 0.0 ], [ 110.382439000259694, -7.227512000578315, 0.0 ], [ 110.382343999476063, -7.227444000140451, 0.0 ], [ 110.382305000375538, -7.227422000025228, 0.0 ], [ 110.382294999914393, -7.227383000025384, 0.0 ], [ 110.382276999983617, -7.227357999771812, 0.0 ], [ 110.382228000421946, -7.227337998849521, 0.0 ], [ 110.382203000168374, -7.227342999080122, 0.0 ], [ 110.382193999753326, -7.227376998849365, 0.0 ], [ 110.382204741255862, -7.227412151549515, 0.0 ], [ 110.382162475817665, -7.227392263042475, 0.0 ], [ 110.382148199080177, -7.227392263042475, 0.0 ], [ 110.382051829528393, -7.227392262143155, 0.0 ], [ 110.381991154967864, -7.227410108289803, 0.0 ], [ 110.38194475534624, -7.227427953537187, 0.0 ], [ 110.381916201871263, -7.227424385027291, 0.0 ], [ 110.381898355724616, -7.227399400062211, 0.0 ], [ 110.381887647496967, -7.227360137460323, 0.0 ], [ 110.381884078087808, -7.22732444786493, 0.0 ], [ 110.381862664330583, -7.227256631788066, 0.0 ], [ 110.381851956102935, -7.227192386919057, 0.0 ], [ 110.381812694400367, -7.227046050135073, 0.0 ], [ 110.381766295678062, -7.226849743420871, 0.0 ], [ 110.381759156859687, -7.226767652405215, 0.0 ], [ 110.381691341682142, -7.226657009713165, 0.0 ], [ 110.381678710704023, -7.226644377835726, 0.0 ], [ 110.38167800023956, -7.226632999613173, 0.0 ], [ 110.381664999640066, -7.226609999451853, 0.0 ], [ 110.381635000055269, -7.226596999751678, 0.0 ], [ 110.381586000493598, -7.226575999682609, 0.0 ], [ 110.381556000009482, -7.226532999498261, 0.0 ], [ 110.381525000378531, -7.226513999521387, 0.0 ], [ 110.381506999548435, -7.226513999521387, 0.0 ], [ 110.381496999986609, -7.226522999037115, 0.0 ], [ 110.381491999756065, -7.226547999290688, 0.0 ], [ 110.381509000540007, -7.226588999382784, 0.0 ], [ 110.381534999940357, -7.226613999636299, 0.0 ], [ 110.381572999894104, -7.226642000028221, 0.0 ], [ 110.381594998210687, -7.226672000512394, 0.0 ], [ 110.381605955550469, -7.226718397436059, 0.0 ], [ 110.381616389484861, -7.226731961011126, 0.0 ], [ 110.381634235631509, -7.226796206779454, 0.0 ], [ 110.381623528303237, -7.226881868103703, 0.0 ], [ 110.381627095913814, -7.22698894318512, 0.0 ], [ 110.381637804141405, -7.227021065169993, 0.0 ], [ 110.381637805040725, -7.227088879448161, 0.0 ], [ 110.381605682156589, -7.227174541671729, 0.0 ], [ 110.381530729059932, -7.227245925359114, 0.0 ], [ 110.381502174685693, -7.227242355949898, 0.0 ], [ 110.381450978080238, -7.22721553726717, 0.0 ], [ 110.381412999710221, -7.227249999288006, 0.0 ], [ 110.381486999525464, -7.227580998364317, 0.0 ], [ 110.381320999964259, -7.227575999033093, 0.0 ], [ 110.38128400005661, -7.227281998965054, 0.0 ], [ 110.381275999687716, -7.226963998689541, 0.0 ], [ 110.381214999572649, -7.226803999404979, 0.0 ], [ 110.381192998558106, -7.226781998390493, 0.0 ], [ 110.381176999618901, -7.226757999082338, 0.0 ], [ 110.381176999618901, -7.22673100053521, 0.0 ], [ 110.381152000264649, -7.226675999797521, 0.0 ], [ 110.381120999734435, -7.226650998644629, 0.0 ], [ 110.381065999896066, -7.226625000143599, 0.0 ], [ 110.381009999112223, -7.226609999451853, 0.0 ], [ 110.38097300010395, -7.226611999544104, 0.0 ], [ 110.380906999758281, -7.226620000812318, 0.0 ], [ 110.380850999873815, -7.226617998921483, 0.0 ], [ 110.380819999343544, -7.226610999498007, 0.0 ], [ 110.38080100026599, -7.226589999428882, 0.0 ], [ 110.380770999781873, -7.226540998967891, 0.0 ], [ 110.380753998997932, -7.226444999936746, 0.0 ], [ 110.380753417136532, -7.226427203252797, 0.0 ], [ 110.380751999805, -7.226383999821678, 0.0 ], [ 110.380749999712805, -7.226343998876416, 0.0 ], [ 110.380731999782029, -7.226313998392243, 0.0 ], [ 110.380704020074518, -7.226181096580319, 0.0 ], [ 110.380738367881406, -7.226160891511881, 0.0 ], [ 110.380791905422143, -7.226132338036905, 0.0 ], [ 110.380820460695759, -7.226118060400097, 0.0 ], [ 110.380906120221312, -7.226103783662666, 0.0 ], [ 110.380913259039744, -7.226085938415281, 0.0 ], [ 110.380913258140424, -7.22601098531868, 0.0 ], [ 110.380913259039744, -7.225990595889243, 0.0 ], [ 110.380949327249709, -7.225971723616112, 0.0 ], [ 110.380973934499536, -7.225971723616112, 0.0 ], [ 110.381013195302785, -7.226003846500248, 0.0 ], [ 110.381031041449489, -7.226068089570617, 0.0 ], [ 110.381031041449489, -7.226164460921098, 0.0 ], [ 110.381048887596137, -7.226260827774922, 0.0 ], [ 110.381066733742841, -7.226335781770842, 0.0 ], [ 110.381120272182898, -7.226367902856396, 0.0 ], [ 110.381145256248658, -7.226325073543251, 0.0 ], [ 110.381123841592057, -7.226185875577642, 0.0 ], [ 110.381123840692737, -7.226132338036905, 0.0 ], [ 110.381138117430226, -7.2260145529292, 0.0 ], [ 110.381173809723578, -7.225946740449672, 0.0 ], [ 110.381216639936042, -7.225868217044535, 0.0 ], [ 110.381255900739291, -7.225803972175527, 0.0 ], [ 110.381284937150212, -7.225773121832049, 0.0 ], [ 110.381289811475654, -7.225780882981326, 0.0 ], [ 110.381337991755004, -7.225771849291391, 0.0 ], [ 110.381362976720084, -7.225786126928142, 0.0 ], [ 110.381395099604219, -7.225800401866991, 0.0 ], [ 110.381441499225843, -7.225807540685423, 0.0 ], [ 110.381477190619933, -7.225768279882175, 0.0 ], [ 110.381534297569829, -7.225718311750654, 0.0 ], [ 110.381548573407997, -7.225721879361174, 0.0 ], [ 110.381603172148743, -7.225765103476704, 0.0 ], [ 110.381619958894021, -7.225714741442118, 0.0 ], [ 110.381644942060461, -7.225636219835621, 0.0 ], [ 110.381684203763029, -7.225589819314678, 0.0 ], [ 110.381751094437504, -7.225543512323213, 0.0 ], [ 110.381777003006334, -7.225525573546349, 0.0 ], [ 110.381791279743823, -7.225543420592317, 0.0 ], [ 110.381801986172775, -7.225600527542269, 0.0 ], [ 110.381794848253719, -7.225668341820494, 0.0 ], [ 110.381769865087279, -7.225761141963062, 0.0 ], [ 110.381752018940574, -7.225846802387991, 0.0 ], [ 110.381748449531358, -7.225982431843704, 0.0 ], [ 110.381754204293145, -7.226068737082528, 0.0 ], [ 110.381756000239307, -7.226069000583891, 0.0 ], [ 110.381803999754823, -7.226081999384689, 0.0 ], [ 110.381830000054492, -7.226111999868863, 0.0 ], [ 110.381840999662472, -7.226168998900107, 0.0 ], [ 110.381846915402889, -7.226193839973689, 0.0 ], [ 110.381855999454899, -7.226232000006746, 0.0 ], [ 110.381849000031366, -7.226306999868086, 0.0 ], [ 110.38183248128405, -7.226354978699248, 0.0 ], [ 110.381827999962297, -7.226367999983154, 0.0 ], [ 110.381826000769365, -7.226380000536551, 0.0 ], [ 110.381822000584918, -7.226406999982999, 0.0 ], [ 110.381839999616375, -7.226432999383348, 0.0 ], [ 110.381885999939016, -7.226443999890648, 0.0 ], [ 110.381891999316395, -7.226445999083523, 0.0 ], [ 110.381893000261812, -7.226445999083523, 0.0 ], [ 110.381909094529135, -7.226449831994103, 0.0 ], [ 110.381917722624848, -7.226460514141365, 0.0 ], [ 110.381922999846608, -7.226473998576125, 0.0 ], [ 110.381922999846608, -7.226475999567697, 0.0 ], [ 110.381922999846608, -7.226507000097911, 0.0 ], [ 110.381948999246958, -7.226541999913309, 0.0 ], [ 110.381994073267947, -7.226554072412455, 0.0 ], [ 110.382003884871438, -7.226556702030109, 0.0 ], [ 110.382005000030802, -7.226556998806416, 0.0 ], [ 110.382041999938394, -7.226566998368241, 0.0 ], [ 110.382070000330316, -7.226599998990707, 0.0 ], [ 110.382073000468665, -7.226624000097502, 0.0 ], [ 110.382073000468665, -7.226625000143599, 0.0 ], [ 110.382073727120883, -7.226633726265391, 0.0 ], [ 110.382073823348321, -7.226634883692896, 0.0 ], [ 110.382074000514763, -7.226636999797677, 0.0 ], [ 110.382044000030646, -7.226662000051192, 0.0 ], [ 110.382005000030802, -7.226766999497386, 0.0 ], [ 110.38201399954653, -7.226796999082183, 0.0 ], [ 110.38202599920055, -7.226805998597911, 0.0 ], [ 110.382070000330316, -7.226820000142823, 0.0 ], [ 110.382186000283752, -7.226818999197405, 0.0 ], [ 110.382253999822296, -7.226841999358726, 0.0 ], [ 110.382297000006588, -7.226869998851328, 0.0 ], [ 110.382331999821986, -7.226916000073288, 0.0 ], [ 110.382325000398509, -7.226959998505095, 0.0 ], [ 110.382325000398509, -7.227013000049851, 0.0 ], [ 110.382366999637384, -7.22705300009585, 0.0 ], [ 110.38242300042117, -7.227061999611522, 0.0 ], [ 110.382453000006024, -7.227090000003443, 0.0 ], [ 110.382458000236568, -7.227129000003288, 0.0 ], [ 110.382427000605674, -7.227182998896239, 0.0 ], [ 110.382407000582646, -7.227238000533248, 0.0 ], [ 110.382408999775578, -7.227279999772122, 0.0 ], [ 110.382455999245053, -7.227342999080122, 0.0 ], [ 110.382496000190315, -7.227363000002413, 0.0 ], [ 110.382531000005713, -7.227377999794783, 0.0 ], [ 110.382548999936432, -7.22741599884921, 0.0 ], [ 110.38254299965979, -7.227442999195034, 0.0 ], [ 110.382536000236257, -7.22747599891818, 0.0 ], [ 110.382561999636607, -7.227512000578315, 0.0 ], [ 110.382624999843927, -7.227529000462937, 0.0 ], [ 110.382697999613072, -7.227555999909441, 0.0 ], [ 110.382732000281635, -7.22757999831822, 0.0 ], [ 110.382735000419984, -7.227594999909286, 0.0 ], [ 110.382735000419984, -7.227619999263482, 0.0 ], [ 110.382752000304606, -7.227641999378704, 0.0 ], [ 110.382772998575092, -7.227643998571637, 0.0 ], [ 110.382786000073907, -7.227629000577849, 0.0 ], [ 110.382814999612606, -7.227618000070606, 0.0 ], [ 110.382863000027498, -7.227619999263482, 0.0 ], [ 110.382897999842896, -7.227621998456414, 0.0 ], [ 110.382902858879902, -7.22762037967675, 0.0 ], [ 110.382906752944336, -7.227619081955027, 0.0 ], [ 110.38290747206473, -7.227618842195418, 0.0 ], [ 110.383013, -7.227794, 0.0 ] ] ], [ [ [ 110.38312, -7.228236001000029, 0.0 ], [ 110.383148, -7.228294000999988, 0.0 ], [ 110.38315339409192, -7.228304995107921, 0.0 ], [ 110.383139622495662, -7.228293516832309, 0.0 ], [ 110.38312699961142, -7.228282999260955, 0.0 ], [ 110.383085999519324, -7.228235999791536, 0.0 ], [ 110.383069000534022, -7.22818699843117, 0.0 ], [ 110.383079000095847, -7.228124999169324, 0.0 ], [ 110.383091999796022, -7.228059000622352, 0.0 ], [ 110.383093545730617, -7.228056209126692, 0.0 ], [ 110.383093803464575, -7.228055743263377, 0.0 ], [ 110.38312, -7.228236001000029, 0.0 ] ] ], [ [ [ 110.383349900671419, -7.228794770922012, 0.0 ], [ 110.383334134163022, -7.228780130998189, 0.0 ], [ 110.383312283335272, -7.228783408127754, 0.0 ], [ 110.383307999864371, -7.228760999720294, 0.0 ], [ 110.383305999772119, -7.228688999997303, 0.0 ], [ 110.383304945766668, -7.228678486922604, 0.0 ], [ 110.383300153349452, -7.228630748310219, 0.0 ], [ 110.383349900671419, -7.228794770922012, 0.0 ] ] ], [ [ [ 110.385092999, -7.229781, 0.0 ], [ 110.385072801733074, -7.229908773003721, 0.0 ], [ 110.385063999004387, -7.229896000799727, 0.0 ], [ 110.385063999004387, -7.229850999623864, 0.0 ], [ 110.385074000364909, -7.229791998701728, 0.0 ], [ 110.385082746271792, -7.2297756481276, 0.0 ], [ 110.385082882258629, -7.229775393871941, 0.0 ], [ 110.385092999, -7.229781, 0.0 ] ] ], [ [ [ 110.38656599, -7.230044699000016, 0.0 ], [ 110.386646129999974, -7.230146414999977, 0.0 ], [ 110.386658789000023, -7.230162483000021, 0.0 ], [ 110.386648080999976, -7.230283835000018, 0.0 ], [ 110.386885846999974, -7.230635924000017, 0.0 ], [ 110.387074467449736, -7.230779836892232, 0.0 ], [ 110.387052102372706, -7.230793450457327, 0.0 ], [ 110.387025451863167, -7.230823908696379, 0.0 ], [ 110.38701022274364, -7.230867690391563, 0.0 ], [ 110.38701022274364, -7.230907665256495, 0.0 ], [ 110.387027354828604, -7.230943833291235, 0.0 ], [ 110.387030322591386, -7.23094828493538, 0.0 ], [ 110.387038538797583, -7.230980120935783, 0.0 ], [ 110.387029614824939, -7.231048529665884, 0.0 ], [ 110.387028444806958, -7.231055083025637, 0.0 ], [ 110.387025999550303, -7.231055998535453, 0.0 ], [ 110.386956999965662, -7.231237999733878, 0.0 ], [ 110.386929999619838, -7.231272998649899, 0.0 ], [ 110.386899998236402, -7.231294998765122, 0.0 ], [ 110.38686899950477, -7.231297000656014, 0.0 ], [ 110.386803000058478, -7.231300999941141, 0.0 ], [ 110.386765000104731, -7.231281999064947, 0.0 ], [ 110.386732000381585, -7.231265000079645, 0.0 ], [ 110.386668999274946, -7.231235000494848, 0.0 ], [ 110.386517000359333, -7.231209998442637, 0.0 ], [ 110.386480371871698, -7.231177839585598, 0.0 ], [ 110.386476000267237, -7.231173998581141, 0.0 ], [ 110.386447999875372, -7.231108000034112, 0.0 ], [ 110.386451000013722, -7.23104499982685, 0.0 ], [ 110.386483999736868, -7.230921000403782, 0.0 ], [ 110.386562651745066, -7.230773383884525, 0.0 ], [ 110.386621999805527, -7.230661999251822, 0.0 ], [ 110.386647000059043, -7.230613000589472, 0.0 ], [ 110.386680000681565, -7.230551999575084, 0.0 ], [ 110.386691000289488, -7.230505000105609, 0.0 ], [ 110.386662999897567, -7.230415000451842, 0.0 ], [ 110.386608000059198, -7.230359998814833, 0.0 ], [ 110.386553000220829, -7.230306999068716, 0.0 ], [ 110.386490878651216, -7.230273745736724, 0.0 ], [ 110.386383000475178, -7.230215998469532, 0.0 ], [ 110.386359999414481, -7.23016499971493, 0.0 ], [ 110.386360308781263, -7.230162762201644, 0.0 ], [ 110.386373000013975, -7.230070998977396, 0.0 ], [ 110.386410999967723, -7.230043999530892, 0.0 ], [ 110.386413000059974, -7.230011000707066, 0.0 ], [ 110.38641572549993, -7.229973144953494, 0.0 ], [ 110.38656599, -7.230044699000016, 0.0 ] ] ] ] } },
{ "type": "Feature", "properties": { "OBJECTID": 295, "NO_DI": 195, "NAMA_DI": "DI Sibening Bd", "STATUS": "DI Sesuai Permen PUPR No. 14/2015", "KETERANGAN": "40,5098619654497", "KABUPATEN": "KAB. SEMARANG", "LUAS_HA": 41, "Kecamatan": "Bandungan", "Desa": "Jetis", "NO": 314, "Shape_Leng": 0.13931608746, "Shape_Area": 3.319048e-05 }, "geometry": { "type": "MultiPolygon", "coordinates": [ [ [ [ 110.389826469035626, -7.233072361080766, 0.0 ], [ 110.389898999839033, -7.23317000069494, 0.0 ], [ 110.389954000576722, -7.233279998573039, 0.0 ], [ 110.389975999792625, -7.233304999725931, 0.0 ], [ 110.389969000369149, -7.233340000440649, 0.0 ], [ 110.389946000207829, -7.233376998549602, 0.0 ], [ 110.389909000300179, -7.233384998918496, 0.0 ], [ 110.389858999793091, -7.23338299972562, 0.0 ], [ 110.389808999285947, -7.233370000025445, 0.0 ], [ 110.389725999954976, -7.233347999010903, 0.0 ], [ 110.389658999563267, -7.23330799986428, 0.0 ], [ 110.389635300628697, -7.233292321983015, 0.0 ], [ 110.38960575879878, -7.233285990755803, 0.0 ], [ 110.389544367478663, -7.233273142141741, 0.0 ], [ 110.389500110042093, -7.233260291729039, 0.0 ], [ 110.389443001293557, -7.233248872137665, 0.0 ], [ 110.389405883574739, -7.23324173152065, 0.0 ], [ 110.389371618505436, -7.233237449848389, 0.0 ], [ 110.389345920377991, -7.233233166377488, 0.0 ], [ 110.389303090165527, -7.233226027559056, 0.0 ], [ 110.389289971754863, -7.233225591387907, 0.0 ], [ 110.389268999564763, -7.233231999956786, 0.0 ], [ 110.389209000395113, -7.233249999887562, 0.0 ], [ 110.389129000303171, -7.233257998457816, 0.0 ], [ 110.389066000095909, -7.233244999656961, 0.0 ], [ 110.389020089705411, -7.233225121042437, 0.0 ], [ 110.388969000119346, -7.233203000418087, 0.0 ], [ 110.38895694920393, -7.233164436589448, 0.0 ], [ 110.388947598952598, -7.233153217546885, 0.0 ], [ 110.388927612419423, -7.233124664071966, 0.0 ], [ 110.388919045477621, -7.233086115531762, 0.0 ], [ 110.388917618253515, -7.233047567890878, 0.0 ], [ 110.388917618253515, -7.232999026983464, 0.0 ], [ 110.388917618253515, -7.232964764612177, 0.0 ], [ 110.388917618253515, -7.23293192856562, 0.0 ], [ 110.388927612419423, -7.232907655863585, 0.0 ], [ 110.388956164995079, -7.232906227740159, 0.0 ], [ 110.388996139860012, -7.232906227740159, 0.0 ], [ 110.38903326027679, -7.232906227740159, 0.0 ], [ 110.389073235141723, -7.23291051121106, 0.0 ], [ 110.389107498412386, -7.232924789747187, 0.0 ], [ 110.389141763481632, -7.232939065585356, 0.0 ], [ 110.389166997558959, -7.232946129760023, 0.0 ], [ 110.389201000026219, -7.232947998551253, 0.0 ], [ 110.389328998734356, -7.232970999611894, 0.0 ], [ 110.38943399997919, -7.232961000050068, 0.0 ], [ 110.389487331071791, -7.232959315325723, 0.0 ], [ 110.389826469035626, -7.233072361080766, 0.0 ] ] ], [ [ [ 110.389733107689707, -7.235133881294245, 0.0 ], [ 110.389728000047228, -7.23513199944216, 0.0 ], [ 110.389727199650622, -7.235131677484901, 0.0 ], [ 110.389718000485402, -7.235127999257713, 0.0 ], [ 110.389698000462431, -7.235099999765112, 0.0 ], [ 110.389685999909034, -7.235072998520025, 0.0 ], [ 110.389647999955287, -7.235025999949869, 0.0 ], [ 110.389605999817093, -7.235003998935383, 0.0 ], [ 110.38943099984084, -7.234913999281616, 0.0 ], [ 110.389401999402821, -7.234900000434607, 0.0 ], [ 110.38938826945315, -7.234895739446756, 0.0 ], [ 110.389386111979547, -7.23487848055737, 0.0 ], [ 110.389373262466165, -7.234831366874062, 0.0 ], [ 110.389357558504571, -7.234789963885703, 0.0 ], [ 110.389351847809564, -7.234758554163875, 0.0 ], [ 110.389348993361409, -7.234721435545794, 0.0 ], [ 110.389341852744394, -7.234677178109223, 0.0 ], [ 110.389323295233964, -7.234651478183139, 0.0 ], [ 110.389299024330569, -7.234638630468396, 0.0 ], [ 110.389257620442891, -7.234622926506802, 0.0 ], [ 110.389223357172284, -7.234620069360687, 0.0 ], [ 110.3891848095314, -7.234620069360687, 0.0 ], [ 110.389143407442361, -7.234620069360687, 0.0 ], [ 110.389103433476748, -7.234615786789107, 0.0 ], [ 110.389066312160651, -7.234615786789107, 0.0 ], [ 110.389023481948186, -7.234608649769314, 0.0 ], [ 110.389002067291642, -7.234598654704087, 0.0 ], [ 110.389006350762543, -7.234585806989344, 0.0 ], [ 110.389077734449927, -7.234584378865918, 0.0 ], [ 110.389146261890517, -7.234575811924117, 0.0 ], [ 110.389200514392314, -7.234565818657586, 0.0 ], [ 110.389251910647204, -7.234555825390999, 0.0 ], [ 110.389313301068057, -7.234545829426452, 0.0 ], [ 110.389354701358457, -7.234531553588283, 0.0 ], [ 110.389400387817716, -7.234501571989881, 0.0 ], [ 110.38944892962445, -7.234474448437027, 0.0 ], [ 110.389490331713489, -7.234457314553367, 0.0 ], [ 110.389534590948699, -7.234443038715199, 0.0 ], [ 110.38959455324607, -7.234413058016173, 0.0 ], [ 110.389658797215759, -7.234375936700076, 0.0 ], [ 110.389700201103437, -7.234344529676264, 0.0 ], [ 110.389711622493451, -7.234315973503328, 0.0 ], [ 110.389721615760038, -7.234284565580197, 0.0 ], [ 110.389721615760038, -7.234271717865454, 0.0 ], [ 110.389704484574338, -7.234241734468412, 0.0 ], [ 110.389690206937587, -7.234237452796151, 0.0 ], [ 110.389668792280986, -7.234237453695471, 0.0 ], [ 110.389623106721046, -7.234253156757745, 0.0 ], [ 110.389591697898595, -7.23427742945978, 0.0 ], [ 110.38956171450161, -7.234288849950417, 0.0 ], [ 110.389514602616885, -7.234293133421318, 0.0 ], [ 110.389487477265334, -7.234280283907935, 0.0 ], [ 110.389476054976001, -7.234260294676801, 0.0 ], [ 110.389458923790357, -7.234186057440525, 0.0 ], [ 110.389440364481288, -7.23413323216289, 0.0 ], [ 110.389431796640167, -7.234091830073851, 0.0 ], [ 110.389424658721111, -7.234013306668714, 0.0 ], [ 110.389453212196031, -7.233929074367268, 0.0 ], [ 110.38948890448944, -7.233866257621628, 0.0 ], [ 110.389517457964359, -7.23384198581897, 0.0 ], [ 110.389551722134343, -7.233820572061688, 0.0 ], [ 110.389560288176824, -7.233819143938319, 0.0 ], [ 110.389587413528375, -7.23384198581897, 0.0 ], [ 110.389600263041757, -7.233880533459796, 0.0 ], [ 110.389614541577885, -7.233903376239766, 0.0 ], [ 110.389640239705386, -7.233903376239766, 0.0 ], [ 110.389675930200099, -7.233900520892291, 0.0 ], [ 110.38970733902255, -7.233881962482542, 0.0 ], [ 110.389720187636613, -7.23384198581897, 0.0 ], [ 110.389724471107513, -7.233810577895781, 0.0 ], [ 110.389727325555668, -7.233769174907422, 0.0 ], [ 110.389727326454988, -7.233723488448163, 0.0 ], [ 110.389725899230939, -7.233692080525032, 0.0 ], [ 110.389714476941606, -7.233653533783524, 0.0 ], [ 110.389698772980068, -7.233632117328284, 0.0 ], [ 110.389677357424148, -7.233623552185122, 0.0 ], [ 110.389654515543498, -7.233632115529645, 0.0 ], [ 110.38963452811106, -7.23366067170258, 0.0 ], [ 110.389603119288608, -7.23368351448255, 0.0 ], [ 110.389573136790887, -7.233703502814365, 0.0 ], [ 110.38954458421523, -7.233724916571589, 0.0 ], [ 110.389508891921878, -7.233737766084971, 0.0 ], [ 110.389460351014463, -7.233769175806799, 0.0 ], [ 110.389421804272899, -7.233813434142633, 0.0 ], [ 110.389391822674554, -7.233867684845734, 0.0 ], [ 110.389366124547053, -7.233913370405674, 0.0 ], [ 110.389358985728677, -7.233954771595393, 0.0 ], [ 110.389356131280522, -7.234029011529628, 0.0 ], [ 110.389374691488854, -7.234120383548827, 0.0 ], [ 110.389386111979547, -7.234148937923123, 0.0 ], [ 110.389418948026105, -7.234208899321175, 0.0 ], [ 110.389427514967906, -7.234237452796151, 0.0 ], [ 110.389428942192012, -7.234253156757745, 0.0 ], [ 110.389406098512723, -7.234248874186164, 0.0 ], [ 110.389387539203653, -7.234203188626225, 0.0 ], [ 110.389311872944631, -7.234101823340438, 0.0 ], [ 110.389287602041236, -7.234068986394561, 0.0 ], [ 110.38925333787131, -7.234030438753678, 0.0 ], [ 110.389209080434796, -7.233999030830546, 0.0 ], [ 110.389170532793912, -7.233977615274682, 0.0 ], [ 110.389146261890517, -7.233960483189719, 0.0 ], [ 110.389110570496484, -7.233931931513382, 0.0 ], [ 110.389082017021508, -7.233917653876574, 0.0 ], [ 110.389053464445908, -7.233899094567505, 0.0 ], [ 110.38902205382476, -7.233879104437051, 0.0 ], [ 110.388996355697316, -7.233853407208926, 0.0 ], [ 110.388960663403964, -7.233824854633269, 0.0 ], [ 110.388929256380152, -7.233817716714213, 0.0 ], [ 110.388926571903824, -7.233818298575557, 0.0 ], [ 110.388919547299338, -7.233811813564273, 0.0 ], [ 110.388852445284158, -7.233780406540461, 0.0 ], [ 110.388773923677718, -7.233736148204628, 0.0 ], [ 110.388726810893672, -7.233701883135325, 0.0 ], [ 110.388678269986258, -7.233663336393818, 0.0 ], [ 110.388634012549687, -7.233614795486403, 0.0 ], [ 110.388606885399497, -7.233561972007351, 0.0 ], [ 110.388584043518847, -7.233503436934029, 0.0 ], [ 110.388566910534564, -7.233482019579469, 0.0 ], [ 110.388544068653914, -7.233476312481798, 0.0 ], [ 110.38850123754213, -7.233467744640677, 0.0 ], [ 110.388461263576517, -7.233463462069096, 0.0 ], [ 110.388418431565412, -7.233460607620884, 0.0 ], [ 110.388389879889132, -7.233446329984076, 0.0 ], [ 110.388367037109163, -7.233417777408476, 0.0 ], [ 110.388344193429816, -7.233390650258229, 0.0 ], [ 110.38830992925989, -7.233370662825791, 0.0 ], [ 110.388260604143625, -7.233336513769075, 0.0 ], [ 110.388258531206304, -7.233323311721392, 0.0 ], [ 110.388252823209257, -7.23326049407649, 0.0 ], [ 110.38825996022905, -7.233174832752297, 0.0 ], [ 110.388269953495637, -7.233122009273245, 0.0 ], [ 110.38828708737924, -7.233084888856467, 0.0 ], [ 110.388318496201691, -7.233060618852448, 0.0 ], [ 110.388341338082341, -7.233059192527662, 0.0 ], [ 110.388394161561394, -7.233054909056762, 0.0 ], [ 110.388428427529959, -7.233040630520634, 0.0 ], [ 110.388464118923991, -7.233016361415878, 0.0 ], [ 110.388480935346934, -7.233007616408315, 0.0 ], [ 110.38850200016725, -7.233034999865311, 0.0 ], [ 110.38862600048958, -7.233111999818902, 0.0 ], [ 110.388678999336435, -7.233156999196126, 0.0 ], [ 110.388723999612978, -7.233188999772494, 0.0 ], [ 110.388780000396764, -7.233188999772494, 0.0 ], [ 110.388825000673307, -7.233188999772494, 0.0 ], [ 110.388855000258104, -7.233207999749368, 0.0 ], [ 110.388882999750706, -7.233242998665389, 0.0 ], [ 110.388879999612357, -7.233286999795155, 0.0 ], [ 110.38886499981993, -7.233328000786571, 0.0 ], [ 110.388879999612357, -7.233361998757175, 0.0 ], [ 110.388939999681327, -7.23337499935667, 0.0 ], [ 110.389007000073036, -7.233370999172223, 0.0 ], [ 110.38907499961158, -7.233357999472048, 0.0 ], [ 110.389147050595966, -7.233355655838807, 0.0 ], [ 110.38919799988787, -7.233353999287601, 0.0 ], [ 110.389231000510335, -7.233336999402979, 0.0 ], [ 110.389251999680084, -7.233328000786571, 0.0 ], [ 110.389308000463927, -7.233308999910378, 0.0 ], [ 110.389350999748899, -7.233295999310883, 0.0 ], [ 110.3893559999795, -7.233294000117951, 0.0 ], [ 110.38942299947189, -7.233294000117951, 0.0 ], [ 110.389495999241035, -7.233306998918806, 0.0 ], [ 110.389594000163015, -7.233342999679621, 0.0 ], [ 110.389677000393306, -7.233378999541173, 0.0 ], [ 110.389678000439403, -7.233378999541173, 0.0 ], [ 110.389751999355326, -7.233410000071387, 0.0 ], [ 110.389833999539519, -7.233423999817717, 0.0 ], [ 110.389894999654587, -7.233445999932883, 0.0 ], [ 110.389971999608179, -7.23348699912566, 0.0 ], [ 110.389975083383433, -7.233498373750876, 0.0 ], [ 110.389987999446703, -7.233546000047795, 0.0 ], [ 110.389950000392275, -7.233602999978416, 0.0 ], [ 110.389899999885131, -7.233637000647036, 0.0 ], [ 110.389783998133055, -7.233819999193543, 0.0 ], [ 110.389787000070044, -7.233898998340067, 0.0 ], [ 110.389787000070044, -7.234017999331172, 0.0 ], [ 110.389799000623441, -7.23412799990723, 0.0 ], [ 110.389749000116296, -7.234458999882918, 0.0 ], [ 110.389730999286257, -7.234501000021112, 0.0 ], [ 110.389734999470704, -7.234543998406764, 0.0 ], [ 110.38975599953983, -7.234577999075327, 0.0 ], [ 110.389775999562801, -7.234614000735519, 0.0 ], [ 110.389792999447423, -7.23463399895985, 0.0 ], [ 110.389820999839344, -7.234775999212957, 0.0 ], [ 110.389832999493365, -7.234823000481015, 0.0 ], [ 110.389869000254237, -7.234923998843442, 0.0 ], [ 110.389899999885131, -7.234989999189054, 0.0 ], [ 110.389910048010393, -7.235021970087814, 0.0 ], [ 110.389910999493111, -7.235024999903771, 0.0 ], [ 110.389912260536804, -7.235028782278957, 0.0 ], [ 110.389733107689707, -7.235133881294245, 0.0 ] ] ], [ [ [ 110.388656277, -7.235686000999974, 0.0 ], [ 110.387893276999989, -7.236023, 0.0 ], [ 110.387633812251948, -7.236164901959547, 0.0 ], [ 110.387440080695228, -7.236051024734934, 0.0 ], [ 110.387086018504988, -7.235854003959048, 0.0 ], [ 110.386804764528335, -7.23569838797016, 0.0 ], [ 110.386607374131074, -7.235539700796494, 0.0 ], [ 110.386640427813575, -7.23554354449891, 0.0 ], [ 110.386654703651686, -7.23551499192331, 0.0 ], [ 110.386680402678508, -7.235459311298143, 0.0 ], [ 110.38672037754344, -7.235389355734128, 0.0 ], [ 110.386763207755905, -7.235327964413955, 0.0 ], [ 110.38679318935425, -7.235285135100867, 0.0 ], [ 110.386806039767009, -7.235250870031564, 0.0 ], [ 110.386814604010851, -7.235223745579333, 0.0 ], [ 110.386821742829227, -7.235190906834816, 0.0 ], [ 110.386808894215164, -7.235159499811004, 0.0 ], [ 110.386784622412449, -7.235130944537389, 0.0 ], [ 110.386758925184324, -7.235096681266782, 0.0 ], [ 110.386724661014341, -7.23506098897343, 0.0 ], [ 110.386673264759395, -7.235025297579398, 0.0 ], [ 110.38664328226173, -7.234978182996713, 0.0 ], [ 110.386613302462024, -7.234935354582888, 0.0 ], [ 110.386579037392721, -7.234891097146374, 0.0 ], [ 110.386527641137775, -7.234851119583482, 0.0 ], [ 110.386453403002236, -7.234814001864663, 0.0 ], [ 110.3864239906747, -7.234801180230249, 0.0 ], [ 110.38642300052112, -7.234799999420375, 0.0 ], [ 110.386214999922345, -7.234670998867443, 0.0 ], [ 110.386190999714927, -7.234638999190395, 0.0 ], [ 110.386165999461355, -7.234570999651851, 0.0 ], [ 110.386132999738209, -7.234536999882607, 0.0 ], [ 110.386076999853742, -7.234501000021112, 0.0 ], [ 110.386028000292015, -7.234484998383948, 0.0 ], [ 110.385990999485102, -7.234484998383948, 0.0 ], [ 110.385934999600636, -7.234468998545424, 0.0 ], [ 110.385890000223412, -7.234433999629346, 0.0 ], [ 110.385835000385043, -7.234338999744978, 0.0 ], [ 110.385824999923841, -7.234299999745133, 0.0 ], [ 110.385830000154442, -7.234274999491561, 0.0 ], [ 110.385849000131316, -7.234272998500046, 0.0 ], [ 110.385859000592461, -7.234279999722162, 0.0 ], [ 110.385882999900559, -7.234308000114083, 0.0 ], [ 110.385933000407704, -7.234348997508164, 0.0 ], [ 110.38597700063815, -7.234366000090802, 0.0 ], [ 110.386023000061471, -7.234382999975423, 0.0 ], [ 110.386078999945937, -7.234395000528821, 0.0 ], [ 110.386179000060849, -7.234380999883172, 0.0 ], [ 110.386242999414947, -7.234371999468181, 0.0 ], [ 110.386292999922091, -7.234436998868375, 0.0 ], [ 110.386328999783586, -7.234484998383948, 0.0 ], [ 110.386359000267703, -7.234504999306239, 0.0 ], [ 110.386429999944596, -7.234516000712802, 0.0 ], [ 110.3866070000131, -7.234497998983443, 0.0 ], [ 110.386727000150984, -7.23447299962919, 0.0 ], [ 110.38676800024308, -7.23446200002121, 0.0 ], [ 110.386808000289022, -7.234460999075793, 0.0 ], [ 110.386830999551023, -7.234469999490841, 0.0 ], [ 110.38684600024277, -7.234487999421617, 0.0 ], [ 110.386836999827722, -7.234512998775813, 0.0 ], [ 110.386825000173701, -7.234531999652006, 0.0 ], [ 110.3868199999431, -7.234551000528199, 0.0 ], [ 110.386829000358148, -7.234562999282957, 0.0 ], [ 110.38684600024277, -7.234570999651851, 0.0 ], [ 110.386855999804595, -7.234568999559656, 0.0 ], [ 110.386867000311895, -7.234561000090025, 0.0 ], [ 110.386882000104265, -7.234556000758801, 0.0 ], [ 110.386902000127293, -7.234562999282957, 0.0 ], [ 110.386924999389294, -7.234588999582627, 0.0 ], [ 110.386932999758187, -7.234618000020646, 0.0 ], [ 110.386943000219333, -7.234643999420996, 0.0 ], [ 110.386988000495876, -7.234679998383172, 0.0 ], [ 110.387037000057546, -7.234697000066433, 0.0 ], [ 110.387075000011293, -7.234717998336919, 0.0 ], [ 110.387106000541564, -7.234744999582006, 0.0 ], [ 110.387132999988012, -7.234772999973927, 0.0 ], [ 110.387160999480614, -7.234796000135248, 0.0 ], [ 110.387185999734186, -7.234804999650976, 0.0 ], [ 110.387196000195331, -7.234814000066024, 0.0 ], [ 110.38721400012605, -7.234842000457888, 0.0 ], [ 110.387236999388051, -7.234862998728374, 0.0 ], [ 110.387261000494846, -7.234868999904393, 0.0 ], [ 110.387302869332018, -7.234895379717955, 0.0 ], [ 110.387331423706314, -7.23492107694608, 0.0 ], [ 110.387340039211495, -7.234930840885568, 0.0 ], [ 110.387352837463538, -7.234945347849475, 0.0 ], [ 110.387379963714409, -7.234978183896033, 0.0 ], [ 110.387404234617804, -7.234989604386669, 0.0 ], [ 110.387449921077064, -7.235003882922797, 0.0 ], [ 110.387495605737683, -7.235013874390745, 0.0 ], [ 110.387541291297623, -7.235025297579398, 0.0 ], [ 110.387591261227783, -7.23503957251819, 0.0 ], [ 110.387665499363379, -7.235058133625898, 0.0 ], [ 110.387714041170113, -7.235080976405868, 0.0 ], [ 110.387761153954159, -7.235085259876769, 0.0 ], [ 110.387806493275093, -7.23507785845635, 0.0 ], [ 110.387838999270457, -7.235052999396373, 0.0 ], [ 110.387899999385525, -7.235039999696198, 0.0 ], [ 110.387964999685039, -7.235036998658529, 0.0 ], [ 110.388012998301292, -7.235036998658529, 0.0 ], [ 110.388079999592378, -7.235049998358704, 0.0 ], [ 110.388109000030397, -7.235058999673072, 0.0 ], [ 110.388125999915019, -7.23509099935012, 0.0 ], [ 110.388138000468416, -7.235135998727287, 0.0 ], [ 110.388140999707446, -7.235165999211461, 0.0 ], [ 110.388150999269271, -7.235193999603325, 0.0 ], [ 110.388164999914864, -7.235210998588684, 0.0 ], [ 110.38820600000696, -7.235214000525673, 0.0 ], [ 110.388236999637911, -7.235211999534101, 0.0 ], [ 110.388267000122028, -7.235225999280374, 0.0 ], [ 110.388287000144999, -7.235249999487849, 0.0 ], [ 110.388299999845174, -7.235274999741421, 0.0 ], [ 110.388293000421697, -7.235293999718238, 0.0 ], [ 110.388281999914398, -7.235318000825032, 0.0 ], [ 110.388284999153427, -7.23534499937216, 0.0 ], [ 110.388325000098746, -7.235354999833305, 0.0 ], [ 110.38841899903764, -7.235374999856333, 0.0 ], [ 110.38850499940628, -7.235413998956858, 0.0 ], [ 110.388605000420512, -7.235413998956858, 0.0 ], [ 110.388694000028124, -7.235410999717828, 0.0 ], [ 110.388768000742687, -7.235392999787052, 0.0 ], [ 110.38882399972789, -7.235362999302936, 0.0 ], [ 110.38886499981993, -7.23531599983346, 0.0 ], [ 110.388935999496823, -7.235294998865072, 0.0 ], [ 110.388986000003968, -7.23530399928012, 0.0 ], [ 110.389057999726958, -7.235368999579634, 0.0 ], [ 110.389133999634453, -7.235418999187402, 0.0 ], [ 110.38918699938057, -7.235428999648548, 0.0 ], [ 110.389190569689106, -7.235429594999744, 0.0 ], [ 110.389191975202138, -7.235429829243947, 0.0 ], [ 110.388656277, -7.235686000999974, 0.0 ] ] ], [ [ [ 110.387328277, -7.236332, 0.0 ], [ 110.38719829578379, -7.236440624529117, 0.0 ], [ 110.387176084708585, -7.236426489890562, 0.0 ], [ 110.387034744557866, -7.236346541059959, 0.0 ], [ 110.386901969550308, -7.236270873901674, 0.0 ], [ 110.386750636133002, -7.236178074658369, 0.0 ], [ 110.386699239878055, -7.236153805553613, 0.0 ], [ 110.386660693136548, -7.236128107426168, 0.0 ], [ 110.386630711538146, -7.236105264646199, 0.0 ], [ 110.386597874592326, -7.23608670263917, 0.0 ], [ 110.386563611321662, -7.236065289781266, 0.0 ], [ 110.386533629723317, -7.236052439368507, 0.0 ], [ 110.386503649024235, -7.236053867491933, 0.0 ], [ 110.386465101383408, -7.236049584021032, 0.0 ], [ 110.386433693460219, -7.236045300550131, 0.0 ], [ 110.386409422556881, -7.236051012144458, 0.0 ], [ 110.386333754499219, -7.236069571453527, 0.0 ], [ 110.386324434824871, -7.236072766744769, 0.0 ], [ 110.386323478845554, -7.236062255468653, 0.0 ], [ 110.386336094535181, -7.235996878353205, 0.0 ], [ 110.38635037037335, -7.23594976466984, 0.0 ], [ 110.386356202476804, -7.235930812357083, 0.0 ], [ 110.386432000036848, -7.235796998632509, 0.0 ], [ 110.386564153612881, -7.235550133831566, 0.0 ], [ 110.386637728048754, -7.2355984508078, 0.0 ], [ 110.386796200284493, -7.23571694637991, 0.0 ], [ 110.387081735034087, -7.235876846739018, 0.0 ], [ 110.38744722041298, -7.236076722862435, 0.0 ], [ 110.38761531341747, -7.236175019021232, 0.0 ], [ 110.387328277, -7.236332, 0.0 ] ] ], [ [ [ 110.386975276999976, -7.236627, 0.0 ], [ 110.386692276000019, -7.237204001, 0.0 ], [ 110.386626486974734, -7.237435529723943, 0.0 ], [ 110.386614000335896, -7.237433999479435, 0.0 ], [ 110.386611998445005, -7.237433755763163, 0.0 ], [ 110.38653200015176, -7.23742399901829, 0.0 ], [ 110.386286000498558, -7.237366999986989, 0.0 ], [ 110.386201000176072, -7.237331998372952, 0.0 ], [ 110.386172000637373, -7.2373229997566, 0.0 ], [ 110.386165999461355, -7.237317999525999, 0.0 ], [ 110.386142000153257, -7.23728899908798, 0.0 ], [ 110.386122000130285, -7.237246999849106, 0.0 ], [ 110.386114999807432, -7.237200999526465, 0.0 ], [ 110.386097999922811, -7.237128998904154, 0.0 ], [ 110.386034999715548, -7.236976999988485, 0.0 ], [ 110.386044000130539, -7.236905999412272, 0.0 ], [ 110.386028000292015, -7.236856999850602, 0.0 ], [ 110.385985000107723, -7.236823000081358, 0.0 ], [ 110.385847000039064, -7.236785999274389, 0.0 ], [ 110.385830000154442, -7.236749999412893, 0.0 ], [ 110.385831999347374, -7.236708999320797, 0.0 ], [ 110.38585400036186, -7.236658999713029, 0.0 ], [ 110.385958999808054, -7.236505998952623, 0.0 ], [ 110.385994999669549, -7.236460999575399, 0.0 ], [ 110.386045000176694, -7.236436998468662, 0.0 ], [ 110.386092999692266, -7.236436998468662, 0.0 ], [ 110.386136999922655, -7.236445000636252, 0.0 ], [ 110.386188999622675, -7.23646899994435, 0.0 ], [ 110.386249000590965, -7.236510999183224, 0.0 ], [ 110.386302999483917, -7.236557000405185, 0.0 ], [ 110.38634064870206, -7.236579442986852, 0.0 ], [ 110.386347515925195, -7.2365451059718, 0.0 ], [ 110.386353227519521, -7.236482290125537, 0.0 ], [ 110.38635465474357, -7.236433747419483, 0.0 ], [ 110.386351307466953, -7.236405858543492, 0.0 ], [ 110.38635037127267, -7.236398056924713, 0.0 ], [ 110.386334667311132, -7.236372357897949, 0.0 ], [ 110.386318963349538, -7.236340949075498, 0.0 ], [ 110.386303257589304, -7.236296691638984, 0.0 ], [ 110.38630558683343, -7.236261761970695, 0.0 ], [ 110.386310921611823, -7.236250427814923, 0.0 ], [ 110.386326101268594, -7.236239585588351, 0.0 ], [ 110.386330781340575, -7.23623559799438, 0.0 ], [ 110.386339510160326, -7.236202864470556, 0.0 ], [ 110.386338253807423, -7.236161082867625, 0.0 ], [ 110.386338123405721, -7.236159107057119, 0.0 ], [ 110.386336094535181, -7.236128225237337, 0.0 ], [ 110.386330265129686, -7.236111326976129, 0.0 ], [ 110.386330384739551, -7.236111092253054, 0.0 ], [ 110.386328805530013, -7.236101230287488, 0.0 ], [ 110.386386578877591, -7.236079564720114, 0.0 ], [ 110.386419415823468, -7.236068143330101, 0.0 ], [ 110.386453679993394, -7.236056722839464, 0.0 ], [ 110.386497937429908, -7.23606386075852, 0.0 ], [ 110.386575031812356, -7.236103835623453, 0.0 ], [ 110.386674969874036, -7.236163797920881, 0.0 ], [ 110.386756346828008, -7.236205200909239, 0.0 ], [ 110.386903397673734, -7.236300855500019, 0.0 ], [ 110.387057587337836, -7.236380806129262, 0.0 ], [ 110.387180368179486, -7.236453617040752, 0.0 ], [ 110.387181764314064, -7.236454439780019, 0.0 ], [ 110.386975276999976, -7.236627, 0.0 ] ] ], [ [ [ 110.383359724371871, -7.233386856018569, 0.0 ], [ 110.383373080203569, -7.233385742657845, 0.0 ], [ 110.383398722573077, -7.233417539088123, 0.0 ], [ 110.383445835357065, -7.23342753235471, 0.0 ], [ 110.383501514183592, -7.233418964513533, 0.0 ], [ 110.383541489947845, -7.233403260551995, 0.0 ], [ 110.383572897870977, -7.233388985613146, 0.0 ], [ 110.383590030855316, -7.233381846794771, 0.0 ], [ 110.383604307592805, -7.23338327491814, 0.0 ], [ 110.38363000482093, -7.233408973045641, 0.0 ], [ 110.383658559195226, -7.233438952845347, 0.0 ], [ 110.383681401975196, -7.233464651872112, 0.0 ], [ 110.383698534060159, -7.233488922775507, 0.0 ], [ 110.383709955450172, -7.233526040494326, 0.0 ], [ 110.383708528226066, -7.233584575567647, 0.0 ], [ 110.383709955450172, -7.233630262926226, 0.0 ], [ 110.383724232187603, -7.233674519463477, 0.0 ], [ 110.383744219620098, -7.233727342942473, 0.0 ], [ 110.383772773994394, -7.233758752664244, 0.0 ], [ 110.383797043099094, -7.233778740096739, 0.0 ], [ 110.383835590739977, -7.233800155652602, 0.0 ], [ 110.383859861643373, -7.233837274270741, 0.0 ], [ 110.383866999562429, -7.233891525873162, 0.0 ], [ 110.383849867477466, -7.233935785108372, 0.0 ], [ 110.383839874210878, -7.233958626989022, 0.0 ], [ 110.383832736291822, -7.233988608587367, 0.0 ], [ 110.383829100332775, -7.234014047710104, 0.0 ], [ 110.383816998156021, -7.234011999953793, 0.0 ], [ 110.383813159849524, -7.234011039477821, 0.0 ], [ 110.383805610040952, -7.234018587487753, 0.0 ], [ 110.383784194485031, -7.234037148595462, 0.0 ], [ 110.383751357539154, -7.234057137826596, 0.0 ], [ 110.383719948716703, -7.234089973873154, 0.0 ], [ 110.383678545728344, -7.234132804085618, 0.0 ], [ 110.383612874534606, -7.234179916869607, 0.0 ], [ 110.383555765786014, -7.234221321656605, 0.0 ], [ 110.383507224878599, -7.234247017985467, 0.0 ], [ 110.38344298000959, -7.234247017985467, 0.0 ], [ 110.383377307017156, -7.23423702471888, 0.0 ], [ 110.383298784511339, -7.234221321656605, 0.0 ], [ 110.383223118252374, -7.234205616795748, 0.0 ], [ 110.383121752966588, -7.234194194506415, 0.0 ], [ 110.38301182253764, -7.234179916869607, 0.0 ], [ 110.382919021495695, -7.234165641031439, 0.0 ], [ 110.382844783360099, -7.234144224576255, 0.0 ], [ 110.382794814329259, -7.23412423804308, 0.0 ], [ 110.382741990850263, -7.234088545749728, 0.0 ], [ 110.38270344320938, -7.234037148595462, 0.0 ], [ 110.382662041120341, -7.23395577164149, 0.0 ], [ 110.38265775764944, -7.233900092814963, 0.0 ], [ 110.382684883900311, -7.233862973297505, 0.0 ], [ 110.382698042780532, -7.233858085482211, 0.0 ], [ 110.382734852031831, -7.233844413089173, 0.0 ], [ 110.382780537591771, -7.233817287737565, 0.0 ], [ 110.382823367804235, -7.23376446425857, 0.0 ], [ 110.382850494055106, -7.233713068003624, 0.0 ], [ 110.382873336835075, -7.233655961053728, 0.0 ], [ 110.38293513464879, -7.233586683578551, 0.0 ], [ 110.382974714711395, -7.233562539479578, 0.0 ], [ 110.38300974600304, -7.233525202326177, 0.0 ], [ 110.383048941155778, -7.233491778123039, 0.0 ], [ 110.383022880601516, -7.233286038419863, 0.0 ], [ 110.383021814904907, -7.233277624362813, 0.0 ], [ 110.383035397365745, -7.233276105407867, 0.0 ], [ 110.383134392937961, -7.233265028458277, 0.0 ], [ 110.383225972700529, -7.233254781582843, 0.0 ], [ 110.383258809646406, -7.233286192203934, 0.0 ], [ 110.383291645692964, -7.233317601026442, 0.0 ], [ 110.383335904028797, -7.23336043213817, 0.0 ], [ 110.383350179866966, -7.233374708875658, 0.0 ], [ 110.383359724371871, -7.233386856018569, 0.0 ] ] ], [ [ [ 110.388796265535291, -7.233121808724434, 0.0 ], [ 110.388781988797803, -7.233120381500385, 0.0 ], [ 110.388757717894407, -7.233113241782632, 0.0 ], [ 110.388734875114437, -7.233096109697669, 0.0 ], [ 110.388724859364856, -7.233089041026403, 0.0 ], [ 110.388699000258725, -7.233084999473078, 0.0 ], [ 110.388663999544008, -7.233044999427136, 0.0 ], [ 110.38864635844277, -7.233018046745428, 0.0 ], [ 110.38864635844277, -7.232996172535309, 0.0 ], [ 110.388644932117984, -7.232963336488751, 0.0 ], [ 110.388636365176183, -7.232903372392684, 0.0 ], [ 110.38862351656212, -7.232857687732064, 0.0 ], [ 110.388576402878755, -7.232787733067369, 0.0 ], [ 110.388560698917161, -7.232737763137209, 0.0 ], [ 110.388543565932878, -7.232680657086632, 0.0 ], [ 110.388522152175653, -7.232624975562146, 0.0 ], [ 110.388500736619733, -7.232562158816506, 0.0 ], [ 110.388456478283899, -7.232509333538871, 0.0 ], [ 110.388435062728036, -7.232470786797307, 0.0 ], [ 110.388403655704224, -7.232406541928299, 0.0 ], [ 110.388397944109897, -7.232372276859053, 0.0 ], [ 110.388406510152379, -7.232346579630871, 0.0 ], [ 110.388432208279823, -7.232319453380001, 0.0 ], [ 110.388470755021388, -7.23229232892777, 0.0 ], [ 110.38850209099877, -7.232289853993507, 0.0 ], [ 110.388524000282473, -7.232302999383876, 0.0 ], [ 110.388555999959465, -7.232345999568167, 0.0 ], [ 110.388604000374357, -7.232402999498788, 0.0 ], [ 110.388619000166784, -7.232412000813156, 0.0 ], [ 110.388627999682512, -7.232417997492519, 0.0 ], [ 110.388660545248001, -7.232469386552907, 0.0 ], [ 110.388666000535579, -7.232477997561489, 0.0 ], [ 110.38870100035092, -7.232547999890244, 0.0 ], [ 110.388723000466143, -7.232634998506342, 0.0 ], [ 110.3887409994976, -7.232677999589953, 0.0 ], [ 110.388765999751172, -7.232728000097097, 0.0 ], [ 110.388797999428164, -7.232778000604185, 0.0 ], [ 110.38882399972789, -7.232835000534806, 0.0 ], [ 110.38882399972789, -7.232873393492241, 0.0 ], [ 110.388831956929323, -7.232917650029492, 0.0 ], [ 110.388833385052749, -7.232951914199418, 0.0 ], [ 110.388831956929323, -7.232996172535309, 0.0 ], [ 110.388817681091155, -7.233046142465469, 0.0 ], [ 110.38881625026977, -7.233080405736075, 0.0 ], [ 110.388809113250034, -7.233110386435158, 0.0 ], [ 110.388796265535291, -7.233121808724434, 0.0 ] ] ], [ [ [ 110.388098633545155, -7.232582346797813, 0.0 ], [ 110.388137180286719, -7.232568071858964, 0.0 ], [ 110.388152885147576, -7.232553795121476, 0.0 ], [ 110.388163823601644, -7.23254221185357, 0.0 ], [ 110.388176999568941, -7.232551999175371, 0.0 ], [ 110.38817199933834, -7.232579999567292, 0.0 ], [ 110.388170515456977, -7.23258169568868, 0.0 ], [ 110.388137000422319, -7.232620000512554, 0.0 ], [ 110.388074999361777, -7.232677000443175, 0.0 ], [ 110.3880450006763, -7.232723999013274, 0.0 ], [ 110.388016000238281, -7.232778000604185, 0.0 ], [ 110.388006999823233, -7.23282799841337, 0.0 ], [ 110.387984000561232, -7.23287699977368, 0.0 ], [ 110.387943000469136, -7.232935999796496, 0.0 ], [ 110.387917641386082, -7.233002319401464, 0.0 ], [ 110.387890192278633, -7.23300065745434, 0.0 ], [ 110.387867350397983, -7.23300065745434, 0.0 ], [ 110.387823092062092, -7.232999229330915, 0.0 ], [ 110.387788826992846, -7.232997800308169, 0.0 ], [ 110.387750280251282, -7.23299637398344, 0.0 ], [ 110.38771458885725, -7.232993518635908, 0.0 ], [ 110.387674613092997, -7.232987807041638, 0.0 ], [ 110.387660337254829, -7.232982095447312, 0.0 ], [ 110.387630354757107, -7.232970675855938, 0.0 ], [ 110.387600374058081, -7.232943549605068, 0.0 ], [ 110.387578958502218, -7.232926416620785, 0.0 ], [ 110.387551833150667, -7.232899291269234, 0.0 ], [ 110.387533272942278, -7.232873594041109, 0.0 ], [ 110.38751899710411, -7.232835044601586, 0.0 ], [ 110.387504720366621, -7.232802208555029, 0.0 ], [ 110.387503292243196, -7.232743674381027, 0.0 ], [ 110.387516141756578, -7.232707982986994, 0.0 ], [ 110.387491870853239, -7.23266515277453, 0.0 ], [ 110.38749615432414, -7.232620894438696, 0.0 ], [ 110.38749615342482, -7.232599479782095, 0.0 ], [ 110.387490443629133, -7.232563787488743, 0.0 ], [ 110.387491870853239, -7.232520956377016, 0.0 ], [ 110.387499009671615, -7.232482410534772, 0.0 ], [ 110.38749615342482, -7.232439579422987, 0.0 ], [ 110.387486160158232, -7.232426730808925, 0.0 ], [ 110.387461890154157, -7.232391038515573, 0.0 ], [ 110.387461890154157, -7.23235677344627, 0.0 ], [ 110.387477594115751, -7.232323937399769, 0.0 ], [ 110.387509002038882, -7.232302521843849, 0.0 ], [ 110.387534700166327, -7.232281108086624, 0.0 ], [ 110.387547549679709, -7.232256837183229, 0.0 ], [ 110.387554688498142, -7.232225427461458, 0.0 ], [ 110.387574679527916, -7.232192809950163, 0.0 ], [ 110.387606000216806, -7.232246998600033, 0.0 ], [ 110.387690805386399, -7.232293874862364, 0.0 ], [ 110.387693841497651, -7.232295554795996, 0.0 ], [ 110.387697457671607, -7.2323010946198, 0.0 ], [ 110.387720298652937, -7.232329648994039, 0.0 ], [ 110.387750280251282, -7.232368196634923, 0.0 ], [ 110.387781689073734, -7.232421020113918, 0.0 ], [ 110.387814525120291, -7.232466706573177, 0.0 ], [ 110.387847362965488, -7.232500969843841, 0.0 ], [ 110.387901613668589, -7.232532379565612, 0.0 ], [ 110.38795015547538, -7.232552366098787, 0.0 ], [ 110.388012972220963, -7.232576637002126, 0.0 ], [ 110.388044381942734, -7.232580920473026, 0.0 ], [ 110.388098633545155, -7.232582346797813, 0.0 ] ] ], [ [ [ 110.383470686323165, -7.232044415517294, 0.0 ], [ 110.383520655354005, -7.232042035911206, 0.0 ], [ 110.383577761404638, -7.232042035911206, 0.0 ], [ 110.383614643501062, -7.232043226613598, 0.0 ], [ 110.38365390430431, -7.232069398683734, 0.0 ], [ 110.38368840769391, -7.232093194745119, 0.0 ], [ 110.38371339175967, -7.232113419598591, 0.0 ], [ 110.383726477794767, -7.232143162876639, 0.0 ], [ 110.383741944335327, -7.232175286660095, 0.0 ], [ 110.383757410875887, -7.232191943003727, 0.0 ], [ 110.38372982956804, -7.232217552997611, 0.0 ], [ 110.383728999493769, -7.232216999914556, 0.0 ], [ 110.383716956672288, -7.232215770541359, 0.0 ], [ 110.383677698566999, -7.232253808266591, 0.0 ], [ 110.383634867455214, -7.232288311656191, 0.0 ], [ 110.383601555667326, -7.23231805493424, 0.0 ], [ 110.38356348466715, -7.232344227004432, 0.0 ], [ 110.383533740489781, -7.232370401772585, 0.0 ], [ 110.383500428701893, -7.232398955247561, 0.0 ], [ 110.383473065029989, -7.232420370803425, 0.0 ], [ 110.383432613524349, -7.232432267934769, 0.0 ], [ 110.383406439655516, -7.232435837343985, 0.0 ], [ 110.383387403705797, -7.232437026247737, 0.0 ], [ 110.383329106952772, -7.23240252465672, 0.0 ], [ 110.383276760114427, -7.23235255472656, 0.0 ], [ 110.383238688214931, -7.232322814146528, 0.0 ], [ 110.383224412376762, -7.232319243837992, 0.0 ], [ 110.383201807017826, -7.232319243837992, 0.0 ], [ 110.383164924921402, -7.232315674428776, 0.0 ], [ 110.383132802037267, -7.232314484625704, 0.0 ], [ 110.383080453400282, -7.232310913417848, 0.0 ], [ 110.383017398334346, -7.232314484625704, 0.0 ], [ 110.382965049697361, -7.232320433641064, 0.0 ], [ 110.382910322353553, -7.232321623444136, 0.0 ], [ 110.382873441156448, -7.232313294822632, 0.0 ], [ 110.382871061550304, -7.23229306906984, 0.0 ], [ 110.382913890863449, -7.232259755483256, 0.0 ], [ 110.382957911778249, -7.232228824200831, 0.0 ], [ 110.382984085647081, -7.232203840135071, 0.0 ], [ 110.383025725157154, -7.232175286660095, 0.0 ], [ 110.383060301391879, -7.232158784999854, 0.0 ], [ 110.383069978996389, -7.232154166081841, 0.0 ], [ 110.383070046445539, -7.232152032889985, 0.0 ], [ 110.38309829954693, -7.232132456447687, 0.0 ], [ 110.383150648183914, -7.23209795395735, 0.0 ], [ 110.383192288593307, -7.232075348598414, 0.0 ], [ 110.383230360492803, -7.23205393304255, 0.0 ], [ 110.383264861184443, -7.23203846560267, 0.0 ], [ 110.383327918049019, -7.23203251748663, 0.0 ], [ 110.383401681342605, -7.23203846650199, 0.0 ], [ 110.383470686323165, -7.232044415517294, 0.0 ] ] ], [ [ [ 110.384724680299826, -7.23112603863575, 0.0 ], [ 110.384740147739706, -7.23112009051971, 0.0 ], [ 110.38477702983613, -7.231087966736254, 0.0 ], [ 110.384813911932554, -7.231041567114573, 0.0 ], [ 110.384943591473643, -7.230759601774139, 0.0 ], [ 110.384922176817042, -7.230682268172075, 0.0 ], [ 110.384913849094914, -7.230634680546018, 0.0 ], [ 110.384897191851962, -7.230584711515178, 0.0 ], [ 110.384888864129834, -7.23054544981261, 0.0 ], [ 110.384888864129834, -7.230512137125402, 0.0 ], [ 110.384898382554354, -7.23049547988245, 0.0 ], [ 110.384938832261355, -7.230499050190986, 0.0 ], [ 110.384985231882979, -7.230509757519258, 0.0 ], [ 110.385024494484867, -7.230527604565225, 0.0 ], [ 110.385062564585724, -7.230547828519434, 0.0 ], [ 110.385099445782885, -7.230566863569834, 0.0 ], [ 110.3851470361069, -7.230591848534914, 0.0 ], [ 110.385193434829205, -7.230597796650954, 0.0 ], [ 110.385249351976086, -7.230602556762562, 0.0 ], [ 110.385300510809998, -7.230612074287762, 0.0 ], [ 110.38535166964391, -7.230626351025251, 0.0 ], [ 110.38540163867475, -7.230637057454203, 0.0 ], [ 110.385443278184823, -7.230646576778042, 0.0 ], [ 110.385475401068959, -7.230647766581114, 0.0 ], [ 110.385507523953152, -7.230641817565754, 0.0 ], [ 110.385532508918232, -7.230614454793226, 0.0 ], [ 110.385540836640359, -7.230596608646522, 0.0 ], [ 110.385577718736783, -7.230581142105962, 0.0 ], [ 110.385609840721656, -7.230572812585194, 0.0 ], [ 110.385662189358641, -7.230571624580762, 0.0 ], [ 110.38569074283356, -7.23057638289373, 0.0 ], [ 110.385713346393857, -7.230608505777866, 0.0 ], [ 110.385713346393857, -7.23067037194005, 0.0 ], [ 110.385713346393857, -7.230717960465483, 0.0 ], [ 110.385710967687089, -7.230760790677891, 0.0 ], [ 110.385700260358817, -7.230785774743651, 0.0 ], [ 110.385693121540385, -7.230803620890356, 0.0 ], [ 110.385708588980265, -7.230833364168348, 0.0 ], [ 110.385737142455241, -7.230838123380636, 0.0 ], [ 110.385781162470721, -7.230838121581996, 0.0 ], [ 110.385814475157986, -7.230842882592924, 0.0 ], [ 110.385853735961234, -7.230851208516412, 0.0 ], [ 110.385872044359417, -7.230855277948649, 0.0 ], [ 110.385861999831491, -7.230873999135724, 0.0 ], [ 110.385794999439725, -7.23090400051916, 0.0 ], [ 110.385734999370811, -7.230930999066288, 0.0 ], [ 110.385695000224132, -7.230957998512793, 0.0 ], [ 110.38566999997056, -7.230973999250637, 0.0 ], [ 110.385645999763142, -7.231022999711627, 0.0 ], [ 110.385642999624793, -7.231065998996598, 0.0 ], [ 110.385645999763142, -7.231172998534987, 0.0 ], [ 110.385638000293511, -7.23120299991848, 0.0 ], [ 110.385616000178345, -7.231248999341801, 0.0 ], [ 110.385575000086249, -7.231345998419044, 0.0 ], [ 110.385569999855647, -7.231405998488015, 0.0 ], [ 110.385578000224598, -7.231479000055742, 0.0 ], [ 110.385625999740171, -7.231624999594032, 0.0 ], [ 110.38566699983221, -7.231690000792867, 0.0 ], [ 110.385688999947433, -7.231716998440675, 0.0 ], [ 110.385732000131782, -7.231716998440675, 0.0 ], [ 110.385767999993277, -7.231714000100965, 0.0 ], [ 110.385799999670326, -7.231725000608265, 0.0 ], [ 110.385830000154442, -7.231738998555898, 0.0 ], [ 110.385861999831491, -7.231822998832286, 0.0 ], [ 110.385872999439414, -7.231852999316402, 0.0 ], [ 110.385911000292481, -7.231858000446323, 0.0 ], [ 110.385933000407704, -7.231843999800731, 0.0 ], [ 110.385936000546053, -7.231814998463335, 0.0 ], [ 110.385941000776597, -7.231776999408964, 0.0 ], [ 110.385973999600481, -7.231757999432091, 0.0 ], [ 110.386006000176849, -7.231768999040014, 0.0 ], [ 110.386035999761646, -7.231814998463335, 0.0 ], [ 110.386054999738519, -7.231868999154926, 0.0 ], [ 110.386066000245762, -7.231927999177799, 0.0 ], [ 110.385978999831025, -7.232109999476847, 0.0 ], [ 110.385968000223102, -7.232141999153896, 0.0 ], [ 110.385937999738985, -7.232158999038518, 0.0 ], [ 110.385897999692986, -7.232163997470479, 0.0 ], [ 110.385837999624016, -7.232141999153896, 0.0 ], [ 110.385770000085472, -7.232125998416052, 0.0 ], [ 110.385749000016403, -7.232094000537643, 0.0 ], [ 110.385695000224132, -7.232063998254887, 0.0 ], [ 110.385650999993743, -7.232085000122595, 0.0 ], [ 110.385624999694016, -7.232089998554557, 0.0 ], [ 110.385575000086249, -7.232092000445391, 0.0 ], [ 110.385539999371531, -7.232078999845896, 0.0 ], [ 110.385518998403143, -7.232044000030555, 0.0 ], [ 110.38549535702515, -7.232024829182478, 0.0 ], [ 110.385514569242048, -7.231984005357504, 0.0 ], [ 110.385496723095343, -7.231939391789467, 0.0 ], [ 110.385449133670647, -7.231885851550771, 0.0 ], [ 110.385407492361935, -7.231844212040698, 0.0 ], [ 110.385348006705215, -7.231808519747347, 0.0 ], [ 110.385294469164478, -7.231775802411278, 0.0 ], [ 110.385255801913786, -7.23175498130729, 0.0 ], [ 110.385178470110361, -7.231740111916565, 0.0 ], [ 110.385130879786345, -7.231740111916565, 0.0 ], [ 110.385092213434973, -7.231743084175946, 0.0 ], [ 110.385071394129568, -7.231769854295294, 0.0 ], [ 110.385068420071605, -7.231826365894051, 0.0 ], [ 110.385086266218252, -7.231888826508111, 0.0 ], [ 110.385104110566317, -7.231948313963471, 0.0 ], [ 110.385107086422977, -7.231989953473544, 0.0 ], [ 110.385116008596981, -7.23203456884022, 0.0 ], [ 110.385133854743685, -7.232070262032892, 0.0 ], [ 110.385166572979017, -7.232102977570321, 0.0 ], [ 110.385178374782242, -7.232105930044611, 0.0 ], [ 110.385189000272192, -7.232125998416052, 0.0 ], [ 110.385216999764793, -7.23213499973042, 0.0 ], [ 110.38525799985689, -7.232129998600499, 0.0 ], [ 110.385287999441687, -7.232121999130925, 0.0 ], [ 110.385346000317725, -7.232120000837313, 0.0 ], [ 110.385408999625668, -7.232117998946421, 0.0 ], [ 110.385465000409511, -7.232120000837313, 0.0 ], [ 110.385472999879084, -7.232136998923295, 0.0 ], [ 110.385465000409511, -7.232147998531275, 0.0 ], [ 110.385425999510346, -7.232158999038518, 0.0 ], [ 110.385336999902677, -7.232199999130614, 0.0 ], [ 110.385174999626599, -7.232236999038207, 0.0 ], [ 110.38504499992689, -7.232241999268808, 0.0 ], [ 110.384980999673473, -7.232239000029779, 0.0 ], [ 110.384934999350776, -7.232226999476381, 0.0 ], [ 110.384900000434754, -7.232197999937682, 0.0 ], [ 110.384887999881357, -7.232152999661139, 0.0 ], [ 110.384872999189611, -7.232118999891895, 0.0 ], [ 110.384844127354654, -7.232103509069645, 0.0 ], [ 110.384845345936014, -7.232079184206953, 0.0 ], [ 110.384845345036695, -7.232010773678212, 0.0 ], [ 110.384851293152735, -7.231957237036795, 0.0 ], [ 110.384904832492111, -7.231912622569439, 0.0 ], [ 110.384955395075508, -7.231873955318747, 0.0 ], [ 110.3849940623262, -7.231841238881998, 0.0 ], [ 110.385020829747532, -7.231790673600642, 0.0 ], [ 110.385020830646852, -7.231746060032606, 0.0 ], [ 110.38498811331084, -7.23169847060791, 0.0 ], [ 110.384961342292172, -7.231671700488562, 0.0 ], [ 110.384916728724136, -7.231662777415181, 0.0 ], [ 110.384854268110018, -7.231668726430541, 0.0 ], [ 110.384791807495958, -7.231695496549889, 0.0 ], [ 110.384723396967274, -7.231731187943922, 0.0 ], [ 110.384640117047809, -7.231781751426638, 0.0 ], [ 110.384589553565093, -7.23181744282067, 0.0 ], [ 110.384541964140396, -7.231865032245423, 0.0 ], [ 110.384509245905008, -7.231903699496115, 0.0 ], [ 110.384467606394992, -7.231936416832127, 0.0 ], [ 110.384417042012956, -7.231969135067459, 0.0 ], [ 110.384369452588203, -7.232001852403528, 0.0 ], [ 110.384327813078187, -7.232022670809556, 0.0 ], [ 110.384309966032163, -7.232028620724236, 0.0 ], [ 110.384289145827495, -7.232007800519511, 0.0 ], [ 110.384309966032163, -7.231948313963471, 0.0 ], [ 110.384351606441555, -7.231885851550771, 0.0 ], [ 110.384375401603563, -7.231838263924715, 0.0 ], [ 110.384408118939575, -7.231775802411278, 0.0 ], [ 110.384449760248287, -7.231710366839934, 0.0 ], [ 110.384482476685037, -7.231659804256537, 0.0 ], [ 110.384493188509907, -7.231641952713915, 0.0 ], [ 110.384515288449848, -7.231617396725426, 0.0 ], [ 110.384549790940184, -7.231575754517394, 0.0 ], [ 110.384605708986328, -7.231528167790657, 0.0 ], [ 110.38465686692092, -7.231490094991841, 0.0 ], [ 110.384698508229633, -7.231453214694056, 0.0 ], [ 110.384748476361153, -7.231429419532049, 0.0 ], [ 110.38478654646201, -7.231406815072432, 0.0 ], [ 110.384832946982954, -7.231380639404961, 0.0 ], [ 110.384863880064074, -7.231363983960648, 0.0 ], [ 110.384882916013851, -7.231352086829304, 0.0 ], [ 110.384888864129834, -7.231334241581919, 0.0 ], [ 110.38488648542301, -7.231314014929808, 0.0 ], [ 110.384844844114298, -7.231269995813591, 0.0 ], [ 110.384822239654682, -7.231253339470015, 0.0 ], [ 110.384769891017697, -7.231242632141686, 0.0 ], [ 110.384753235573442, -7.231241440539975, 0.0 ], [ 110.384702076739529, -7.231255718176783, 0.0 ], [ 110.384686610198969, -7.231285461454831, 0.0 ], [ 110.384643779986504, -7.231339000794208, 0.0 ], [ 110.38460689789008, -7.231380639404961, 0.0 ], [ 110.384580724021248, -7.231413952991488, 0.0 ], [ 110.38454741043472, -7.231455593400881, 0.0 ], [ 110.384518857859064, -7.231485336678872, 0.0 ], [ 110.384492683990231, -7.231507942037865, 0.0 ], [ 110.384442715858711, -7.231553150957097, 0.0 ], [ 110.384378470090383, -7.231584084937538, 0.0 ], [ 110.384341587993958, -7.231581704432074, 0.0 ], [ 110.384290428260726, -7.231554340760169, 0.0 ], [ 110.38426782559975, -7.231534115906697, 0.0 ], [ 110.384235702715557, -7.231506750436154, 0.0 ], [ 110.384208339043653, -7.231479387663569, 0.0 ], [ 110.38418692168915, -7.231461542416184, 0.0 ], [ 110.384172646750301, -7.231444886072609, 0.0 ], [ 110.384098882557453, -7.23137469128892, 0.0 ], [ 110.384051292233437, -7.231350896126912, 0.0 ], [ 110.384010843425756, -7.231321153748183, 0.0 ], [ 110.383989428769155, -7.231293790975599, 0.0 ], [ 110.383985859359996, -7.231275944828951, 0.0 ], [ 110.384025120163244, -7.231274754126559, 0.0 ], [ 110.38406675967326, -7.231277133732704, 0.0 ], [ 110.384120297213997, -7.231305688107, 0.0 ], [ 110.384178595765661, -7.231328293465936, 0.0 ], [ 110.384210717750477, -7.231343759107176, 0.0 ], [ 110.384248788750654, -7.231360414551432, 0.0 ], [ 110.384290428260726, -7.231371122779024, 0.0 ], [ 110.384346347206247, -7.231377070895064, 0.0 ], [ 110.384370141468935, -7.231361603455184, 0.0 ], [ 110.384379659893455, -7.231336619389424, 0.0 ], [ 110.384364193352894, -7.231306875212056, 0.0 ], [ 110.384342777797031, -7.231283081848687, 0.0 ], [ 110.384330879766367, -7.231266426404432, 0.0 ], [ 110.384329691761934, -7.23124025073696, 0.0 ], [ 110.384353486024622, -7.231217648075926, 0.0 ], [ 110.384374900681166, -7.231202180636103, 0.0 ], [ 110.384376091383558, -7.231179574377791, 0.0 ], [ 110.384346347206247, -7.231146262589903, 0.0 ], [ 110.384324930751006, -7.231122467427895, 0.0 ], [ 110.38431779373127, -7.23109510375599, 0.0 ], [ 110.384332071368078, -7.231062983569814, 0.0 ], [ 110.384353485125303, -7.231030859786301, 0.0 ], [ 110.384378470090383, -7.230989218477589, 0.0 ], [ 110.384414161484415, -7.230904747855789, 0.0 ], [ 110.384461750909111, -7.230820277233988, 0.0 ], [ 110.384492683990231, -7.230782203535796, 0.0 ], [ 110.384518857859064, -7.230744134334259, 0.0 ], [ 110.384530755889728, -7.230719148469859, 0.0 ], [ 110.384570016692976, -7.230639438858987, 0.0 ], [ 110.38457239629912, -7.230577571797426, 0.0 ], [ 110.384583104526712, -7.230522843554354, 0.0 ], [ 110.384590242445768, -7.230488342862714, 0.0 ], [ 110.384600948874777, -7.230469306912937, 0.0 ], [ 110.38461641541528, -7.230457409781593, 0.0 ], [ 110.384631881955841, -7.230456219079201, 0.0 ], [ 110.384665193743785, -7.230460980090129, 0.0 ], [ 110.384702076739529, -7.230477636433704, 0.0 ], [ 110.384728249709042, -7.230501429797073, 0.0 ], [ 110.384741338442097, -7.230522843554354, 0.0 ], [ 110.384762753098641, -7.230558535847706, 0.0 ], [ 110.384775840033058, -7.230587089322682, 0.0 ], [ 110.384781789048361, -7.230615644596298, 0.0 ], [ 110.38476751231093, -7.230663234020994, 0.0 ], [ 110.384744906951937, -7.230720340071571, 0.0 ], [ 110.384716354376337, -7.230783396936147, 0.0 ], [ 110.384698507330313, -7.230842882592924, 0.0 ], [ 110.38465686692092, -7.230903558052717, 0.0 ], [ 110.384625933839857, -7.230947578967573, 0.0 ], [ 110.384604519183256, -7.230977321346245, 0.0 ], [ 110.3845914304502, -7.230993978589197, 0.0 ], [ 110.384589051743376, -7.231018963554277, 0.0 ], [ 110.38458786283968, -7.23106060216503, 0.0 ], [ 110.384592621152592, -7.23110105456999, 0.0 ], [ 110.384617606117672, -7.231112950802014, 0.0 ], [ 110.384659246527065, -7.231112952600654, 0.0 ], [ 110.384693748118025, -7.231122469226534, 0.0 ], [ 110.384724680299826, -7.23112603863575, 0.0 ] ] ], [ [ [ 110.386087000314888, -7.230016000038347, 0.0 ], [ 110.386100500038083, -7.230029500660862, 0.0 ], [ 110.386129999599859, -7.230058998423999, 0.0 ], [ 110.386157999991781, -7.230116999300037, 0.0 ], [ 110.386183000245353, -7.230177998515785, 0.0 ], [ 110.386205999507354, -7.230232998354154, 0.0 ], [ 110.386215999968499, -7.23028899823862, 0.0 ], [ 110.386239000129819, -7.230313999391512, 0.0 ], [ 110.386286999645392, -7.230324999898755, 0.0 ], [ 110.386338000198634, -7.230301998838115, 0.0 ], [ 110.38638599971415, -7.230345999068561, 0.0 ], [ 110.386418000290519, -7.230377999644929, 0.0 ], [ 110.386439000359644, -7.23042399996757, 0.0 ], [ 110.386440999552576, -7.230467998399376, 0.0 ], [ 110.386449999967567, -7.230579999967006, 0.0 ], [ 110.386503999759839, -7.230691999735939, 0.0 ], [ 110.386507999944286, -7.230741999343763, 0.0 ], [ 110.386496000290265, -7.230786999620307, 0.0 ], [ 110.386475000221139, -7.230827000565569, 0.0 ], [ 110.386446999829218, -7.230863998674579, 0.0 ], [ 110.386421999575703, -7.23089899938924, 0.0 ], [ 110.386383000475178, -7.230944000565103, 0.0 ], [ 110.386355999230034, -7.230985998904657, 0.0 ], [ 110.386378000244576, -7.23109100014949, 0.0 ], [ 110.386393000037003, -7.231130999296113, 0.0 ], [ 110.386424000567217, -7.231183999941607, 0.0 ], [ 110.386456999391044, -7.231216999664753, 0.0 ], [ 110.386491000059664, -7.231238999779976, 0.0 ], [ 110.38651903912239, -7.231246923706522, 0.0 ], [ 110.386537000382305, -7.231251999480151, 0.0 ], [ 110.386595000359023, -7.231257000610071, 0.0 ], [ 110.386647000059043, -7.231266000125743, 0.0 ], [ 110.386745999228538, -7.231325000148615, 0.0 ], [ 110.386863000127391, -7.231349998603491, 0.0 ], [ 110.386893999758342, -7.231345998419044, 0.0 ], [ 110.386953999827313, -7.231336999802636, 0.0 ], [ 110.386985000357527, -7.231313999641316, 0.0 ], [ 110.386990999734905, -7.231300999941141, 0.0 ], [ 110.387005000380498, -7.23126999941087, 0.0 ], [ 110.387024000357371, -7.231218999757004, 0.0 ], [ 110.387046999619372, -7.231152999411336, 0.0 ], [ 110.387090999849818, -7.231109000080266, 0.0 ], [ 110.387176999319138, -7.231066999942072, 0.0 ], [ 110.387354000286962, -7.231017998581706, 0.0 ], [ 110.387387000010108, -7.231013998397259, 0.0 ], [ 110.387414000355875, -7.231030999181201, 0.0 ], [ 110.387467000102049, -7.231060000518539, 0.0 ], [ 110.387493324157617, -7.231061519473485, 0.0 ], [ 110.387518999802069, -7.231062999757569, 0.0 ], [ 110.387521999940418, -7.231062999757569, 0.0 ], [ 110.387522999986516, -7.231062999757569, 0.0 ], [ 110.387564000078612, -7.231069000034267, 0.0 ], [ 110.387605000170709, -7.231075999457744, 0.0 ], [ 110.387740999247796, -7.231220999849199, 0.0 ], [ 110.387753999847291, -7.231253000425568, 0.0 ], [ 110.387759000077835, -7.231301999987238, 0.0 ], [ 110.387757887616488, -7.231310891584315, 0.0 ], [ 110.387751707475388, -7.231311714464027, 0.0 ], [ 110.387733148166319, -7.23132884744831, 0.0 ], [ 110.387713160733824, -7.231355973699181, 0.0 ], [ 110.387680323787947, -7.231391665992533, 0.0 ], [ 110.387644631494595, -7.23142450203909, 0.0 ], [ 110.387613223571464, -7.231467331352235, 0.0 ], [ 110.387577532177431, -7.231528722672351, 0.0 ], [ 110.387567537112204, -7.231597251012261, 0.0 ], [ 110.387567537112204, -7.231655783387623, 0.0 ], [ 110.387560398293829, -7.231740017487766, 0.0 ], [ 110.387533272942278, -7.231811402074527, 0.0 ], [ 110.387497582447509, -7.231865653676948, 0.0 ], [ 110.387467599949844, -7.231914195483682, 0.0 ], [ 110.387449039741455, -7.231985579171123, 0.0 ], [ 110.387447611618029, -7.232015559870149, 0.0 ], [ 110.387441901822399, -7.2320469686926, 0.0 ], [ 110.387439047374187, -7.232089800703704, 0.0 ], [ 110.387421913490584, -7.232129773769998, 0.0 ], [ 110.387389078343347, -7.232138339812479, 0.0 ], [ 110.387347676254308, -7.232128347445212, 0.0 ], [ 110.387306273265949, -7.232099793070972, 0.0 ], [ 110.38726058680669, -7.232065528900989, 0.0 ], [ 110.387233461455139, -7.232042686121019, 0.0 ], [ 110.387194913814255, -7.23201984244173, 0.0 ], [ 110.387149228254316, -7.232004137580816, 0.0 ], [ 110.387119246655971, -7.232011276399248, 0.0 ], [ 110.387120673880077, -7.232059817306663, 0.0 ], [ 110.387143517559366, -7.232104076541873, 0.0 ], [ 110.387169215686811, -7.232119778704771, 0.0 ], [ 110.387203479856794, -7.232136912588373, 0.0 ], [ 110.387240600273572, -7.232146906754281, 0.0 ], [ 110.387269152849171, -7.232151188426542, 0.0 ], [ 110.387297707223468, -7.232168319612185, 0.0 ], [ 110.387313411185062, -7.232195447661752, 0.0 ], [ 110.387334826740926, -7.232246843916641, 0.0 ], [ 110.387367663686803, -7.232308233438175, 0.0 ], [ 110.387399071609934, -7.232386755943992, 0.0 ], [ 110.387399071609934, -7.232442434770519, 0.0 ], [ 110.387380512300865, -7.232485264982927, 0.0 ], [ 110.387344820007513, -7.232475271716396, 0.0 ], [ 110.387314838409111, -7.232449573588895, 0.0 ], [ 110.387279147015079, -7.232409598723962, 0.0 ], [ 110.387253448887634, -7.232371051982398, 0.0 ], [ 110.387226323536083, -7.23232822176999, 0.0 ], [ 110.387212045899275, -7.232315371357231, 0.0 ], [ 110.387207763327694, -7.232315370457911, 0.0 ], [ 110.387196341937681, -7.232323937399769, 0.0 ], [ 110.387199197285213, -7.232366768511497, 0.0 ], [ 110.387199197285213, -7.23242815893235, 0.0 ], [ 110.387206336103588, -7.232456712407327, 0.0 ], [ 110.387227750760132, -7.232518101928804, 0.0 ], [ 110.387247738192627, -7.232538088461979, 0.0 ], [ 110.387272009096023, -7.232556649569688, 0.0 ], [ 110.387279147015079, -7.23256949728443, 0.0 ], [ 110.387296279100042, -7.232603762353676, 0.0 ], [ 110.387303417019154, -7.232653730485254, 0.0 ], [ 110.387306273265949, -7.232693707148826, 0.0 ], [ 110.387317694655962, -7.232740819033552, 0.0 ], [ 110.387320548204798, -7.232777937651633, 0.0 ], [ 110.387317693756643, -7.23282790758185, 0.0 ], [ 110.387329116045919, -7.232856461956089, 0.0 ], [ 110.387366233764737, -7.232909284535822, 0.0 ], [ 110.387370518134958, -7.232936410786692, 0.0 ], [ 110.387366233764737, -7.232967821407783, 0.0 ], [ 110.387360523969051, -7.233006368149347, 0.0 ], [ 110.387367661888163, -7.23304634301428, 0.0 ], [ 110.387391933690822, -7.233073467466511, 0.0 ], [ 110.387419059042429, -7.233097738369906, 0.0 ], [ 110.387450466965561, -7.233123436497351, 0.0 ], [ 110.387487587382338, -7.23316483858639, 0.0 ], [ 110.387516141756578, -7.233203387126593, 0.0 ], [ 110.387550405027241, -7.233243361092207, 0.0 ], [ 110.387584670096487, -7.233250500809902, 0.0 ], [ 110.387617506143044, -7.233243361092207, 0.0 ], [ 110.387648914965496, -7.23321480851655, 0.0 ], [ 110.387648914965496, -7.233186254142254, 0.0 ], [ 110.387644631494595, -7.233153418995016, 0.0 ], [ 110.387628927533058, -7.233120581149876, 0.0 ], [ 110.387626072185526, -7.233082034408312, 0.0 ], [ 110.38764177614712, -7.233059192527662, 0.0 ], [ 110.387663191702984, -7.233049198361755, 0.0 ], [ 110.387696026850222, -7.233040630520634, 0.0 ], [ 110.387728865594738, -7.233040630520634, 0.0 ], [ 110.387758845394444, -7.233040630520634, 0.0 ], [ 110.387784543521946, -7.233040630520634, 0.0 ], [ 110.387837367900261, -7.233044914890854, 0.0 ], [ 110.387885908807732, -7.233054909056762, 0.0 ], [ 110.387904469016121, -7.233074896489256, 0.0 ], [ 110.387901613668589, -7.233100593717381, 0.0 ], [ 110.387890192278633, -7.233124865520097, 0.0 ], [ 110.387863066927082, -7.23314199670574, 0.0 ], [ 110.387814525120291, -7.23316912295661, 0.0 ], [ 110.387770267683777, -7.233201959902487, 0.0 ], [ 110.387765985112196, -7.233231940601513, 0.0 ], [ 110.387793110463747, -7.233251928034008, 0.0 ], [ 110.387818806792552, -7.233246215540362, 0.0 ], [ 110.387850216514323, -7.233234795049725, 0.0 ], [ 110.387878770888619, -7.233213379493804, 0.0 ], [ 110.387907325262915, -7.233193392061366, 0.0 ], [ 110.387934449715146, -7.233176260875666, 0.0 ], [ 110.387954437147641, -7.233150562748222, 0.0 ], [ 110.388000123606901, -7.233107733435077, 0.0 ], [ 110.388052947985216, -7.233089170528729, 0.0 ], [ 110.388082927784978, -7.233056335381548, 0.0 ], [ 110.388110053136529, -7.233014933292509, 0.0 ], [ 110.388137180286719, -7.232997802106809, 0.0 ], [ 110.388167161885065, -7.232997802106809, 0.0 ], [ 110.38819143188914, -7.233016361415878, 0.0 ], [ 110.388212847445004, -7.233049197462435, 0.0 ], [ 110.388225696958386, -7.233086316080573, 0.0 ], [ 110.388222840711592, -7.233126292744146, 0.0 ], [ 110.38821427556843, -7.233167694833185, 0.0 ], [ 110.388204280503203, -7.233217664763345, 0.0 ], [ 110.388201426055048, -7.23326477754739, 0.0 ], [ 110.388192860012566, -7.233313318454861, 0.0 ], [ 110.388192860012566, -7.233353292420475, 0.0 ], [ 110.388199998830942, -7.233403260551995, 0.0 ], [ 110.388217130016585, -7.233443235416928, 0.0 ], [ 110.388228552305918, -7.233476073262125, 0.0 ], [ 110.38823513444396, -7.233484173455793, 0.0 ], [ 110.388228552305918, -7.233496299014917, 0.0 ], [ 110.388228551406598, -7.233520570817632, 0.0 ], [ 110.388239973695875, -7.233556261312344, 0.0 ], [ 110.388239973695875, -7.233581958540526, 0.0 ], [ 110.388202854178417, -7.233624789652254, 0.0 ], [ 110.388184293970028, -7.233651915003804, 0.0 ], [ 110.388172872580071, -7.233673330559725, 0.0 ], [ 110.388165733761639, -7.233697601463064, 0.0 ], [ 110.38816430563827, -7.23372615493804, 0.0 ], [ 110.388150030699421, -7.233753279390271, 0.0 ], [ 110.388105772363588, -7.233761844533433, 0.0 ], [ 110.388082928684298, -7.233764700780284, 0.0 ], [ 110.388070080070179, -7.233788973482319, 0.0 ], [ 110.388070078271539, -7.233826091201081, 0.0 ], [ 110.388072935417711, -7.233851789328583, 0.0 ], [ 110.388100060769261, -7.233873203985127, 0.0 ], [ 110.38811862097765, -7.23388462627446, 0.0 ], [ 110.388127186120812, -7.233908898077118, 0.0 ], [ 110.388130042367607, -7.2339388787762, 0.0 ], [ 110.388148600777356, -7.233953156413008, 0.0 ], [ 110.388185721194134, -7.233953156413008, 0.0 ], [ 110.388222840711592, -7.233953156413008, 0.0 ], [ 110.38825996022905, -7.233956010861164, 0.0 ], [ 110.388294225298296, -7.233957438984589, 0.0 ], [ 110.388315639954897, -7.233950298367517, 0.0 ], [ 110.388339910858235, -7.233928883710973, 0.0 ], [ 110.388357042943255, -7.233903185583529, 0.0 ], [ 110.388381312947274, -7.23386749418944, 0.0 ], [ 110.388397017808188, -7.233837512591094, 0.0 ], [ 110.388399872256343, -7.233800393972956, 0.0 ], [ 110.388399872256343, -7.233751853065542, 0.0 ], [ 110.388418432464732, -7.233729009386252, 0.0 ], [ 110.388439847121333, -7.233720442444394, 0.0 ], [ 110.388464118024672, -7.233724727713991, 0.0 ], [ 110.388486960804642, -7.233733293756472, 0.0 ], [ 110.388528363793, -7.233758990085278, 0.0 ], [ 110.388556918167296, -7.233784689112042, 0.0 ], [ 110.388594036785435, -7.233814669811125, 0.0 ], [ 110.388631157202212, -7.233846079532896, 0.0 ], [ 110.388658282553763, -7.233886053498509, 0.0 ], [ 110.388715388604339, -7.233916035996231, 0.0 ], [ 110.388756792492018, -7.233936021630029, 0.0 ], [ 110.388796767357007, -7.233956010861164, 0.0 ], [ 110.388835314098515, -7.233970288497972, 0.0 ], [ 110.388875288963447, -7.233987419683615, 0.0 ], [ 110.388906697785956, -7.234023111077647, 0.0 ], [ 110.3889323959134, -7.23408021892692, 0.0 ], [ 110.388936678484981, -7.234131614282546, 0.0 ], [ 110.388926686117713, -7.234194432826769, 0.0 ], [ 110.388883855905306, -7.234228696097375, 0.0 ], [ 110.388843880140996, -7.234247256305764, 0.0 ], [ 110.388799622704482, -7.234264388390784, 0.0 ], [ 110.388746798326167, -7.234285803047328, 0.0 ], [ 110.388692547623009, -7.234302935132291, 0.0 ], [ 110.38865776904089, -7.234311050614451, 0.0 ], [ 110.388642291708436, -7.234291704398572, 0.0 ], [ 110.388610882885985, -7.234267433495233, 0.0 ], [ 110.388553777734728, -7.234236025572102, 0.0 ], [ 110.388526650584538, -7.234217465363713, 0.0 ], [ 110.388495241762087, -7.234191767236211, 0.0 ], [ 110.388468115511159, -7.234170352579667, 0.0 ], [ 110.388429568769652, -7.234131804039464, 0.0 ], [ 110.388398158148561, -7.234107534934765, 0.0 ], [ 110.388365323001324, -7.234086117580205, 0.0 ], [ 110.388325348136391, -7.234066132845726, 0.0 ], [ 110.388296795560734, -7.234057565903925, 0.0 ], [ 110.388262530491431, -7.234049000760706, 0.0 ], [ 110.38820827888901, -7.234043290065756, 0.0 ], [ 110.388164019653857, -7.234044715491166, 0.0 ], [ 110.388125473811613, -7.234057565903925, 0.0 ], [ 110.388082643599205, -7.234049000760706, 0.0 ], [ 110.388048378529902, -7.234030438753678, 0.0 ], [ 110.38796271810503, -7.233986180417844, 0.0 ], [ 110.387914177197558, -7.233976188949896, 0.0 ], [ 110.387859925595137, -7.233957628741507, 0.0 ], [ 110.387838510938593, -7.233950489923131, 0.0 ], [ 110.387762843780251, -7.233903376239766, 0.0 ], [ 110.387674327108584, -7.233856263455721, 0.0 ], [ 110.387602942521823, -7.233820572061688, 0.0 ], [ 110.387541553000347, -7.233770603030848, 0.0 ], [ 110.387485875073139, -7.233726345594334, 0.0 ], [ 110.387431622571398, -7.233702074690939, 0.0 ], [ 110.387374515621445, -7.233676374764855, 0.0 ], [ 110.387315980548124, -7.233649249413304, 0.0 ], [ 110.387264585192497, -7.233624979409228, 0.0 ], [ 110.387234602694832, -7.233612130795166, 0.0 ], [ 110.387186061787361, -7.233579293849289, 0.0 ], [ 110.387138949003372, -7.233529325717768, 0.0 ], [ 110.387104684833389, -7.233493633424416, 0.0 ], [ 110.387071848786832, -7.233467934397595, 0.0 ], [ 110.387049006006862, -7.233456513007638, 0.0 ], [ 110.387007603018503, -7.233455084884213, 0.0 ], [ 110.386966200030145, -7.233450804111271, 0.0 ], [ 110.386947640721075, -7.233437953698569, 0.0 ], [ 110.386936218431799, -7.233395123486105, 0.0 ], [ 110.386934791207693, -7.233367998134554, 0.0 ], [ 110.386903381485922, -7.233300896119431, 0.0 ], [ 110.386877683358477, -7.233253781536746, 0.0 ], [ 110.38684484821124, -7.233189537567057, 0.0 ], [ 110.386812011265363, -7.233169551033882, 0.0 ], [ 110.386790596608819, -7.233153847072344, 0.0 ], [ 110.386753476192041, -7.233129574370309, 0.0 ], [ 110.386713502226428, -7.233106732489659, 0.0 ], [ 110.386683519728706, -7.233085318732435, 0.0 ], [ 110.386664959520317, -7.233056764358139, 0.0 ], [ 110.386649256458099, -7.233003939979824, 0.0 ], [ 110.386600714651308, -7.23296539233894, 0.0 ], [ 110.386569306728177, -7.23294254955897, 0.0 ], [ 110.38653075908735, -7.232935410740595, 0.0 ], [ 110.38649078332304, -7.232935410740595, 0.0 ], [ 110.386442243314946, -7.232929700944908, 0.0 ], [ 110.386400840326587, -7.232923990249901, 0.0 ], [ 110.386365148932555, -7.232916852330845, 0.0 ], [ 110.386338021782365, -7.232908284489667, 0.0 ], [ 110.386313751778289, -7.232898292122456, 0.0 ], [ 110.3862951915699, -7.232898291223137, 0.0 ], [ 110.386270920666504, -7.232901147469931, 0.0 ], [ 110.386242368090848, -7.232915425106739, 0.0 ], [ 110.386239513642693, -7.232935411639914, 0.0 ], [ 110.386258072951762, -7.232955399971672, 0.0 ], [ 110.386326601291671, -7.232976815527593, 0.0 ], [ 110.386375141299766, -7.233002512755718, 0.0 ], [ 110.38641368804133, -7.233026784558433, 0.0 ], [ 110.386446526785846, -7.233046770192232, 0.0 ], [ 110.386512198878961, -7.233072468319733, 0.0 ], [ 110.386542179577987, -7.233079607138109, 0.0 ], [ 110.386562167010482, -7.233092455752171, 0.0 ], [ 110.386595003956302, -7.23313385963985, 0.0 ], [ 110.386622130207229, -7.233170978257988, 0.0 ], [ 110.386662105072162, -7.23321095402224, 0.0 ], [ 110.386730633412071, -7.233253781536746, 0.0 ], [ 110.386776318972011, -7.233276627014675, 0.0 ], [ 110.386799161751981, -7.233285193956476, 0.0 ], [ 110.386812011265363, -7.233303750567586, 0.0 ], [ 110.386809155917888, -7.233350864250951, 0.0 ], [ 110.386783458689706, -7.233373708829561, 0.0 ], [ 110.386752048967935, -7.233403689528586, 0.0 ], [ 110.386734916882972, -7.233447948763796, 0.0 ], [ 110.386734915983652, -7.233502198567578, 0.0 ], [ 110.386743482026134, -7.233560735439539, 0.0 ], [ 110.386744910149559, -7.23358786169041, 0.0 ], [ 110.386739200353873, -7.23361498704196, 0.0 ], [ 110.386737772230447, -7.233634974474455, 0.0 ], [ 110.386753476192041, -7.233674947540749, 0.0 ], [ 110.386773463624536, -7.23370635546388, 0.0 ], [ 110.386792022933548, -7.233739191510438, 0.0 ], [ 110.386807726895142, -7.233749186575665, 0.0 ], [ 110.386830570574432, -7.233747760250878, 0.0 ], [ 110.386854841477827, -7.233727771919064, 0.0 ], [ 110.386876257033691, -7.233693507749138, 0.0 ], [ 110.386869118215316, -7.233662099826006, 0.0 ], [ 110.386843420087814, -7.233616411568107, 0.0 ], [ 110.386830570574432, -7.233566442537267, 0.0 ], [ 110.386826288002851, -7.233527898493662, 0.0 ], [ 110.386834854045333, -7.233483639258509, 0.0 ], [ 110.386849130782821, -7.233462224601965, 0.0 ], [ 110.386887678423705, -7.233480784810297, 0.0 ], [ 110.386924797941106, -7.233526470370236, 0.0 ], [ 110.386974766072683, -7.23358357642087, 0.0 ], [ 110.387023306980097, -7.233627833857383, 0.0 ], [ 110.387081842053419, -7.233652106559418, 0.0 ], [ 110.387124670467244, -7.233669237745062, 0.0 ], [ 110.387194628729219, -7.233686368930762, 0.0 ], [ 110.387227464775719, -7.233697792119358, 0.0 ], [ 110.387246024984108, -7.233717778652533, 0.0 ], [ 110.387288855196573, -7.233746333026829, 0.0 ], [ 110.387325974714031, -7.233759182540211, 0.0 ], [ 110.387370230351905, -7.233780596297436, 0.0 ], [ 110.387421628405491, -7.23384198581897, 0.0 ], [ 110.387505860706995, -7.233891955749129, 0.0 ], [ 110.387541553899666, -7.23392479179563, 0.0 ], [ 110.387595805502087, -7.2339647657613, 0.0 ], [ 110.387644346409502, -7.234006170548298, 0.0 ], [ 110.387690031969441, -7.234031867776423, 0.0 ], [ 110.387718585444418, -7.234050427984812, 0.0 ], [ 110.387734291204652, -7.234067560069775, 0.0 ], [ 110.387757133085302, -7.234127521467883, 0.0 ], [ 110.387788541907753, -7.234154648618073, 0.0 ], [ 110.387815667259304, -7.234177489599404, 0.0 ], [ 110.387839938162699, -7.234201761402119, 0.0 ], [ 110.387874201433306, -7.234224603282769, 0.0 ], [ 110.387888479070114, -7.234241734468412, 0.0 ], [ 110.387891333518269, -7.234284565580197, 0.0 ], [ 110.387889907193539, -7.234333106487611, 0.0 ], [ 110.387924170464146, -7.234384503641877, 0.0 ], [ 110.387964147127775, -7.234417341487074, 0.0 ], [ 110.387981278313418, -7.234433044549291, 0.0 ], [ 110.388001265745856, -7.2344644533718, 0.0 ], [ 110.388008403664969, -7.234504428236733, 0.0 ], [ 110.388015542483345, -7.234534410734398, 0.0 ], [ 110.388015541584025, -7.234550114695992, 0.0 ], [ 110.388011259012444, -7.234565818657586, 0.0 ], [ 110.388008403664969, -7.234580095395017, 0.0 ], [ 110.388041239711526, -7.234600082827512, 0.0 ], [ 110.388075505680092, -7.234605793522519, 0.0 ], [ 110.388086925271466, -7.234611503318149, 0.0 ], [ 110.388095493112587, -7.234642913039977, 0.0 ], [ 110.38808549804736, -7.234654334429933, 0.0 ], [ 110.388079787352353, -7.234665755819947, 0.0 ], [ 110.388076932904198, -7.234692881171497, 0.0 ], [ 110.388118334993237, -7.234712870402575, 0.0 ], [ 110.388136895201626, -7.234710012357141, 0.0 ], [ 110.388156881734744, -7.234690025823966, 0.0 ], [ 110.388172587494978, -7.234674322761748, 0.0 ], [ 110.388202568194004, -7.23466004602426, 0.0 ], [ 110.388236832363987, -7.234645768387452, 0.0 ], [ 110.388291083966408, -7.234638630468396, 0.0 ], [ 110.388332486954766, -7.234638630468396, 0.0 ], [ 110.388412437584009, -7.234650051858353, 0.0 ], [ 110.388460977592104, -7.234672895537642, 0.0 ], [ 110.388515229194525, -7.234702874438085, 0.0 ], [ 110.388560915653784, -7.234739994854806, 0.0 ], [ 110.38861231100941, -7.234772832700003, 0.0 ], [ 110.388662280040251, -7.234807096869986, 0.0 ], [ 110.388693688862702, -7.234837076669692, 0.0 ], [ 110.388749368588549, -7.234872768963044, 0.0 ], [ 110.388799337619389, -7.234898467090545, 0.0 ], [ 110.388833600890052, -7.2349013215387, 0.0 ], [ 110.388863581589078, -7.234899895213971, 0.0 ], [ 110.388892135963374, -7.234899892515955, 0.0 ], [ 110.388919261314925, -7.234899892515955, 0.0 ], [ 110.388954954507597, -7.23490560680824, 0.0 ], [ 110.388976369164141, -7.23492416431867, 0.0 ], [ 110.388980652635098, -7.234955574040441, 0.0 ], [ 110.388980652635098, -7.234982699391992, 0.0 ], [ 110.38898921687894, -7.235004115847232, 0.0 ], [ 110.389024909172292, -7.235034095646938, 0.0 ], [ 110.389046325627476, -7.235045517936271, 0.0 ], [ 110.389072022855657, -7.23504694605964, 0.0 ], [ 110.389096292859676, -7.23504694605964, 0.0 ], [ 110.389109141473739, -7.235031241198783, 0.0 ], [ 110.389123420009867, -7.235008397519493, 0.0 ], [ 110.389146261890517, -7.234989839109744, 0.0 ], [ 110.389173389040707, -7.234972707024781, 0.0 ], [ 110.389200514392314, -7.23495129146886, 0.0 ], [ 110.389223357172284, -7.234931304036422, 0.0 ], [ 110.389244771828828, -7.234915598276189, 0.0 ], [ 110.389261903913791, -7.234911317503247, 0.0 ], [ 110.389277608774705, -7.234909888480502, 0.0 ], [ 110.389299023431249, -7.234912743828033, 0.0 ], [ 110.389306402368618, -7.234916097399946, 0.0 ], [ 110.389300999241755, -7.234923000595927, 0.0 ], [ 110.389273999795307, -7.234998999604102, 0.0 ], [ 110.389256999910685, -7.235041998889074, 0.0 ], [ 110.389237999933812, -7.235086000018839, 0.0 ], [ 110.389223000141385, -7.235121998981015, 0.0 ], [ 110.389204000164511, -7.235154999603481, 0.0 ], [ 110.389166999357599, -7.235170998542685, 0.0 ], [ 110.389113000464647, -7.235165999211461, 0.0 ], [ 110.389058999773056, -7.23514300084878, 0.0 ], [ 110.389015999588764, -7.23513199944216, 0.0 ], [ 110.388970000165443, -7.235138000618178, 0.0 ], [ 110.3889249998889, -7.235154999603481, 0.0 ], [ 110.388902000626899, -7.235182999096082, 0.0 ], [ 110.388878000419425, -7.235211999534101, 0.0 ], [ 110.388843999750861, -7.235223000041344, 0.0 ], [ 110.388739000304668, -7.235243000064372, 0.0 ], [ 110.388723000466143, -7.235260999995091, 0.0 ], [ 110.388708999820551, -7.235280999118743, 0.0 ], [ 110.388668999774609, -7.235314998888043, 0.0 ], [ 110.38862600048958, -7.235320000017964, 0.0 ], [ 110.388604898797098, -7.235321360692183, 0.0 ], [ 110.388569480796946, -7.235271089489117, 0.0 ], [ 110.388522368012957, -7.23525967079712, 0.0 ], [ 110.388476682453017, -7.235252531079425, 0.0 ], [ 110.388440990159609, -7.235245393160312, 0.0 ], [ 110.388403870642151, -7.235231115523504, 0.0 ], [ 110.388369607371544, -7.235206846418805, 0.0 ], [ 110.388341052097928, -7.23518685808699, 0.0 ], [ 110.388336770425667, -7.235158304612014, 0.0 ], [ 110.388351047163155, -7.235116902522975, 0.0 ], [ 110.388351047163155, -7.235061222797128, 0.0 ], [ 110.388332486954766, -7.235025530503776, 0.0 ], [ 110.388288226820293, -7.234979845843156, 0.0 ], [ 110.388248253753943, -7.234958427589333, 0.0 ], [ 110.38820827888901, -7.234937015630692, 0.0 ], [ 110.388151171939114, -7.234914171951402, 0.0 ], [ 110.388116907769131, -7.234902749662126, 0.0 ], [ 110.388089591761286, -7.234901774797038, 0.0 ], [ 110.388076932904198, -7.2349013215387, 0.0 ], [ 110.388028391996727, -7.234914171951402, 0.0 ], [ 110.387981278313418, -7.234932730361152, 0.0 ], [ 110.38794415879596, -7.23494558077391, 0.0 ], [ 110.387932022444943, -7.234950715902755, 0.0 ], [ 110.387907038379183, -7.234961284735448, 0.0 ], [ 110.387882999500903, -7.234974999396684, 0.0 ], [ 110.387834226568373, -7.234975560573616, 0.0 ], [ 110.387792825378654, -7.234971279800675, 0.0 ], [ 110.387764271903677, -7.234969851677249, 0.0 ], [ 110.387727152386219, -7.234969851677249, 0.0 ], [ 110.387720248290861, -7.234967847088399, 0.0 ], [ 110.387720000077991, -7.23496800087247, 0.0 ], [ 110.387692999732224, -7.23496800087247, 0.0 ], [ 110.38767399975535, -7.234961998797132, 0.0 ], [ 110.387643000124399, -7.234943999765733, 0.0 ], [ 110.387543000009487, -7.234904999765888, 0.0 ], [ 110.387534523899205, -7.234904291999442, 0.0 ], [ 110.387525850837392, -7.234881334106262, 0.0 ], [ 110.387522993691277, -7.234852782429925, 0.0 ], [ 110.387532986957865, -7.234835649445643, 0.0 ], [ 110.387578673417124, -7.23482851062721, 0.0 ], [ 110.387622931752958, -7.234827082503784, 0.0 ], [ 110.38768146592696, -7.234825653481096, 0.0 ], [ 110.387730006834431, -7.234827082503784, 0.0 ], [ 110.387772837946159, -7.234824227156309, 0.0 ], [ 110.387837083714487, -7.234811378542247, 0.0 ], [ 110.387857070247662, -7.234795674580653, 0.0 ], [ 110.38787134698515, -7.234762837634776, 0.0 ], [ 110.387869918861725, -7.234728573464849, 0.0 ], [ 110.387835653792422, -7.234690025823966, 0.0 ], [ 110.387791397255228, -7.234665756719266, 0.0 ], [ 110.387751422390295, -7.234665755819947, 0.0 ], [ 110.387685748498541, -7.234681460680804, 0.0 ], [ 110.387625787100433, -7.234692881171497, 0.0 ], [ 110.387577245293699, -7.234700019090553, 0.0 ], [ 110.387545837370567, -7.234700019989873, 0.0 ], [ 110.387530132509653, -7.234672895537642, 0.0 ], [ 110.387530131610333, -7.234642913039977, 0.0 ], [ 110.387510145077215, -7.234617215811795, 0.0 ], [ 110.387484446949713, -7.234608650668633, 0.0 ], [ 110.387455893474737, -7.234608649769314, 0.0 ], [ 110.38744018861388, -7.234612932340895, 0.0 ], [ 110.387428767223867, -7.234617215811795, 0.0 ], [ 110.387400213748947, -7.234618643035901, 0.0 ], [ 110.387361666108063, -7.234611505116845, 0.0 ], [ 110.387330257285612, -7.234594372132506, 0.0 ], [ 110.387285999849098, -7.234575811924117, 0.0 ], [ 110.387263157069128, -7.234567245881635, 0.0 ], [ 110.387238887065052, -7.234555823592359, 0.0 ], [ 110.387220326856664, -7.234548687471886, 0.0 ], [ 110.387205921516113, -7.234542456968768, 0.0 ], [ 110.387206999803254, -7.234542000113152, 0.0 ], [ 110.387231000010729, -7.23451699896026, 0.0 ], [ 110.387234000149022, -7.234492999652161, 0.0 ], [ 110.387216000218302, -7.234470999536939, 0.0 ], [ 110.387178000264555, -7.23446499836092, 0.0 ], [ 110.387155000103235, -7.234469999490841, 0.0 ], [ 110.387119999388517, -7.234478999006569, 0.0 ], [ 110.38709000070304, -7.234482000044238, 0.0 ], [ 110.38705600003442, -7.234473999675288, 0.0 ], [ 110.387017000034575, -7.234456998891346, 0.0 ], [ 110.386988000495876, -7.234454000551636, 0.0 ], [ 110.386929999619838, -7.234451998660745, 0.0 ], [ 110.386862000081294, -7.234430999490996, 0.0 ], [ 110.386802000012324, -7.234427997554008, 0.0 ], [ 110.386631999367353, -7.234454999698414, 0.0 ], [ 110.386480000451741, -7.234480999998084, 0.0 ], [ 110.386409999921625, -7.234486998476143, 0.0 ], [ 110.386380999483606, -7.234479999052667, 0.0 ], [ 110.386351999944907, -7.234448999421716, 0.0 ], [ 110.386332999968033, -7.234425000113617, 0.0 ], [ 110.386293999968188, -7.234356000528976, 0.0 ], [ 110.38632200036011, -7.23432999753129, 0.0 ], [ 110.386335000060285, -7.234292999422337, 0.0 ], [ 110.386332999968033, -7.234263999883638, 0.0 ], [ 110.386302999483917, -7.234246999099696, 0.0 ], [ 110.38626199939182, -7.234249000091211, 0.0 ], [ 110.386188000475897, -7.23426599907657, 0.0 ], [ 110.386126000314732, -7.234293998569115, 0.0 ], [ 110.386076999853742, -7.234293998569115, 0.0 ], [ 110.386062000061315, -7.23428599999886, 0.0 ], [ 110.386058999023646, -7.234257000460161, 0.0 ], [ 110.386082000084286, -7.234224999883793, 0.0 ], [ 110.386114999807432, -7.234207999999171, 0.0 ], [ 110.3861759999225, -7.234195998546454, 0.0 ], [ 110.386214999922345, -7.234178999561152, 0.0 ], [ 110.386208000498868, -7.234161999676473, 0.0 ], [ 110.386184000291451, -7.234156998546609, 0.0 ], [ 110.38614999962283, -7.234160999630376, 0.0 ], [ 110.386086000268733, -7.234173998431231, 0.0 ], [ 110.386031999577199, -7.234175999422803, 0.0 ], [ 110.385993999623452, -7.234171000091521, 0.0 ], [ 110.385892000315607, -7.234117998546765, 0.0 ], [ 110.385863999024423, -7.234075998408571, 0.0 ], [ 110.38585699960089, -7.234022998662397, 0.0 ], [ 110.385859000592461, -7.233957000115424, 0.0 ], [ 110.385859999739239, -7.233909999746629, 0.0 ], [ 110.385847000039064, -7.233879000115735, 0.0 ], [ 110.385810000131471, -7.233858999193387, 0.0 ], [ 110.385640000385763, -7.233867000461657, 0.0 ], [ 110.385579999417473, -7.233849999677716, 0.0 ], [ 110.385523999533007, -7.233849999677716, 0.0 ], [ 110.385471999832987, -7.233873999885134, 0.0 ], [ 110.38543399987924, -7.233900999331581, 0.0 ], [ 110.385421000179065, -7.2339299997696, 0.0 ], [ 110.38543099974089, -7.233949998893308, 0.0 ], [ 110.38545700004056, -7.233953999077755, 0.0 ], [ 110.385526000524578, -7.23394399861661, 0.0 ], [ 110.385558000201627, -7.233951999884823, 0.0 ], [ 110.385579000270695, -7.233982999515774, 0.0 ], [ 110.385616000178345, -7.234012999999891, 0.0 ], [ 110.385656998471745, -7.234009998962222, 0.0 ], [ 110.385701999647608, -7.234004998731677, 0.0 ], [ 110.385741000546773, -7.234010999907696, 0.0 ], [ 110.38575300020085, -7.234032999123542, 0.0 ], [ 110.385742999739705, -7.234075998408571, 0.0 ], [ 110.385705999832112, -7.234102998754338, 0.0 ], [ 110.38565500017819, -7.234107999884259, 0.0 ], [ 110.385579999417473, -7.234097999423113, 0.0 ], [ 110.385486999625414, -7.234081999584589, 0.0 ], [ 110.385410999717919, -7.234055000138085, 0.0 ], [ 110.385159999834173, -7.233952999930978, 0.0 ], [ 110.385093999488561, -7.233913999931133, 0.0 ], [ 110.385045999972988, -7.233879000115735, 0.0 ], [ 110.385006999073823, -7.233837999124319, 0.0 ], [ 110.384982999765668, -7.233792999747095, 0.0 ], [ 110.384947999950271, -7.233748999516649, 0.0 ], [ 110.384896000250251, -7.233734999770377, 0.0 ], [ 110.384834000089086, -7.233744997533563, 0.0 ], [ 110.384784999628096, -7.233768999539677, 0.0 ], [ 110.384654999928387, -7.233846998640047, 0.0 ], [ 110.384352999491398, -7.234003000438065, 0.0 ], [ 110.384281999814505, -7.234034000069016, 0.0 ], [ 110.384198999584214, -7.234056999331017, 0.0 ], [ 110.384111000022699, -7.234044999676939, 0.0 ], [ 110.384067959368906, -7.234040043513176, 0.0 ], [ 110.384079724299909, -7.234018590185769, 0.0 ], [ 110.384096855485552, -7.233970047479659, 0.0 ], [ 110.384113987570515, -7.233930073514045, 0.0 ], [ 110.384138257574591, -7.23388296162932, 0.0 ], [ 110.384159672231135, -7.233834418923266, 0.0 ], [ 110.384196792647913, -7.233778740096739, 0.0 ], [ 110.384225346122889, -7.233743048702706, 0.0 ], [ 110.384251045149654, -7.233713066204984, 0.0 ], [ 110.384273887030304, -7.233690224324334, 0.0 ], [ 110.384286736543743, -7.233670236891896, 0.0 ], [ 110.384295302586224, -7.233644538764395, 0.0 ], [ 110.384282452173466, -7.233605990224248, 0.0 ], [ 110.384243905431958, -7.233597425980406, 0.0 ], [ 110.384198220771339, -7.233577439447231, 0.0 ], [ 110.384166811049568, -7.233558876540883, 0.0 ], [ 110.38413397590233, -7.233537463682978, 0.0 ], [ 110.384095426462807, -7.233520330698639, 0.0 ], [ 110.384034037840649, -7.233476071463485, 0.0 ], [ 110.383986925056604, -7.233458939378522, 0.0 ], [ 110.38389840838488, -7.23342895957876, 0.0 ], [ 110.383851295600891, -7.233403260551995, 0.0 ], [ 110.383822742125915, -7.23338327401882, 0.0 ], [ 110.38377991101413, -7.233341871030461, 0.0 ], [ 110.383744218720778, -7.233304751513003, 0.0 ], [ 110.383695679612003, -7.23326049407649, 0.0 ], [ 110.383668551562494, -7.233220520110876, 0.0 ], [ 110.38363428829183, -7.233186254142254, 0.0 ], [ 110.383578609465303, -7.233136284212094, 0.0 ], [ 110.383558622032865, -7.233112016006714, 0.0 ], [ 110.383540060925156, -7.233112016006714, 0.0 ], [ 110.383518331505854, -7.233144922200324, 0.0 ], [ 110.383512000278643, -7.233139998412128, 0.0 ], [ 110.383471999333381, -7.233127998758107, 0.0 ], [ 110.383417000394331, -7.233134999980223, 0.0 ], [ 110.383382807270777, -7.233143044415897, 0.0 ], [ 110.383361603055619, -7.233104875389643, 0.0 ], [ 110.383335904028797, -7.233052053709287, 0.0 ], [ 110.383311633125402, -7.233002084678446, 0.0 ], [ 110.383277369854795, -7.232944977728494, 0.0 ], [ 110.383250243603925, -7.232903574740135, 0.0 ], [ 110.383227399924635, -7.232853606608614, 0.0 ], [ 110.383214550411253, -7.232806492925249, 0.0 ], [ 110.383215978534622, -7.23275938014126, 0.0 ], [ 110.3832573824223, -7.232716549029476, 0.0 ], [ 110.383267374789568, -7.232668009021324, 0.0 ], [ 110.383268802912994, -7.232623750685491, 0.0 ], [ 110.383287361322743, -7.232580919573707, 0.0 ], [ 110.383313059450188, -7.232558076793737, 0.0 ], [ 110.383337332152223, -7.232539515686028, 0.0 ], [ 110.383374451669681, -7.23252381262381, 0.0 ], [ 110.383404433268026, -7.232498114496366, 0.0 ], [ 110.383441551886165, -7.232475271716396, 0.0 ], [ 110.383462967442028, -7.23247384359297, 0.0 ], [ 110.383490092793636, -7.232493831025408, 0.0 ], [ 110.383508653001968, -7.232518102828124, 0.0 ], [ 110.383521502515407, -7.232536661237873, 0.0 ], [ 110.383530067658569, -7.232550938874681, 0.0 ], [ 110.383541489048525, -7.232559504917162, 0.0 ], [ 110.383564331828495, -7.232583774921238, 0.0 ], [ 110.383592886202791, -7.232609473948003, 0.0 ], [ 110.383597168774372, -7.232616612766435, 0.0 ], [ 110.383601452245273, -7.232635171176184, 0.0 ], [ 110.383620012453662, -7.232680855836804, 0.0 ], [ 110.383635715515936, -7.232730824867645, 0.0 ], [ 110.383652849399539, -7.23276080736531, 0.0 ], [ 110.383669980585182, -7.232789359940966, 0.0 ], [ 110.383694250589258, -7.232809348272781, 0.0 ], [ 110.383745646844204, -7.232793643411867, 0.0 ], [ 110.383764207052593, -7.232782222021854, 0.0 ], [ 110.383801326570051, -7.232782222021854, 0.0 ], [ 110.383855579071792, -7.232779365775059, 0.0 ], [ 110.383901262833092, -7.23275938014126, 0.0 ], [ 110.383936956025764, -7.232735108338545, 0.0 ], [ 110.38399406297566, -7.232720832500377, 0.0 ], [ 110.38403832131155, -7.232689422778606, 0.0 ], [ 110.38406116409152, -7.232648021588886, 0.0 ], [ 110.384075440829008, -7.232622322562065, 0.0 ], [ 110.384108275976189, -7.23259662443462, 0.0 ], [ 110.384163956601355, -7.232558076793737, 0.0 ], [ 110.384213924732876, -7.232528096094711, 0.0 ], [ 110.384266749111248, -7.232509535886322, 0.0 ], [ 110.38431087614606, -7.232491219394205, 0.0 ], [ 110.38431500043697, -7.232491999106401, 0.0 ], [ 110.384374999606621, -7.232489999913525, 0.0 ], [ 110.384446999329612, -7.232489999913525, 0.0 ], [ 110.384530873700896, -7.232480598400855, 0.0 ], [ 110.384592259625151, -7.232495258249514, 0.0 ], [ 110.384645082204827, -7.232505252415422, 0.0 ], [ 110.384716467690907, -7.232508108662216, 0.0 ], [ 110.384765007699002, -7.232505252415422, 0.0 ], [ 110.384832108814805, -7.232475271716396, 0.0 ], [ 110.384884933193177, -7.232463849427063, 0.0 ], [ 110.384929189730371, -7.232462423102277, 0.0 ], [ 110.384967738270575, -7.232462423102277, 0.0 ], [ 110.385011995707089, -7.232476699839765, 0.0 ], [ 110.385047688000441, -7.232492402902039, 0.0 ], [ 110.385086235641324, -7.232495258249514, 0.0 ], [ 110.385114789116301, -7.232495258249514, 0.0 ], [ 110.385174750514409, -7.232492402902039, 0.0 ], [ 110.385223292321143, -7.232479553388657, 0.0 ], [ 110.385296104131953, -7.232460994978908, 0.0 ], [ 110.385318946911923, -7.232453857059795, 0.0 ], [ 110.385366060595288, -7.232443862893888, 0.0 ], [ 110.385430253303582, -7.232421573196973, 0.0 ], [ 110.385433000732462, -7.232425999660109, 0.0 ], [ 110.385469999740735, -7.232420998530188, 0.0 ], [ 110.385498999279434, -7.232412999959934, 0.0 ], [ 110.385538999325433, -7.232388999752516, 0.0 ], [ 110.385601999532696, -7.232330999775797, 0.0 ], [ 110.385697000316384, -7.232246998600033, 0.0 ], [ 110.385780999693452, -7.232199999130614, 0.0 ], [ 110.385818000500365, -7.232221000099003, 0.0 ], [ 110.38581300026982, -7.232254999868303, 0.0 ], [ 110.385770000085472, -7.232286998646032, 0.0 ], [ 110.385725999855083, -7.232301999337778, 0.0 ], [ 110.385693999278715, -7.232317999176246, 0.0 ], [ 110.385693999278715, -7.232336999153119, 0.0 ], [ 110.385733999324657, -7.232349998853294, 0.0 ], [ 110.385767999993277, -7.232346999614322, 0.0 ], [ 110.385796999531976, -7.232325999545196, 0.0 ], [ 110.385843999900715, -7.232291999775896, 0.0 ], [ 110.385886000038909, -7.232258000006652, 0.0 ], [ 110.385914999577608, -7.232229000467953, 0.0 ], [ 110.38599200043052, -7.232145998439023, 0.0 ], [ 110.38602600019982, -7.232106999338498, 0.0 ], [ 110.386061000015218, -7.232038999799954, 0.0 ], [ 110.386083999277218, -7.231924999938769, 0.0 ], [ 110.386045000176694, -7.2317559975412, 0.0 ], [ 110.386015999738675, -7.231710999063296, 0.0 ], [ 110.385978999831025, -7.231671999962771, 0.0 ], [ 110.3859629999925, -7.231655998325607, 0.0 ], [ 110.385945000061781, -7.231637998394888, 0.0 ], [ 110.385896999646889, -7.231631999916829, 0.0 ], [ 110.385850000177413, -7.231639998487083, 0.0 ], [ 110.385806999993122, -7.231650998994382, 0.0 ], [ 110.385775999462851, -7.231652999985897, 0.0 ], [ 110.385733999324657, -7.231642998625432, 0.0 ], [ 110.385681000477859, -7.231610998948383, 0.0 ], [ 110.385648999901491, -7.231571999847858, 0.0 ], [ 110.385628000731685, -7.231519000101741, 0.0 ], [ 110.385620000362792, -7.231476999963547, 0.0 ], [ 110.385613000039996, -7.231397999917704, 0.0 ], [ 110.385636000201316, -7.231258000656169, 0.0 ], [ 110.385678999486288, -7.231144999941762, 0.0 ], [ 110.385728999993432, -7.23105699858155, 0.0 ], [ 110.385767999993277, -7.231008999965354, 0.0 ], [ 110.385801999762521, -7.230926000634383, 0.0 ], [ 110.385818000500365, -7.230908998951122, 0.0 ], [ 110.385851000223568, -7.230891999066444, 0.0 ], [ 110.385897999692986, -7.230882999550715, 0.0 ], [ 110.385928000177103, -7.230875000081141, 0.0 ], [ 110.385954999623607, -7.23085799839788, 0.0 ], [ 110.385975999692675, -7.230827998813027, 0.0 ], [ 110.385985998355181, -7.230799999320482, 0.0 ], [ 110.386004000084597, -7.230785999574152, 0.0 ], [ 110.386026999346598, -7.230774999066909, 0.0 ], [ 110.386030000384267, -7.230769998836308, 0.0 ], [ 110.386023000061471, -7.230750999758811, 0.0 ], [ 110.386001999992345, -7.23073799915926, 0.0 ], [ 110.385958999808054, -7.230712998905744, 0.0 ], [ 110.38595100033848, -7.230698999159415, 0.0 ], [ 110.385947000153976, -7.230673000658385, 0.0 ], [ 110.385949000246228, -7.230643998421726, 0.0 ], [ 110.385959999854151, -7.230608999505648, 0.0 ], [ 110.385980999923277, -7.230568999459706, 0.0 ], [ 110.385997999807898, -7.230545998399066, 0.0 ], [ 110.386011999554171, -7.230528998514444, 0.0 ], [ 110.386028000292015, -7.230508999390736, 0.0 ], [ 110.386030000384267, -7.230487999321667, 0.0 ], [ 110.386020999969219, -7.230461999021998, 0.0 ], [ 110.386004000084597, -7.230438999759997, 0.0 ], [ 110.385988000246073, -7.230428999298852, 0.0 ], [ 110.385974999646578, -7.230411999414173, 0.0 ], [ 110.385967000177004, -7.230383999921628, 0.0 ], [ 110.385959999854151, -7.230345999068561, 0.0 ], [ 110.385949000246228, -7.230328999183939, 0.0 ], [ 110.385926000084908, -7.230309999207066, 0.0 ], [ 110.385869000154287, -7.230279998722892, 0.0 ], [ 110.385839999716268, -7.230257999507046, 0.0 ], [ 110.385782998886327, -7.230183999691803, 0.0 ], [ 110.385762000615898, -7.230163999668775, 0.0 ], [ 110.385656000224287, -7.230126999761183, 0.0 ], [ 110.385629999924618, -7.23012500056825, 0.0 ], [ 110.38560350319915, -7.230123018462507, 0.0 ], [ 110.38548299944091, -7.230114000061008, 0.0 ], [ 110.385513999971181, -7.230060999415571, 0.0 ], [ 110.385662999647764, -7.230017999231222, 0.0 ], [ 110.385921999900461, -7.229994999069902, 0.0 ], [ 110.385959999854151, -7.229999997501864, 0.0 ], [ 110.385960999900306, -7.229999997501864, 0.0 ], [ 110.385988000246073, -7.230002998539476, 0.0 ], [ 110.386030999531044, -7.229994999069902, 0.0 ], [ 110.386087000314888, -7.230016000038347, 0.0 ] ] ] ] } },
{ "type": "Feature", "properties": { "OBJECTID": 127, "NO_DI": 76, "NAMA_DI": "DI Kaliluruk", "STATUS": "DI Sesuai Permen PUPR No. 14/2015", "KETERANGAN": "14,7487059388952", "KABUPATEN": "KAB. SEMARANG", "LUAS_HA": 15, "Kecamatan": "Ambarawa", "Desa": "Pasekan", "NO": 134, "Shape_Leng": 0.07703093739, "Shape_Area": 1.208408e-05 }, "geometry": { "type": "MultiPolygon", "coordinates": [ [ [ [ 110.385476196000013, -7.242204639000025, 0.0 ], [ 110.385450645, -7.24220535299998, 0.0 ], [ 110.385340209999981, -7.242208445000021, 0.0 ], [ 110.385239320999972, -7.242198927, 0.0 ], [ 110.385073711000018, -7.24220083, 0.0 ], [ 110.385056226569304, -7.24220161760039, 0.0 ], [ 110.385092999442406, -7.242192999507267, 0.0 ], [ 110.385144999142483, -7.242185999184471, 0.0 ], [ 110.385204000064618, -7.242183999991539, 0.0 ], [ 110.385216999764793, -7.242183999991539, 0.0 ], [ 110.385301000041181, -7.242177999714841, 0.0 ], [ 110.385356999925648, -7.242150998469754, 0.0 ], [ 110.385433000732462, -7.24213999886183, 0.0 ], [ 110.385470564515003, -7.242154828682374, 0.0 ], [ 110.38550899974058, -7.242169999345947, 0.0 ], [ 110.385515961953743, -7.242175337178366, 0.0 ], [ 110.385476196000013, -7.242204639000025, 0.0 ] ] ], [ [ [ 110.384862414999986, -7.242210348, 0.0 ], [ 110.384813824385816, -7.242212537331413, 0.0 ], [ 110.384816999305144, -7.242210999438043, 0.0 ], [ 110.384893000111902, -7.242196998792394, 0.0 ], [ 110.384905252475505, -7.242198619370754, 0.0 ], [ 110.384960476582236, -7.242205930736358, 0.0 ], [ 110.384862414999986, -7.242210348, 0.0 ] ] ] ] } },
{ "type": "Feature", "properties": { "OBJECTID": 375, "NO_DI": 258, "NAMA_DI": "DI Sipengkok A", "STATUS": "DI Sesuai Permen PUPR No. 14/2015", "KETERANGAN": "27,8699249559496", "KABUPATEN": "KAB. SEMARANG", "LUAS_HA": 28, "Kecamatan": "Ambarawa", "Desa": "Bandungan", "NO": 397, "Shape_Leng": 0.06490224778000001, "Shape_Area": 2.283453e-05 }, "geometry": { "type": "MultiPolygon", "coordinates": [ [ [ [ 110.389974258293435, -7.23496170723706, 0.0 ], [ 110.38996705963217, -7.234945253420676, 0.0 ], [ 110.38996408557415, -7.234924435014591, 0.0 ], [ 110.38996705963217, -7.234888742721239, 0.0 ], [ 110.389984905778817, -7.234835202482543, 0.0 ], [ 110.389999778766821, -7.234778691783163, 0.0 ], [ 110.390011674998846, -7.234731103257786, 0.0 ], [ 110.390023742674941, -7.234706967905622, 0.0 ], [ 110.389974258293435, -7.23496170723706, 0.0 ] ] ] ] } }
]
}
